 Image darkroom:latest Building 
#1 [internal] load local bake definitions
#1 reading from stdin 640B done
#1 DONE 0.0s

#2 [internal] load build definition from Dockerfile
#2 transferring dockerfile: 5.98kB done
#2 DONE 0.0s

#3 [internal] load metadata for docker.io/library/ubuntu:24.04
#3 DONE 0.6s

#4 [internal] load metadata for lscr.io/linuxserver/baseimage-kasmvnc:ubuntunoble
#4 DONE 0.7s

#5 [internal] load .dockerignore
#5 transferring context: 59B done
#5 DONE 0.0s

#6 [runtime 1/8] FROM lscr.io/linuxserver/baseimage-kasmvnc:ubuntunoble@sha256:c6d902c207d6e4a66ca41ce36dda549cd58a5bc8d353468b24b0cf780eb528c8
#6 CACHED

#7 [builder 1/6] FROM docker.io/library/ubuntu:24.04@sha256:c4a8d5503dfb2a3eb8ab5f807da5bc69a85730fb49b5cfca2330194ebcc41c7b
#7 CACHED

#8 [internal] load build context
#8 transferring context: 123B done
#8 DONE 0.0s

#9 [builder 2/6] RUN apt-get update && apt-get install -y --no-install-recommends     build-essential cmake ninja-build git intltool gettext     appstream-util desktop-file-utils     libarchive-dev libatk1.0-dev libavif-dev libcairo2-dev     libcolord-dev libcolord-gtk-dev libcups2-dev libcurl4-gnutls-dev     libexiv2-dev libgdk-pixbuf-2.0-dev libglib2.0-dev libgmic-dev     libgphoto2-dev libgraphicsmagick1-dev libgtk-3-dev libheif-dev     libjpeg-dev libjson-glib-dev liblcms2-dev liblensfun-dev     liblua5.4-dev libopenexr-dev libopenjp2-7-dev     libosmgpsmap-1.0-dev libpango1.0-dev libpng-dev libportmidi-dev     libpotrace-dev libpugixml-dev libraw-dev librsvg2-dev     libsqlite3-dev libtiff5-dev libwebp-dev libx11-dev     libxml2-dev libxml2-utils zlib1g-dev libsdl2-dev     libsecret-1-dev po4a python3-jsonschema xsltproc perl     opencl-headers ocl-icd-opencl-dev     curl     && rm -rf /var/lib/apt/lists/*
#9 0.672 Get:1 http://archive.ubuntu.com/ubuntu noble InRelease [256 kB]
#9 0.730 Get:2 http://security.ubuntu.com/ubuntu noble-security InRelease [126 kB]
#9 1.260 Get:3 http://security.ubuntu.com/ubuntu noble-security/restricted amd64 Packages [3683 kB]
#9 1.343 Get:4 http://archive.ubuntu.com/ubuntu noble-updates InRelease [126 kB]
#9 1.381 Get:5 http://security.ubuntu.com/ubuntu noble-security/universe amd64 Packages [1511 kB]
#9 1.417 Get:6 http://security.ubuntu.com/ubuntu noble-security/multiverse amd64 Packages [48.4 kB]
#9 1.419 Get:7 http://security.ubuntu.com/ubuntu noble-security/main amd64 Packages [2081 kB]
#9 1.621 Get:8 http://archive.ubuntu.com/ubuntu noble-backports InRelease [126 kB]
#9 2.103 Get:9 http://archive.ubuntu.com/ubuntu noble/main amd64 Packages [1808 kB]
#9 2.310 Get:10 http://archive.ubuntu.com/ubuntu noble/universe amd64 Packages [19.3 MB]
#9 2.881 Get:11 http://archive.ubuntu.com/ubuntu noble/restricted amd64 Packages [117 kB]
#9 2.884 Get:12 http://archive.ubuntu.com/ubuntu noble/multiverse amd64 Packages [331 kB]
#9 2.890 Get:13 http://archive.ubuntu.com/ubuntu noble-updates/main amd64 Packages [2507 kB]
#9 2.911 Get:14 http://archive.ubuntu.com/ubuntu noble-updates/multiverse amd64 Packages [54.6 kB]
#9 2.924 Get:15 http://archive.ubuntu.com/ubuntu noble-updates/universe amd64 Packages [2154 kB]
#9 2.955 Get:16 http://archive.ubuntu.com/ubuntu noble-updates/restricted amd64 Packages [4013 kB]
#9 3.024 Get:17 http://archive.ubuntu.com/ubuntu noble-backports/universe amd64 Packages [35.9 kB]
#9 3.025 Get:18 http://archive.ubuntu.com/ubuntu noble-backports/main amd64 Packages [49.0 kB]
#9 3.026 Get:19 http://archive.ubuntu.com/ubuntu noble-backports/multiverse amd64 Packages [671 B]
#9 4.278 Fetched 38.3 MB in 4s (10.2 MB/s)
#9 4.278 Reading package lists...
#9 5.789 Reading package lists...
#9 7.286 Building dependency tree...
#9 7.655 Reading state information...
#9 8.143 The following additional packages will be installed:
#9 8.143   adduser adwaita-icon-theme at-spi2-common autoconf automake autotools-dev
#9 8.143   binutils binutils-common binutils-x86-64-linux-gnu bzip2 ca-certificates
#9 8.143   cmake-data comerr-dev cpp cpp-13 cpp-13-x86-64-linux-gnu
#9 8.143   cpp-x86-64-linux-gnu dbus dbus-bin dbus-daemon dbus-session-bus-common
#9 8.143   dbus-system-bus-common dbus-user-session dconf-gsettings-backend
#9 8.143   dconf-service dpkg dpkg-dev file fontconfig fontconfig-config
#9 8.143   fonts-dejavu-core fonts-dejavu-mono g++ g++-13 g++-13-x86-64-linux-gnu
#9 8.143   g++-x86-64-linux-gnu gcc gcc-13 gcc-13-base gcc-13-x86-64-linux-gnu
#9 8.143   gcc-x86-64-linux-gnu gdal-data gdal-plugins gettext-base gir1.2-atk-1.0
#9 8.143   gir1.2-atspi-2.0 gir1.2-colord-1.0 gir1.2-colordgtk-1.0 gir1.2-freedesktop
#9 8.143   gir1.2-freedesktop-dev gir1.2-gdkpixbuf-2.0 gir1.2-girepository-2.0
#9 8.143   gir1.2-girepository-2.0-dev gir1.2-glib-2.0 gir1.2-glib-2.0-dev
#9 8.143   gir1.2-gtk-3.0 gir1.2-harfbuzz-0.0 gir1.2-ibus-1.0 gir1.2-json-1.0
#9 8.143   gir1.2-osmgpsmap-1.0 gir1.2-pango-1.0 gir1.2-rsvg-2.0 gir1.2-secret-1
#9 8.143   gir1.2-soup-2.4 git-man glib-networking glib-networking-common
#9 8.143   glib-networking-services gobject-introspection gobject-introspection-bin
#9 8.143   gsettings-desktop-schemas gtk-update-icon-cache hicolor-icon-theme
#9 8.143   humanity-icon-theme icu-devtools iso-codes libabsl20220623t64 libacl1-dev
#9 8.143   libaec0 libaom-dev libaom3 libapparmor1 libappstream-glib8 libarchive13t64
#9 8.143   libargon2-1 libarmadillo12 libarpack2t64 libasan8 libasound2-data
#9 8.143   libasound2-dev libasound2t64 libasyncns0 libatk-bridge2.0-0t64
#9 8.143   libatk-bridge2.0-dev libatk1.0-0t64 libatomic1 libatspi2.0-0t64
#9 8.143   libatspi2.0-dev libattr1-dev libavahi-client3 libavahi-common-data
#9 8.143   libavahi-common3 libavcodec60 libavformat60 libavif16 libavutil58
#9 8.143   libbinutils libblas3 libblkid-dev libblosc1 libbluray2 libbrotli-dev
#9 8.143   libbrotli1 libbsd0 libbz2-dev libc-dev-bin libc6-dev libcairo-gobject2
#9 8.143   libcairo-script-interpreter2 libcairo2 libcap2 libcap2-bin libcc1-0
#9 8.143   libcfitsio10t64 libcharls2 libchromaprint1 libcjson1 libclone-perl
#9 8.143   libcodec2-1.2 libcolord-gtk-headers libcolord-gtk1t64 libcolord2
#9 8.143   libcrypt-dev libcryptsetup12 libctf-nobfd0 libctf0 libcups2t64
#9 8.143   libcupsimage2-dev libcupsimage2t64 libcurl3t64-gnutls libcurl4t64
#9 8.143   libdatrie-dev libdatrie1 libdav1d-dev libdav1d7 libdbus-1-3 libdbus-1-dev
#9 8.143   libdc1394-25 libdconf1 libde265-0 libde265-dev libdecor-0-0 libdecor-0-dev
#9 8.143   libdeflate-dev libdeflate0 libdevmapper1.02.1 libdpkg-perl libdrm-amdgpu1
#9 8.143   libdrm-common libdrm-dev libdrm-intel1 libdrm-nouveau2 libdrm-radeon1
#9 8.143   libdrm2 libduktape207 libdw1t64 libedit2 libegl-dev libegl-mesa0 libegl1
#9 8.143   libegl1-mesa-dev libelf1t64 libencode-locale-perl libepoxy-dev libepoxy0
#9 8.143   liberror-perl libexif-dev libexif12 libexiv2-27 libexpat1 libexpat1-dev
#9 8.143   libext2fs-dev libfdisk1 libffi-dev libfftw3-double3 libfile-listing-perl
#9 8.143   libflac12t64 libfontconfig-dev libfontconfig1 libfreetype-dev libfreetype6
#9 8.143   libfreexl1 libfribidi-dev libfribidi0 libfyba0t64 libgav1-1 libgbm-dev
#9 8.143   libgbm1 libgcc-13-dev libgcrypt20 libgcrypt20-dev libgd3 libgdal34t64
#9 8.143   libgdbm-compat4t64 libgdbm6t64 libgdcm3.0t64 libgdk-pixbuf-2.0-0
#9 8.143   libgdk-pixbuf2.0-bin libgdk-pixbuf2.0-common libgeos-c1t64 libgeos3.12.1t64
#9 8.143   libgeotiff5 libgfortran5 libgif7 libgirepository-1.0-1
#9 8.143   libgirepository-1.0-dev libgirepository-2.0-0 libgirepository1.0-dev
#9 8.143   libgl-dev libgl1 libgl1-mesa-dri libgles-dev libgles1 libgles2
#9 8.143   libglib2.0-0t64 libglib2.0-bin libglib2.0-data libglib2.0-dev-bin
#9 8.143   libglvnd-core-dev libglvnd-dev libglvnd0 libglx-dev libglx-mesa0 libglx0
#9 8.143   libgme0 libgmic1 libgmp-dev libgmpxx4ldbl libgomp1 libgpg-error-dev
#9 8.143   libgphoto2-6t64 libgphoto2-port12t64 libgprofng0
#9 8.143   libgraphicsmagick++-q16-12t64 libgraphicsmagick-q16-3t64 libgraphite2-3
#9 8.144   libgraphite2-dev libgsm1 libgssapi-krb5-2 libgstreamer-plugins-base1.0-0
#9 8.144   libgstreamer1.0-0 libgtk-3-0t64 libgtk-3-common libharfbuzz-cairo0
#9 8.144   libharfbuzz-dev libharfbuzz-gobject0 libharfbuzz-icu0 libharfbuzz-subset0
#9 8.144   libharfbuzz0b libhdf4-0-alt libhdf5-103-1t64 libhdf5-hl-100t64
#9 8.144   libheif-plugin-aomdec libheif1 libhtml-parser-perl libhtml-tagset-perl
#9 8.144   libhtml-tree-perl libhttp-cookies-perl libhttp-date-perl
#9 8.144   libhttp-message-perl libhttp-negotiate-perl libhwasan0 libhwloc15 libhwy-dev
#9 8.144   libhwy1t64 libibus-1.0-5 libibus-1.0-dev libice-dev libice6 libicu-dev
#9 8.144   libicu74 libimath-3-1-29t64 libimath-dev libio-html-perl
#9 8.144   libio-socket-ssl-perl libisl23 libitm1 libjansson4 libjbig-dev libjbig0
#9 8.144   libjpeg-turbo8 libjpeg-turbo8-dev libjpeg8 libjpeg8-dev libjson-c5
#9 8.144   libjson-glib-1.0-0 libjson-glib-1.0-common libjsoncpp25 libjxl-dev libjxl0.7
#9 8.144   libk5crypto3 libkeyutils1 libkmlbase1t64 libkmldom1t64 libkmlengine1t64
#9 8.144   libkmod2 libkrb5-3 libkrb5support0 liblapack3 liblcms2-2 libldap2
#9 8.144   liblensfun-data-v1 liblensfun1 liblerc-dev liblerc4 libllvm20 liblsan0
#9 8.144   libltdl-dev libltdl7 liblua5.4-0 liblwp-mediatypes-perl
#9 8.144   liblwp-protocol-https-perl liblz4-dev liblzma-dev liblzo2-2 libmagic-mgc
#9 8.144   libmagic1t64 libmbedcrypto7t64 libminizip1t64 libmount-dev libmp3lame0
#9 8.144   libmpc3 libmpfr6 libmpg123-0t64 libmysqlclient21 libncurses-dev libncurses6
#9 8.144   libnet-http-perl libnet-ssleay-perl libnetcdf19t64 libnghttp2-14 libnorm1t64
#9 8.144   libnspr4 libnss3 libnuma1 libodbc2 libodbcinst2 libogdi4.1 libogg0
#9 8.144   libopencv-core406t64 libopencv-imgcodecs406t64 libopencv-imgproc406t64
#9 8.144   libopencv-videoio406t64 libopenexr-3-1-30 libopengl-dev libopengl0
#9 8.144   libopenjp2-7 libopenmpt0t64 libopus0 liborc-0.4-0t64 libosmgpsmap-1.0-1
#9 8.144   libosp5 libpam-systemd libpango-1.0-0 libpangocairo-1.0-0 libpangoft2-1.0-0
#9 8.144   libpangoxft-1.0-0 libpciaccess-dev libpciaccess0 libpcre2-16-0 libpcre2-32-0
#9 8.144   libpcre2-dev libpcre2-posix3 libperl5.38t64 libpgm-5.3-0t64 libpixman-1-0
#9 8.144   libpixman-1-dev libpkgconf3 libpng16-16t64 libpod-parser-perl libpoppler134
#9 8.144   libportmidi0 libpotrace0 libpq5 libproj25 libproxy1v5 libpsl-dev libpsl5t64
#9 8.144   libpthread-stubs0-dev libpugixml1v5 libpulse-dev libpulse-mainloop-glib0
#9 8.144   libpulse0 libpython3-stdlib libpython3.12-minimal libpython3.12-stdlib
#9 8.147   libqhull-r8.0 libquadmath0 librabbitmq4 librav1e0 libraw1394-11 libraw23t64
#9 8.147   libreadline-dev libreadline8t64 librhash0 librist4 librsvg2-2
#9 8.147   librsvg2-common librtmp1 librttopo1 libsamplerate0 libsamplerate0-dev
#9 8.147   libsasl2-2 libsasl2-modules-db libsdl2-2.0-0 libsecret-1-0 libsecret-common
#9 8.147   libselinux1-dev libsensors-config libsensors5 libsepol-dev libsframe1
#9 8.147   libsgmls-perl libsharpyuv-dev libsharpyuv0 libshine3 libsm-dev libsm6
#9 8.147   libsnappy1v5 libsndfile1 libsndio-dev libsndio7.0 libsocket++1 libsodium23
#9 8.147   libsoup-2.4-1 libsoup-gnome-2.4-1 libsoup2.4-common libsoup2.4-dev libsoxr0
#9 8.147   libspatialite8t64 libspeex1 libsqlite3-0 libsrt1.5-gnutls libssh-4
#9 8.147   libssh-gcrypt-4 libstdc++-13-dev libstemmer0d libsuperlu6 libsvtav1enc1d1
#9 8.147   libswresample4 libswscale7 libsyntax-keyword-try-perl libsystemd-shared
#9 8.147   libsz2 libtbb12 libtbbbind-2-5 libtbbmalloc2 libthai-data libthai-dev
#9 8.147   libthai0 libtheora0 libtiff-dev libtiff6 libtiffxx6 libtimedate-perl
#9 8.147   libtirpc-common libtirpc3t64 libtry-tiny-perl libtsan2 libtwolame0 libubsan1
#9 8.147   libudev-dev libudfread0 libunwind8 liburi-perl liburiparser1 libusb-1.0-0
#9 8.147   libuv1t64 libva-drm2 libva-x11-2 libva2 libvdpau1 libvorbis0a libvorbisenc2
#9 8.147   libvorbisfile3 libvpl2 libvpx9 libvulkan1 libwayland-bin libwayland-client0
#9 8.147   libwayland-cursor0 libwayland-dev libwayland-egl1 libwayland-server0
#9 8.147   libwebp7 libwebpdecoder3 libwebpdemux2 libwebpmux3 libwmf-0.2-7 libwmf-dev
#9 8.147   libwmflite-0.2-7 libwww-perl libwww-robotrules-perl libx11-6 libx11-data
#9 8.147   libx11-xcb1 libx264-164 libx265-199 libx265-dev libxau-dev libxau6
#9 8.147   libxcb-dri3-0 libxcb-glx0 libxcb-present0 libxcb-randr0 libxcb-render0
#9 8.147   libxcb-render0-dev libxcb-shm0 libxcb-shm0-dev libxcb-sync1 libxcb-xfixes0
#9 8.147   libxcb1 libxcb1-dev libxcomposite-dev libxcomposite1 libxcursor-dev
#9 8.147   libxcursor1 libxdamage-dev libxdamage1 libxdmcp-dev libxdmcp6
#9 8.147   libxerces-c3.2t64 libxext-dev libxext6 libxfixes-dev libxfixes3 libxft-dev
#9 8.147   libxft2 libxi-dev libxi6 libxinerama-dev libxinerama1 libxkbcommon-dev
#9 8.147   libxkbcommon0 libxml-parser-perl libxml2 libxpm4 libxrandr-dev libxrandr2
#9 8.147   libxrender-dev libxrender1 libxs-parse-keyword-perl libxshmfence1 libxslt1.1
#9 8.147   libxss-dev libxss1 libxt-dev libxt6t64 libxtst-dev libxtst6 libxv-dev libxv1
#9 8.147   libxvidcore4 libxxf86vm-dev libxxf86vm1 libyaml-0-2 libyaml-tiny-perl
#9 8.147   libyuv0 libzmq5 libzstd-dev libzvbi-common libzvbi0t64 linux-libc-dev
#9 8.147   lto-disabled-list m4 make media-types mesa-libgallium mysql-common netbase
#9 8.147   nettle-dev ocl-icd-libopencl1 opencl-c-headers opencl-clhpp-headers opensp
#9 8.147   openssl pango1.0-tools patch perl-modules-5.38 perl-openssl-defaults pkgconf
#9 8.147   pkgconf-bin proj-data python3 python3-attr python3-mako python3-markdown
#9 8.147   python3-markupsafe python3-minimal python3-packaging python3-pkg-resources
#9 8.147   python3-pyrsistent python3-setuptools python3.12 python3.12-minimal
#9 8.147   readline-common rpcsvc-proto session-migration sgml-base shared-mime-info
#9 8.147   systemd systemd-dev systemd-sysv tzdata ubuntu-mono unixodbc-common uuid-dev
#9 8.147   wayland-protocols x11-common x11proto-core-dev x11proto-dev xkb-data
#9 8.147   xml-core xorg-sgml-doctools xtrans-dev xz-utils
#9 8.149 Suggested packages:
#9 8.149   liblocale-gettext-perl cron quota ecryptfs-utils autoconf-archive
#9 8.149   gnu-standards autoconf-doc libtool binutils-doc gprofng-gui bzip2-doc
#9 8.149   cmake-doc cmake-format elpa-cmake-mode doc-base cpp-doc gcc-13-locales
#9 8.149   cpp-13-doc debsig-verify debian-keyring g++-multilib g++-13-multilib
#9 8.149   gcc-13-doc gcc-multilib manpages-dev flex bison gdb gcc-doc gcc-13-multilib
#9 8.149   gdb-x86-64-linux-gnu autopoint gettext-doc libasprintf-dev libgettextpo-dev
#9 8.149   git-daemon-run | git-daemon-sysvinit git-doc git-email git-gui gitk gitweb
#9 8.149   git-cvs git-mediawiki git-svn isoquery lrzip alsa-utils libasound2-doc
#9 8.149   libasound2-plugins libcuda1 libnvcuvid1 libnvidia-encode1 libbluray-bdj
#9 8.149   glibc-doc libcairo2-doc libcolord-gtk-docs colord cups-common libcurl4-doc
#9 8.149   libgnutls28-dev libidn-dev libkrb5-dev libldap2-dev librtmp-dev
#9 8.149   libssh2-1-dev libdatrie-doc gnupg | sq | sqop | pgpainless-cli
#9 8.149   | sequoia-chameleon-gnupg bzr exiv2 libexiv2-doc libfftw3-bin libfftw3-dev
#9 8.149   freetype2-doc rng-tools libgcrypt20-doc libgd-tools gdbm-l10n geotiff-bin
#9 8.149   gdal-bin libgeotiff-epsg libgirepository1.0-doc low-memory-monitor
#9 8.149   libglib2.0-doc gmp-doc libgmp10-doc libmpfr-dev gphoto2 graphicsmagick-dbg
#9 8.149   graphicsmagick libgraphite2-utils krb5-doc krb5-user libvisual-0.4-plugins
#9 8.149   gstreamer1.0-tools gvfs libgtk-3-doc libhdf4-doc libhdf4-alt-dev hdf4-tools
#9 8.149   libheif-plugin-libde265 libheif-plugin-x265 libheif-plugin-ffmpegdec
#9 8.149   libheif-plugin-jpegdec libheif-plugin-jpegenc libheif-plugin-j2kdec
#9 8.149   libheif-plugin-j2kenc libheif-plugin-rav1e libheif-plugin-svtenc
#9 8.149   libdata-dump-perl libio-compress-brotli-perl libhwloc-contrib-plugins
#9 8.149   libice-doc icu-doc libjson-glib-doc liblcms2-utils libtool-doc
#9 8.149   libcrypt-ssleay-perl liblzma-doc ncurses-doc odbc-postgresql tdsodbc
#9 8.149   ogdi-bin opus-tools libpango1.0-doc pciutils proj-bin pulseaudio
#9 8.149   libraw1394-doc readline-doc librsvg2-bin librsvg2-doc xdg-utils lm-sensors
#9 8.149   sgmlspl sgmls-doc libsm-doc sndiod libsoup2.4-doc speex sqlite3-doc
#9 8.149   libstdc++-13-doc libthai-doc libsub-name-perl libbusiness-isbn-perl
#9 8.149   libregexp-ipv6-perl libwayland-doc libwmf-0.2-7-gtk libwmf-doc
#9 8.149   libauthen-ntlm-perl libx11-doc libx265-doc libxcb-doc libxext-doc libxt-doc
#9 8.149   m4-doc make-doc opencl-icd opencl-clhpp-headers-doc sgml-data ed
#9 8.149   diffutils-doc perl-doc libterm-readline-gnu-perl
#9 8.149   | libterm-readline-perl-perl libtap-harness-archive-perl debhelper
#9 8.149   python3-doc python3-tk python3-venv python-attr-doc python-jsonschema-doc
#9 8.149   python3-rfc3987 python3-uritemplate python3-webcolors python-mako-doc
#9 8.149   python3-beaker python-markdown-doc python-setuptools-doc python3.12-venv
#9 8.149   python3.12-doc binfmt-support sgml-base-doc systemd-container systemd-homed
#9 8.149   systemd-userdbd systemd-boot libfido2-1 libip4tc2 libqrencode4
#9 8.149   libtss2-esys-3.0.2-0 libtss2-mu-4.0.1-0 libtss2-rc0 libtss2-tcti-device0
#9 8.149   polkitd
#9 8.149 Recommended packages:
#9 8.149   fakeroot gnupg | sq | sqop | pgpainless-cli | sequoia-chameleon-gnupg
#9 8.149   libalgorithm-merge-perl less ssh-client alsa-ucm-conf alsa-topology-conf
#9 8.149   at-spi2-core libaacs0 bzip2-doc manpages manpages-dev libc-devtools
#9 8.149   libpam-cap colord libcupsfilters-dev libcupsfilters2
#9 8.149   default-libdecor-0-plugin-1 | libdecor-0-plugin-1 dmsetup
#9 8.149   libfile-fcntllock-perl liblocale-gettext-perl libexif-doc proj-bin
#9 8.149   xdg-user-dirs libgphoto2-l10n ghostscript fonts-urw-base35
#9 8.149   gstreamer1.0-plugins-base libgtk-3-bin libheif-plugin-aomenc
#9 8.149   libhtml-format-perl libhwloc-plugins krb5-locales libldap-common libtool
#9 8.149   libtool-bin libgpm2 libpng-tools poppler-data publicsuffix libsasl2-modules
#9 8.149   va-driver-all | va-driver vdpau-driver-all | vdpau-driver
#9 8.149   mesa-vulkan-drivers | vulkan-icd libdata-dump-perl libhtml-form-perl
#9 8.149   libhttp-daemon-perl libmailtools-perl libterm-readkey-perl
#9 8.149   libtext-wrapi18n-perl libunicode-linebreak-perl python3-idna
#9 8.149   python3-json-pointer python3-pygments python3-yaml networkd-dispatcher
#9 8.149   systemd-timesyncd | time-daemon systemd-resolved libnss-systemd
#9 ...

#10 [runtime 2/8] RUN apt-get update && apt-get install -y --no-install-recommends     libarchive13 libavif16 libcairo2 libcolord2 libcolord-gtk1     libcurl3-gnutls libexiv2-27 libglib2.0-0 libgmic1     libgphoto2-6 libgraphicsmagick-q16-3 libgtk-3-0 libheif1     libjpeg8 libjson-glib-1.0-0 liblcms2-2 liblensfun1     liblua5.4-0 libopenexr-3-1-30 libopenjp2-7     libosmgpsmap-1.0-1 libpng16-16 libportmidi0 libpotrace0     libpugixml1v5 libraw23 librsvg2-2 libsqlite3-0 libtiff6     libwebp7 libx11-6 libxml2 zlib1g libsdl2-2.0-0     libsecret-1-0 lua5.4     pocl-opencl-icd     libgdk-pixbuf2.0-bin shared-mime-info     python3-xdg     xkb-data     && rm -rf /var/lib/apt/lists/*     && (/usr/lib/x86_64-linux-gnu/gdk-pixbuf-2.0/gdk-pixbuf-query-loaders --update-cache || true)     && update-mime-database /usr/share/mime
#10 0.535 Get:1 https://download.docker.com/linux/ubuntu noble InRelease [48.5 kB]
#10 0.613 Get:2 http://archive.ubuntu.com/ubuntu noble InRelease [256 kB]
#10 0.634 Get:3 https://download.docker.com/linux/ubuntu noble/stable amd64 Packages [67.5 kB]
#10 0.997 Get:4 http://archive.ubuntu.com/ubuntu noble-updates InRelease [126 kB]
#10 1.234 Get:5 http://archive.ubuntu.com/ubuntu noble-security InRelease [126 kB]
#10 1.374 Get:6 http://archive.ubuntu.com/ubuntu noble/universe Sources [24.3 MB]
#10 1.823 Get:7 http://archive.ubuntu.com/ubuntu noble/restricted Sources [21.8 kB]
#10 1.844 Get:8 http://archive.ubuntu.com/ubuntu noble/main Sources [1,713 kB]
#10 1.863 Get:9 http://archive.ubuntu.com/ubuntu noble/multiverse Sources [355 kB]
#10 1.866 Get:10 http://archive.ubuntu.com/ubuntu noble/restricted amd64 Packages [117 kB]
#10 1.869 Get:11 http://archive.ubuntu.com/ubuntu noble/main amd64 Packages [1,808 kB]
#10 1.887 Get:12 http://archive.ubuntu.com/ubuntu noble/multiverse amd64 Packages [331 kB]
#10 1.893 Get:13 http://archive.ubuntu.com/ubuntu noble/universe amd64 Packages [19.3 MB]
#10 2.188 Get:14 http://archive.ubuntu.com/ubuntu noble-updates/multiverse Sources [30.2 kB]
#10 2.189 Get:15 http://archive.ubuntu.com/ubuntu noble-updates/universe Sources [520 kB]
#10 2.195 Get:16 http://archive.ubuntu.com/ubuntu noble-updates/restricted Sources [85.0 kB]
#10 2.196 Get:17 http://archive.ubuntu.com/ubuntu noble-updates/main Sources [494 kB]
#10 2.201 Get:18 http://archive.ubuntu.com/ubuntu noble-updates/main amd64 Packages [2,507 kB]
#10 2.234 Get:19 http://archive.ubuntu.com/ubuntu noble-updates/multiverse amd64 Packages [54.6 kB]
#10 2.236 Get:20 http://archive.ubuntu.com/ubuntu noble-updates/universe amd64 Packages [2,154 kB]
#10 2.263 Get:21 http://archive.ubuntu.com/ubuntu noble-updates/restricted amd64 Packages [4,013 kB]
#10 2.332 Get:22 http://archive.ubuntu.com/ubuntu noble-security/multiverse Sources [24.6 kB]
#10 2.335 Get:23 http://archive.ubuntu.com/ubuntu noble-security/restricted Sources [77.4 kB]
#10 2.336 Get:24 http://archive.ubuntu.com/ubuntu noble-security/universe Sources [348 kB]
#10 2.340 Get:25 http://archive.ubuntu.com/ubuntu noble-security/main Sources [270 kB]
#10 2.344 Get:26 http://archive.ubuntu.com/ubuntu noble-security/restricted amd64 Packages [3,683 kB]
#10 2.421 Get:27 http://archive.ubuntu.com/ubuntu noble-security/main amd64 Packages [2,081 kB]
#10 2.516 Get:28 http://archive.ubuntu.com/ubuntu noble-security/universe amd64 Packages [1,511 kB]
#10 2.568 Get:29 http://archive.ubuntu.com/ubuntu noble-security/multiverse amd64 Packages [48.4 kB]
#10 5.101 Fetched 66.5 MB in 5s (14.4 MB/s)
#10 5.101 Reading package lists...
#10 6.658 Reading package lists...
#10 8.202 Building dependency tree...
#10 8.456 Reading state information...
#10 8.962 libcairo2 is already the newest version (1.18.0-3build1).
#10 8.962 libcairo2 set to manually installed.
#10 8.962 libjpeg8 is already the newest version (8c-2ubuntu11).
#10 8.962 libjpeg8 set to manually installed.
#10 8.962 libjson-glib-1.0-0 is already the newest version (1.8.0-2build2).
#10 8.962 libjson-glib-1.0-0 set to manually installed.
#10 8.962 librsvg2-2 is already the newest version (2.58.0+dfsg-1build1).
#10 8.962 librsvg2-2 set to manually installed.
#10 8.962 libwebp7 is already the newest version (1.3.2-0.4build3).
#10 8.962 libx11-6 is already the newest version (2:1.8.7-1build1).
#10 8.962 zlib1g is already the newest version (1:1.3.dfsg-3.1ubuntu2.1).
#10 8.962 libsdl2-2.0-0 is already the newest version (2.30.0+dfsg-1ubuntu3.1).
#10 8.962 libsdl2-2.0-0 set to manually installed.
#10 8.962 shared-mime-info is already the newest version (2.4-4).
#10 8.962 shared-mime-info set to manually installed.
#10 8.962 xkb-data is already the newest version (2.41-2ubuntu1.1).
#10 8.962 The following packages were automatically installed and are no longer required:
#10 8.963   libde265-0 libheif-plugin-libde265
#10 8.963 Use 'apt autoremove' to remove them.
#10 8.964 The following additional packages will be installed:
#10 8.964   adwaita-icon-theme at-spi2-common binutils binutils-common
#10 8.964   binutils-x86-64-linux-gnu clang-16 cpp-13 cpp-13-x86-64-linux-gnu curl
#10 8.964   gcc-13-base gcc-14-base gdal-data gdal-plugins gir1.2-glib-2.0
#10 8.964   gtk-update-icon-cache hicolor-icon-theme humanity-icon-theme
#10 8.964   libabsl20220623t64 libaec0 libarmadillo12 libarpack2t64 libasan8
#10 8.964   libatk-bridge2.0-0t64 libatk1.0-0t64 libatomic1 libatspi2.0-0t64 libbinutils
#10 8.964   libblosc1 libc-bin libc-dev-bin libc6 libc6-dev libcfitsio10t64 libcharls2
#10 8.964   libclang-common-16-dev libclang-cpp16t64 libclang1-16t64 libcrypt-dev
#10 8.965   libctf-nobfd0 libctf0 libcurl4t64 libfreexl1 libfyba0t64 libgav1-1 libgc1
#10 8.965   libgcc-13-dev libgcc-s1 libgd3 libgdal34t64 libgdcm3.0t64
#10 8.965   libgdk-pixbuf-2.0-0 libgdk-pixbuf2.0-common libgeos-c1t64 libgeos3.12.1t64
#10 8.965   libgeotiff5 libgfortran5 libglib2.0-bin libglib2.0-data libgomp1
#10 8.965   libgphoto2-port12t64 libgprofng0 libgraphicsmagick++-q16-12t64
#10 8.965   libgtk-3-common libhdf4-0-alt libhdf5-103-1t64 libhdf5-hl-100t64
#10 8.965   libheif-plugin-aomdec libheif-plugin-libde265 libhwasan0 libhwloc15
#10 8.965   libimath-3-1-29t64 libitm1 libjansson4 libkmlbase1t64 libkmldom1t64
#10 8.965   libkmlengine1t64 liblensfun-data-v1 libllvm16t64 liblsan0 libminizip1t64
#10 8.965   libmysqlclient21 libnetcdf19t64 libobjc-13-dev libobjc4 libodbc2
#10 8.965   libodbcinst2 libogdi4.1 libopencv-core406t64 libopencv-imgcodecs406t64
#10 8.965   libopencv-imgproc406t64 libopencv-videoio406t64 libpocl2-common libpocl2t64
#10 8.965   libpq5 libproj25 libqhull-r8.0 libquadmath0 librttopo1 libsecret-common
#10 8.965   libsframe1 libsocket++1 libsoup-2.4-1 libsoup2.4-common libspatialite8t64
#10 8.965   libstdc++-13-dev libstdc++6 libsuperlu6 libsz2 libtbb12 libtbbbind-2-5
#10 8.965   libtbbmalloc2 libtsan2 libubsan1 liburiparser1 libwmflite-0.2-7
#10 8.966   libxerces-c3.2t64 libyuv0 linux-libc-dev llvm-16-linker-tools locales
#10 8.966   locales-all mysql-common proj-data rpcsvc-proto ubuntu-mono unixodbc-common
#10 8.969 Suggested packages:
#10 8.969   binutils-doc gprofng-gui clang-16-doc wasi-libc gcc-13-locales cpp-13-doc
#10 8.969   lrzip manpages glibc-doc libnss-nis libnss-nisplus manpages-dev colord exiv2
#10 8.969   libgd-tools geotiff-bin gdal-bin libgeotiff-epsg low-memory-monitor gphoto2
#10 8.969   graphicsmagick-dbg gvfs libhdf4-doc libhdf4-alt-dev hdf4-tools
#10 8.969   libheif-plugin-x265 libheif-plugin-ffmpegdec libheif-plugin-jpegdec
#10 8.969   libheif-plugin-jpegenc libheif-plugin-j2kdec libheif-plugin-j2kenc
#10 8.969   libheif-plugin-rav1e libheif-plugin-svtenc libhwloc-contrib-plugins
#10 8.969   liblcms2-utils odbc-postgresql tdsodbc ogdi-bin proj-bin libstdc++-13-doc
#10 8.969   python-pyxdg-doc
#10 8.969 Recommended packages:
#10 8.969   librsvg2-common llvm-16-dev at-spi2-core manpages manpages-dev libc-devtools
#10 8.969   libclang-rt-16-dev colord proj-bin xdg-user-dirs libgphoto2-l10n
#10 8.969   libgtk-3-bin libheif-plugin-aomenc libhwloc-plugins
#10 9.586 The following NEW packages will be installed:
#10 9.587   adwaita-icon-theme at-spi2-common binutils binutils-common
#10 9.587   binutils-x86-64-linux-gnu clang-16 gdal-data gdal-plugins
#10 9.587   gtk-update-icon-cache hicolor-icon-theme humanity-icon-theme
#10 9.587   libabsl20220623t64 libaec0 libarchive13t64 libarmadillo12 libarpack2t64
#10 9.587   libasan8 libatk-bridge2.0-0t64 libatk1.0-0t64 libatomic1 libatspi2.0-0t64
#10 9.587   libavif16 libbinutils libblosc1 libc-dev-bin libc6-dev libcfitsio10t64
#10 9.587   libcharls2 libclang-common-16-dev libclang-cpp16t64 libclang1-16t64
#10 9.587   libcolord-gtk1t64 libcolord2 libcrypt-dev libctf-nobfd0 libctf0 libexiv2-27
#10 9.587   libfreexl1 libfyba0t64 libgav1-1 libgc1 libgcc-13-dev libgd3 libgdal34t64
#10 9.587   libgdcm3.0t64 libgdk-pixbuf2.0-bin libgeos-c1t64 libgeos3.12.1t64
#10 9.587   libgeotiff5 libgmic1 libgphoto2-6t64 libgphoto2-port12t64 libgprofng0
#10 9.587   libgraphicsmagick++-q16-12t64 libgraphicsmagick-q16-3t64 libgtk-3-0t64
#10 9.587   libgtk-3-common libhdf4-0-alt libhdf5-103-1t64 libhdf5-hl-100t64 libhwasan0
#10 9.587   libhwloc15 libimath-3-1-29t64 libitm1 libjansson4 libkmlbase1t64
#10 9.587   libkmldom1t64 libkmlengine1t64 liblensfun-data-v1 liblensfun1 libllvm16t64
#10 9.587   liblsan0 liblua5.4-0 libminizip1t64 libmysqlclient21 libnetcdf19t64
#10 9.587   libobjc-13-dev libobjc4 libodbc2 libodbcinst2 libogdi4.1
#10 9.587   libopencv-core406t64 libopencv-imgcodecs406t64 libopencv-imgproc406t64
#10 9.587   libopencv-videoio406t64 libopenexr-3-1-30 libosmgpsmap-1.0-1 libpocl2-common
#10 9.587   libpocl2t64 libportmidi0 libpotrace0 libpq5 libproj25 libpugixml1v5
#10 9.588   libqhull-r8.0 libquadmath0 libraw23t64 librttopo1 libsecret-1-0
#10 9.588   libsecret-common libsframe1 libsocket++1 libsoup-2.4-1 libsoup2.4-common
#10 9.589   libspatialite8t64 libstdc++-13-dev libsuperlu6 libsz2 libtbb12
#10 9.589   libtbbbind-2-5 libtbbmalloc2 libtsan2 libubsan1 liburiparser1
#10 9.589   libwmflite-0.2-7 libxerces-c3.2t64 libyuv0 linux-libc-dev
#10 9.589   llvm-16-linker-tools lua5.4 mysql-common pocl-opencl-icd proj-data
#10 9.590   python3-xdg rpcsvc-proto ubuntu-mono unixodbc-common
#10 9.593 The following packages will be upgraded:
#10 9.593   cpp-13 cpp-13-x86-64-linux-gnu curl gcc-13-base gcc-14-base gir1.2-glib-2.0
#10 9.593   libc-bin libc6 libcurl3t64-gnutls libcurl4t64 libgcc-s1 libgdk-pixbuf-2.0-0
#10 9.593   libgdk-pixbuf2.0-common libgfortran5 libglib2.0-0t64 libglib2.0-bin
#10 9.593   libglib2.0-data libgomp1 libheif-plugin-aomdec libheif-plugin-libde265
#10 9.593   libheif1 liblcms2-2 libopenjp2-7 libpng16-16t64 libsqlite3-0 libstdc++6
#10 9.594   libtiff6 libxml2 locales locales-all
#10 9.673 30 upgraded, 127 newly installed, 0 to remove and 148 not upgraded.
#10 9.673 Need to get 176 MB of archives.
#10 9.673 After this operation, 650 MB of additional disk space will be used.
#10 9.673 Get:1 http://archive.ubuntu.com/ubuntu noble-updates/main amd64 gcc-14-base amd64 14.2.0-4ubuntu2~24.04.1 [51.0 kB]
#10 9.689 Get:2 http://archive.ubuntu.com/ubuntu noble-updates/main amd64 libgcc-s1 amd64 14.2.0-4ubuntu2~24.04.1 [78.4 kB]
#10 ...

#9 [builder 2/6] RUN apt-get update && apt-get install -y --no-install-recommends     build-essential cmake ninja-build git intltool gettext     appstream-util desktop-file-utils     libarchive-dev libatk1.0-dev libavif-dev libcairo2-dev     libcolord-dev libcolord-gtk-dev libcups2-dev libcurl4-gnutls-dev     libexiv2-dev libgdk-pixbuf-2.0-dev libglib2.0-dev libgmic-dev     libgphoto2-dev libgraphicsmagick1-dev libgtk-3-dev libheif-dev     libjpeg-dev libjson-glib-dev liblcms2-dev liblensfun-dev     liblua5.4-dev libopenexr-dev libopenjp2-7-dev     libosmgpsmap-1.0-dev libpango1.0-dev libpng-dev libportmidi-dev     libpotrace-dev libpugixml-dev libraw-dev librsvg2-dev     libsqlite3-dev libtiff5-dev libwebp-dev libx11-dev     libxml2-dev libxml2-utils zlib1g-dev libsdl2-dev     libsecret-1-dev po4a python3-jsonschema xsltproc perl     opencl-headers ocl-icd-opencl-dev     curl     && rm -rf /var/lib/apt/lists/*
#9 9.634 The following NEW packages will be installed:
#9 9.634   adduser adwaita-icon-theme appstream-util at-spi2-common autoconf automake
#9 9.634   autotools-dev binutils binutils-common binutils-x86-64-linux-gnu
#9 9.634   build-essential bzip2 ca-certificates cmake cmake-data comerr-dev cpp cpp-13
#9 9.634   cpp-13-x86-64-linux-gnu cpp-x86-64-linux-gnu curl dbus dbus-bin dbus-daemon
#9 9.634   dbus-session-bus-common dbus-system-bus-common dbus-user-session
#9 9.634   dconf-gsettings-backend dconf-service desktop-file-utils dpkg-dev file
#9 9.634   fontconfig fontconfig-config fonts-dejavu-core fonts-dejavu-mono g++ g++-13
#9 9.634   g++-13-x86-64-linux-gnu g++-x86-64-linux-gnu gcc gcc-13 gcc-13-base
#9 9.634   gcc-13-x86-64-linux-gnu gcc-x86-64-linux-gnu gdal-data gdal-plugins gettext
#9 9.634   gettext-base gir1.2-atk-1.0 gir1.2-atspi-2.0 gir1.2-colord-1.0
#9 9.635   gir1.2-colordgtk-1.0 gir1.2-freedesktop gir1.2-freedesktop-dev
#9 9.635   gir1.2-gdkpixbuf-2.0 gir1.2-girepository-2.0 gir1.2-girepository-2.0-dev
#9 9.635   gir1.2-glib-2.0 gir1.2-glib-2.0-dev gir1.2-gtk-3.0 gir1.2-harfbuzz-0.0
#9 9.635   gir1.2-ibus-1.0 gir1.2-json-1.0 gir1.2-osmgpsmap-1.0 gir1.2-pango-1.0
#9 9.635   gir1.2-rsvg-2.0 gir1.2-secret-1 gir1.2-soup-2.4 git git-man glib-networking
#9 9.635   glib-networking-common glib-networking-services gobject-introspection
#9 9.635   gobject-introspection-bin gsettings-desktop-schemas gtk-update-icon-cache
#9 9.635   hicolor-icon-theme humanity-icon-theme icu-devtools intltool iso-codes
#9 9.635   libabsl20220623t64 libacl1-dev libaec0 libaom-dev libaom3 libapparmor1
#9 9.635   libappstream-glib8 libarchive-dev libarchive13t64 libargon2-1 libarmadillo12
#9 9.635   libarpack2t64 libasan8 libasound2-data libasound2-dev libasound2t64
#9 9.635   libasyncns0 libatk-bridge2.0-0t64 libatk-bridge2.0-dev libatk1.0-0t64
#9 9.635   libatk1.0-dev libatomic1 libatspi2.0-0t64 libatspi2.0-dev libattr1-dev
#9 9.635   libavahi-client3 libavahi-common-data libavahi-common3 libavcodec60
#9 9.635   libavformat60 libavif-dev libavif16 libavutil58 libbinutils libblas3
#9 9.635   libblkid-dev libblosc1 libbluray2 libbrotli-dev libbrotli1 libbsd0
#9 9.635   libbz2-dev libc-dev-bin libc6-dev libcairo-gobject2
#9 9.635   libcairo-script-interpreter2 libcairo2 libcairo2-dev libcap2-bin libcc1-0
#9 9.635   libcfitsio10t64 libcharls2 libchromaprint1 libcjson1 libclone-perl
#9 9.635   libcodec2-1.2 libcolord-dev libcolord-gtk-dev libcolord-gtk-headers
#9 9.635   libcolord-gtk1t64 libcolord2 libcrypt-dev libcryptsetup12 libctf-nobfd0
#9 9.635   libctf0 libcups2-dev libcups2t64 libcupsimage2-dev libcupsimage2t64
#9 9.635   libcurl3t64-gnutls libcurl4-gnutls-dev libcurl4t64 libdatrie-dev libdatrie1
#9 9.635   libdav1d-dev libdav1d7 libdbus-1-3 libdbus-1-dev libdc1394-25 libdconf1
#9 9.635   libde265-0 libde265-dev libdecor-0-0 libdecor-0-dev libdeflate-dev
#9 9.635   libdeflate0 libdevmapper1.02.1 libdpkg-perl libdrm-amdgpu1 libdrm-common
#9 9.635   libdrm-dev libdrm-intel1 libdrm-nouveau2 libdrm-radeon1 libdrm2
#9 9.635   libduktape207 libdw1t64 libedit2 libegl-dev libegl-mesa0 libegl1
#9 9.635   libegl1-mesa-dev libelf1t64 libencode-locale-perl libepoxy-dev libepoxy0
#9 9.635   liberror-perl libexif-dev libexif12 libexiv2-27 libexiv2-dev libexpat1
#9 9.635   libexpat1-dev libext2fs-dev libfdisk1 libffi-dev libfftw3-double3
#9 9.635   libfile-listing-perl libflac12t64 libfontconfig-dev libfontconfig1
#9 9.635   libfreetype-dev libfreetype6 libfreexl1 libfribidi-dev libfribidi0
#9 9.635   libfyba0t64 libgav1-1 libgbm-dev libgbm1 libgcc-13-dev libgcrypt20-dev
#9 9.635   libgd3 libgdal34t64 libgdbm-compat4t64 libgdbm6t64 libgdcm3.0t64
#9 9.635   libgdk-pixbuf-2.0-0 libgdk-pixbuf-2.0-dev libgdk-pixbuf2.0-bin
#9 9.635   libgdk-pixbuf2.0-common libgeos-c1t64 libgeos3.12.1t64 libgeotiff5
#9 9.635   libgfortran5 libgif7 libgirepository-1.0-1 libgirepository-1.0-dev
#9 9.635   libgirepository-2.0-0 libgirepository1.0-dev libgl-dev libgl1
#9 9.635   libgl1-mesa-dri libgles-dev libgles1 libgles2 libglib2.0-0t64 libglib2.0-bin
#9 9.635   libglib2.0-data libglib2.0-dev libglib2.0-dev-bin libglvnd-core-dev
#9 9.635   libglvnd-dev libglvnd0 libglx-dev libglx-mesa0 libglx0 libgme0 libgmic-dev
#9 9.635   libgmic1 libgmp-dev libgmpxx4ldbl libgomp1 libgpg-error-dev libgphoto2-6t64
#9 9.635   libgphoto2-dev libgphoto2-port12t64 libgprofng0
#9 9.635   libgraphicsmagick++-q16-12t64 libgraphicsmagick-q16-3t64
#9 9.635   libgraphicsmagick1-dev libgraphite2-3 libgraphite2-dev libgsm1
#9 9.635   libgssapi-krb5-2 libgstreamer-plugins-base1.0-0 libgstreamer1.0-0
#9 9.635   libgtk-3-0t64 libgtk-3-common libgtk-3-dev libharfbuzz-cairo0
#9 9.635   libharfbuzz-dev libharfbuzz-gobject0 libharfbuzz-icu0 libharfbuzz-subset0
#9 9.635   libharfbuzz0b libhdf4-0-alt libhdf5-103-1t64 libhdf5-hl-100t64 libheif-dev
#9 9.635   libheif-plugin-aomdec libheif1 libhtml-parser-perl libhtml-tagset-perl
#9 9.635   libhtml-tree-perl libhttp-cookies-perl libhttp-date-perl
#9 9.635   libhttp-message-perl libhttp-negotiate-perl libhwasan0 libhwloc15 libhwy-dev
#9 9.635   libhwy1t64 libibus-1.0-5 libibus-1.0-dev libice-dev libice6 libicu-dev
#9 9.635   libicu74 libimath-3-1-29t64 libimath-dev libio-html-perl
#9 9.635   libio-socket-ssl-perl libisl23 libitm1 libjansson4 libjbig-dev libjbig0
#9 9.635   libjpeg-dev libjpeg-turbo8 libjpeg-turbo8-dev libjpeg8 libjpeg8-dev
#9 9.635   libjson-c5 libjson-glib-1.0-0 libjson-glib-1.0-common libjson-glib-dev
#9 9.635   libjsoncpp25 libjxl-dev libjxl0.7 libk5crypto3 libkeyutils1 libkmlbase1t64
#9 9.635   libkmldom1t64 libkmlengine1t64 libkmod2 libkrb5-3 libkrb5support0 liblapack3
#9 9.635   liblcms2-2 liblcms2-dev libldap2 liblensfun-data-v1 liblensfun-dev
#9 9.635   liblensfun1 liblerc-dev liblerc4 libllvm20 liblsan0 libltdl-dev libltdl7
#9 9.635   liblua5.4-0 liblua5.4-dev liblwp-mediatypes-perl liblwp-protocol-https-perl
#9 9.635   liblz4-dev liblzma-dev liblzo2-2 libmagic-mgc libmagic1t64 libmbedcrypto7t64
#9 9.635   libminizip1t64 libmount-dev libmp3lame0 libmpc3 libmpfr6 libmpg123-0t64
#9 9.635   libmysqlclient21 libncurses-dev libncurses6 libnet-http-perl
#9 9.635   libnet-ssleay-perl libnetcdf19t64 libnghttp2-14 libnorm1t64 libnspr4 libnss3
#9 9.635   libnuma1 libodbc2 libodbcinst2 libogdi4.1 libogg0 libopencv-core406t64
#9 9.635   libopencv-imgcodecs406t64 libopencv-imgproc406t64 libopencv-videoio406t64
#9 9.635   libopenexr-3-1-30 libopenexr-dev libopengl-dev libopengl0 libopenjp2-7
#9 9.635   libopenjp2-7-dev libopenmpt0t64 libopus0 liborc-0.4-0t64 libosmgpsmap-1.0-1
#9 9.635   libosmgpsmap-1.0-dev libosp5 libpam-systemd libpango-1.0-0 libpango1.0-dev
#9 9.635   libpangocairo-1.0-0 libpangoft2-1.0-0 libpangoxft-1.0-0 libpciaccess-dev
#9 9.635   libpciaccess0 libpcre2-16-0 libpcre2-32-0 libpcre2-dev libpcre2-posix3
#9 9.635   libperl5.38t64 libpgm-5.3-0t64 libpixman-1-0 libpixman-1-dev libpkgconf3
#9 9.635   libpng-dev libpng16-16t64 libpod-parser-perl libpoppler134 libportmidi-dev
#9 9.635   libportmidi0 libpotrace-dev libpotrace0 libpq5 libproj25 libproxy1v5
#9 9.635   libpsl-dev libpsl5t64 libpthread-stubs0-dev libpugixml-dev libpugixml1v5
#9 9.635   libpulse-dev libpulse-mainloop-glib0 libpulse0 libpython3-stdlib
#9 9.635   libpython3.12-minimal libpython3.12-stdlib libqhull-r8.0 libquadmath0
#9 9.635   librabbitmq4 librav1e0 libraw-dev libraw1394-11 libraw23t64 libreadline-dev
#9 9.635   libreadline8t64 librhash0 librist4 librsvg2-2 librsvg2-common librsvg2-dev
#9 9.636   librtmp1 librttopo1 libsamplerate0 libsamplerate0-dev libsasl2-2
#9 9.636   libsasl2-modules-db libsdl2-2.0-0 libsdl2-dev libsecret-1-0 libsecret-1-dev
#9 9.636   libsecret-common libselinux1-dev libsensors-config libsensors5 libsepol-dev
#9 9.636   libsframe1 libsgmls-perl libsharpyuv-dev libsharpyuv0 libshine3 libsm-dev
#9 9.636   libsm6 libsnappy1v5 libsndfile1 libsndio-dev libsndio7.0 libsocket++1
#9 9.636   libsodium23 libsoup-2.4-1 libsoup-gnome-2.4-1 libsoup2.4-common
#9 9.636   libsoup2.4-dev libsoxr0 libspatialite8t64 libspeex1 libsqlite3-0
#9 9.636   libsqlite3-dev libsrt1.5-gnutls libssh-4 libssh-gcrypt-4 libstdc++-13-dev
#9 9.636   libstemmer0d libsuperlu6 libsvtav1enc1d1 libswresample4 libswscale7
#9 9.636   libsyntax-keyword-try-perl libsystemd-shared libsz2 libtbb12 libtbbbind-2-5
#9 9.636   libtbbmalloc2 libthai-data libthai-dev libthai0 libtheora0 libtiff-dev
#9 9.636   libtiff5-dev libtiff6 libtiffxx6 libtimedate-perl libtirpc-common
#9 9.636   libtirpc3t64 libtry-tiny-perl libtsan2 libtwolame0 libubsan1 libudev-dev
#9 9.636   libudfread0 libunwind8 liburi-perl liburiparser1 libusb-1.0-0 libuv1t64
#9 9.636   libva-drm2 libva-x11-2 libva2 libvdpau1 libvorbis0a libvorbisenc2
#9 9.636   libvorbisfile3 libvpl2 libvpx9 libvulkan1 libwayland-bin libwayland-client0
#9 9.636   libwayland-cursor0 libwayland-dev libwayland-egl1 libwayland-server0
#9 9.636   libwebp-dev libwebp7 libwebpdecoder3 libwebpdemux2 libwebpmux3 libwmf-0.2-7
#9 9.636   libwmf-dev libwmflite-0.2-7 libwww-perl libwww-robotrules-perl libx11-6
#9 9.636   libx11-data libx11-dev libx11-xcb1 libx264-164 libx265-199 libx265-dev
#9 9.636   libxau-dev libxau6 libxcb-dri3-0 libxcb-glx0 libxcb-present0 libxcb-randr0
#9 9.636   libxcb-render0 libxcb-render0-dev libxcb-shm0 libxcb-shm0-dev libxcb-sync1
#9 9.636   libxcb-xfixes0 libxcb1 libxcb1-dev libxcomposite-dev libxcomposite1
#9 9.636   libxcursor-dev libxcursor1 libxdamage-dev libxdamage1 libxdmcp-dev libxdmcp6
#9 9.636   libxerces-c3.2t64 libxext-dev libxext6 libxfixes-dev libxfixes3 libxft-dev
#9 9.636   libxft2 libxi-dev libxi6 libxinerama-dev libxinerama1 libxkbcommon-dev
#9 9.636   libxkbcommon0 libxml-parser-perl libxml2 libxml2-dev libxml2-utils libxpm4
#9 9.636   libxrandr-dev libxrandr2 libxrender-dev libxrender1 libxs-parse-keyword-perl
#9 9.636   libxshmfence1 libxslt1.1 libxss-dev libxss1 libxt-dev libxt6t64 libxtst-dev
#9 9.636   libxtst6 libxv-dev libxv1 libxvidcore4 libxxf86vm-dev libxxf86vm1
#9 9.636   libyaml-0-2 libyaml-tiny-perl libyuv0 libzmq5 libzstd-dev libzvbi-common
#9 9.636   libzvbi0t64 linux-libc-dev lto-disabled-list m4 make media-types
#9 9.637   mesa-libgallium mysql-common netbase nettle-dev ninja-build
#9 9.637   ocl-icd-libopencl1 ocl-icd-opencl-dev opencl-c-headers opencl-clhpp-headers
#9 9.637   opencl-headers opensp openssl pango1.0-tools patch perl perl-modules-5.38
#9 9.637   perl-openssl-defaults pkgconf pkgconf-bin po4a proj-data python3
#9 9.637   python3-attr python3-jsonschema python3-mako python3-markdown
#9 9.637   python3-markupsafe python3-minimal python3-packaging python3-pkg-resources
#9 9.637   python3-pyrsistent python3-setuptools python3.12 python3.12-minimal
#9 9.637   readline-common rpcsvc-proto session-migration sgml-base shared-mime-info
#9 9.637   systemd systemd-dev systemd-sysv tzdata ubuntu-mono unixodbc-common uuid-dev
#9 9.637   wayland-protocols x11-common x11proto-core-dev x11proto-dev xkb-data
#9 9.637   xml-core xorg-sgml-doctools xsltproc xtrans-dev xz-utils zlib1g-dev
#9 9.638 The following packages will be upgraded:
#9 9.641   dpkg libcap2 libgcrypt20
#9 9.785 3 upgraded, 678 newly installed, 0 to remove and 2 not upgraded.
#9 9.785 Need to get 343 MB of archives.
#9 9.785 After this operation, 1371 MB of additional disk space will be used.
#9 9.785 Get:1 http://archive.ubuntu.com/ubuntu noble-updates/main amd64 dpkg amd64 1.22.6ubuntu6.6 [1282 kB]
#9 9.906 Get:2 http://archive.ubuntu.com/ubuntu noble-updates/main amd64 libpython3.12-minimal amd64 3.12.3-1ubuntu0.13 [837 kB]
#9 9.938 Get:3 http://archive.ubuntu.com/ubuntu noble-updates/main amd64 libexpat1 amd64 2.6.1-2ubuntu0.4 [88.2 kB]
#9 9.944 Get:4 http://archive.ubuntu.com/ubuntu noble-updates/main amd64 python3.12-minimal amd64 3.12.3-1ubuntu0.13 [2346 kB]
#9 10.05 Get:5 http://archive.ubuntu.com/ubuntu noble-updates/main amd64 python3-minimal amd64 3.12.3-0ubuntu2.1 [27.4 kB]
#9 10.05 Get:6 http://archive.ubuntu.com/ubuntu noble/main amd64 media-types all 10.1.0 [27.5 kB]
#9 10.06 Get:7 http://archive.ubuntu.com/ubuntu noble/main amd64 netbase all 6.4 [13.1 kB]
#9 10.07 Get:8 http://archive.ubuntu.com/ubuntu noble-updates/main amd64 tzdata all 2026a-0ubuntu0.24.04.1 [280 kB]
#9 10.07 Get:9 http://archive.ubuntu.com/ubuntu noble/main amd64 readline-common all 8.2-4build1 [56.5 kB]
#9 10.07 Get:10 http://archive.ubuntu.com/ubuntu noble/main amd64 libreadline8t64 amd64 8.2-4build1 [153 kB]
#9 10.11 Get:11 http://archive.ubuntu.com/ubuntu noble-updates/main amd64 libsqlite3-0 amd64 3.45.1-1ubuntu2.5 [701 kB]
#9 10.13 Get:12 http://archive.ubuntu.com/ubuntu noble-updates/main amd64 libpython3.12-stdlib amd64 3.12.3-1ubuntu0.13 [2068 kB]
#9 10.17 Get:13 http://archive.ubuntu.com/ubuntu noble-updates/main amd64 python3.12 amd64 3.12.3-1ubuntu0.13 [662 kB]
#9 10.20 Get:14 http://archive.ubuntu.com/ubuntu noble-updates/main amd64 libpython3-stdlib amd64 3.12.3-0ubuntu2.1 [10.1 kB]
#9 10.22 Get:15 http://archive.ubuntu.com/ubuntu noble-updates/main amd64 python3 amd64 3.12.3-0ubuntu2.1 [23.0 kB]
#9 10.23 Get:16 http://archive.ubuntu.com/ubuntu noble-updates/main amd64 libapparmor1 amd64 4.0.1really4.0.1-0ubuntu0.24.04.6 [51.2 kB]
#9 10.23 Get:17 http://archive.ubuntu.com/ubuntu noble/main amd64 libargon2-1 amd64 0~20190702+dfsg-4build1 [20.8 kB]
#9 10.24 Get:18 http://archive.ubuntu.com/ubuntu noble-updates/main amd64 libdevmapper1.02.1 amd64 2:1.02.185-3ubuntu3.2 [139 kB]
#9 10.24 Get:19 http://archive.ubuntu.com/ubuntu noble/main amd64 libjson-c5 amd64 0.17-1build1 [35.3 kB]
#9 10.25 Get:20 http://archive.ubuntu.com/ubuntu noble-updates/main amd64 libcryptsetup12 amd64 2:2.7.0-1ubuntu4.2 [266 kB]
#9 10.26 Get:21 http://archive.ubuntu.com/ubuntu noble-updates/main amd64 libfdisk1 amd64 2.39.3-9ubuntu6.5 [146 kB]
#9 10.27 Get:22 http://archive.ubuntu.com/ubuntu noble-updates/main amd64 libkmod2 amd64 31+20240202-2ubuntu7.2 [51.8 kB]
#9 10.27 Get:23 http://archive.ubuntu.com/ubuntu noble-updates/main amd64 libcap2 amd64 1:2.66-5ubuntu2.4 [30.5 kB]
#9 10.28 Get:24 http://archive.ubuntu.com/ubuntu noble-updates/main amd64 libgcrypt20 amd64 1.10.3-2ubuntu0.1 [532 kB]
#9 10.30 Get:25 http://archive.ubuntu.com/ubuntu noble-updates/main amd64 libsystemd-shared amd64 255.4-1ubuntu8.15 [2076 kB]
#9 10.35 Get:26 http://archive.ubuntu.com/ubuntu noble-updates/main amd64 systemd-dev all 255.4-1ubuntu8.15 [106 kB]
#9 10.35 Get:27 http://archive.ubuntu.com/ubuntu noble-updates/main amd64 systemd amd64 255.4-1ubuntu8.15 [3475 kB]
#9 10.47 Get:28 http://archive.ubuntu.com/ubuntu noble-updates/main amd64 systemd-sysv amd64 255.4-1ubuntu8.15 [11.9 kB]
#9 10.48 Get:29 http://archive.ubuntu.com/ubuntu noble-updates/main amd64 perl-modules-5.38 all 5.38.2-3.2ubuntu0.2 [3110 kB]
#9 10.62 Get:30 http://archive.ubuntu.com/ubuntu noble/main amd64 libgdbm6t64 amd64 1.23-5.1build1 [34.4 kB]
#9 10.62 Get:31 http://archive.ubuntu.com/ubuntu noble/main amd64 libgdbm-compat4t64 amd64 1.23-5.1build1 [6710 B]
#9 10.62 Get:32 http://archive.ubuntu.com/ubuntu noble-updates/main amd64 libperl5.38t64 amd64 5.38.2-3.2ubuntu0.2 [4874 kB]
#9 10.73 Get:33 http://archive.ubuntu.com/ubuntu noble-updates/main amd64 perl amd64 5.38.2-3.2ubuntu0.2 [231 kB]
#9 10.74 Get:34 http://archive.ubuntu.com/ubuntu noble/main amd64 sgml-base all 1.31 [11.4 kB]
#9 10.75 Get:35 http://archive.ubuntu.com/ubuntu noble/main amd64 adduser all 3.137ubuntu1 [101 kB]
#9 10.75 Get:36 http://archive.ubuntu.com/ubuntu noble-updates/main amd64 openssl amd64 3.0.13-0ubuntu3.9 [1002 kB]
#9 10.78 Get:37 http://archive.ubuntu.com/ubuntu noble/main amd64 ca-certificates all 20240203 [159 kB]
#9 10.79 Get:38 http://archive.ubuntu.com/ubuntu noble-updates/main amd64 libdbus-1-3 amd64 1.14.10-4ubuntu4.1 [210 kB]
#9 10.85 Get:39 http://archive.ubuntu.com/ubuntu noble-updates/main amd64 dbus-bin amd64 1.14.10-4ubuntu4.1 [39.3 kB]
#9 10.85 Get:40 http://archive.ubuntu.com/ubuntu noble-updates/main amd64 dbus-session-bus-common all 1.14.10-4ubuntu4.1 [80.5 kB]
#9 10.85 Get:41 http://archive.ubuntu.com/ubuntu noble-updates/main amd64 dbus-daemon amd64 1.14.10-4ubuntu4.1 [118 kB]
#9 10.85 Get:42 http://archive.ubuntu.com/ubuntu noble-updates/main amd64 dbus-system-bus-common all 1.14.10-4ubuntu4.1 [81.6 kB]
#9 10.86 Get:43 http://archive.ubuntu.com/ubuntu noble-updates/main amd64 dbus amd64 1.14.10-4ubuntu4.1 [24.3 kB]
#9 10.86 Get:44 http://archive.ubuntu.com/ubuntu noble-updates/main amd64 libpam-systemd amd64 255.4-1ubuntu8.15 [235 kB]
#9 10.89 Get:45 http://archive.ubuntu.com/ubuntu noble-updates/main amd64 dbus-user-session amd64 1.14.10-4ubuntu4.1 [9968 B]
#9 10.90 Get:46 http://archive.ubuntu.com/ubuntu noble-updates/main amd64 libglib2.0-0t64 amd64 2.80.0-6ubuntu3.8 [1545 kB]
#9 10.94 Get:47 http://archive.ubuntu.com/ubuntu noble-updates/main amd64 gir1.2-glib-2.0 amd64 2.80.0-6ubuntu3.8 [183 kB]
#9 11.22 Get:48 http://archive.ubuntu.com/ubuntu noble/main amd64 libgirepository-1.0-1 amd64 1.80.1-1 [81.9 kB]
#9 11.22 Get:49 http://archive.ubuntu.com/ubuntu noble/main amd64 gir1.2-girepository-2.0 amd64 1.80.1-1 [24.5 kB]
#9 11.22 Get:50 http://archive.ubuntu.com/ubuntu noble/main amd64 iso-codes all 4.16.0-1 [3492 kB]
#9 11.28 Get:51 http://archive.ubuntu.com/ubuntu noble-updates/main amd64 libbsd0 amd64 0.12.1-1build1.1 [41.2 kB]
#9 11.29 Get:52 http://archive.ubuntu.com/ubuntu noble-updates/main amd64 libcap2-bin amd64 1:2.66-5ubuntu2.4 [34.1 kB]
#9 11.29 Get:53 http://archive.ubuntu.com/ubuntu noble-updates/main amd64 libelf1t64 amd64 0.190-1.1ubuntu0.1 [57.8 kB]
#9 11.29 Get:54 http://archive.ubuntu.com/ubuntu noble/main amd64 libfribidi0 amd64 1.0.13-3build1 [26.1 kB]
#9 11.29 Get:55 http://archive.ubuntu.com/ubuntu noble-updates/main amd64 libglib2.0-data all 2.80.0-6ubuntu3.8 [49.6 kB]
#9 11.30 Get:56 http://archive.ubuntu.com/ubuntu noble-updates/main amd64 libkrb5support0 amd64 1.20.1-6ubuntu2.6 [34.4 kB]
#9 11.40 Get:57 http://archive.ubuntu.com/ubuntu noble-updates/main amd64 libk5crypto3 amd64 1.20.1-6ubuntu2.6 [82.0 kB]
#9 11.45 Get:58 http://archive.ubuntu.com/ubuntu noble/main amd64 libkeyutils1 amd64 1.6.3-3build1 [9490 B]
#9 11.45 Get:59 http://archive.ubuntu.com/ubuntu noble-updates/main amd64 libkrb5-3 amd64 1.20.1-6ubuntu2.6 [348 kB]
#9 11.47 Get:60 http://archive.ubuntu.com/ubuntu noble-updates/main amd64 libgssapi-krb5-2 amd64 1.20.1-6ubuntu2.6 [143 kB]
#9 11.50 Get:61 http://archive.ubuntu.com/ubuntu noble-updates/main amd64 libicu74 amd64 74.2-1ubuntu3.1 [10.9 MB]
#9 11.98 Get:62 http://archive.ubuntu.com/ubuntu noble/main amd64 libtirpc-common all 1.3.4+ds-1.1build1 [8094 B]
#9 11.98 Get:63 http://archive.ubuntu.com/ubuntu noble/main amd64 libtirpc3t64 amd64 1.3.4+ds-1.1build1 [82.6 kB]
#9 11.98 Get:64 http://archive.ubuntu.com/ubuntu noble-updates/main amd64 libxml2 amd64 2.9.14+dfsg-1.3ubuntu3.7 [764 kB]
#9 11.99 Get:65 http://archive.ubuntu.com/ubuntu noble/main amd64 libyaml-0-2 amd64 0.2.5-1build1 [51.5 kB]
#9 12.00 Get:66 http://archive.ubuntu.com/ubuntu noble-updates/main amd64 python3-pkg-resources all 68.1.2-2ubuntu1.2 [168 kB]
#9 12.00 Get:67 http://archive.ubuntu.com/ubuntu noble/main amd64 shared-mime-info amd64 2.4-4 [474 kB]
#9 12.01 Get:68 http://archive.ubuntu.com/ubuntu noble-updates/main amd64 xkb-data all 2.41-2ubuntu1.1 [397 kB]
#9 12.01 Get:69 http://archive.ubuntu.com/ubuntu noble/main amd64 libmagic-mgc amd64 1:5.45-3build1 [307 kB]
#9 12.03 Get:70 http://archive.ubuntu.com/ubuntu noble/main amd64 libmagic1t64 amd64 1:5.45-3build1 [87.2 kB]
#9 12.03 Get:71 http://archive.ubuntu.com/ubuntu noble/main amd64 file amd64 1:5.45-3build1 [22.0 kB]
#9 12.06 Get:72 http://archive.ubuntu.com/ubuntu noble/main amd64 gettext-base amd64 0.21-14ubuntu2 [38.4 kB]
#9 12.06 Get:73 http://archive.ubuntu.com/ubuntu noble-updates/main amd64 libdrm-common all 2.4.125-1ubuntu0.1~24.04.1 [9174 B]
#9 12.06 Get:74 http://archive.ubuntu.com/ubuntu noble-updates/main amd64 libdrm2 amd64 2.4.125-1ubuntu0.1~24.04.1 [41.3 kB]
#9 12.07 Get:75 http://archive.ubuntu.com/ubuntu noble/main amd64 libedit2 amd64 3.1-20230828-1build1 [97.6 kB]
#9 12.07 Get:76 http://archive.ubuntu.com/ubuntu noble/main amd64 libjansson4 amd64 2.14-2build2 [32.8 kB]
#9 12.08 Get:77 http://archive.ubuntu.com/ubuntu noble/main amd64 libncurses6 amd64 6.4+20240113-1ubuntu2 [112 kB]
#9 12.09 Get:78 http://archive.ubuntu.com/ubuntu noble-updates/main amd64 libnghttp2-14 amd64 1.59.0-1ubuntu0.3 [74.4 kB]
#9 12.09 Get:79 http://archive.ubuntu.com/ubuntu noble-updates/main amd64 libnuma1 amd64 2.0.18-1ubuntu0.24.04.1 [23.4 kB]
#9 12.10 Get:80 http://archive.ubuntu.com/ubuntu noble-updates/main amd64 libpng16-16t64 amd64 1.6.43-5ubuntu0.6 [189 kB]
#9 12.10 Get:81 http://archive.ubuntu.com/ubuntu noble/main amd64 libpsl5t64 amd64 0.21.2-1.1build1 [57.1 kB]
#9 12.11 Get:82 http://archive.ubuntu.com/ubuntu noble/main amd64 libsensors-config all 1:3.6.0-9build1 [5546 B]
#9 12.12 Get:83 http://archive.ubuntu.com/ubuntu noble/main amd64 libsensors5 amd64 1:3.6.0-9build1 [26.6 kB]
#9 12.12 Get:84 http://archive.ubuntu.com/ubuntu noble/main amd64 libusb-1.0-0 amd64 2:1.0.27-1 [54.0 kB]
#9 12.20 Get:85 http://archive.ubuntu.com/ubuntu noble/main amd64 libuv1t64 amd64 1.48.0-1.1build1 [97.3 kB]
#9 12.36 Get:86 http://archive.ubuntu.com/ubuntu noble/main amd64 libxau6 amd64 1:1.0.9-1build6 [7160 B]
#9 12.37 Get:87 http://archive.ubuntu.com/ubuntu noble/main amd64 libxdmcp6 amd64 1:1.1.3-0ubuntu6 [10.3 kB]
#9 12.37 Get:88 http://archive.ubuntu.com/ubuntu noble/main amd64 libxcb1 amd64 1.15-1ubuntu2 [47.7 kB]
#9 12.37 Get:89 http://archive.ubuntu.com/ubuntu noble/main amd64 libx11-data all 2:1.8.7-1build1 [115 kB]
#9 12.38 Get:90 http://archive.ubuntu.com/ubuntu noble/main amd64 libx11-6 amd64 2:1.8.7-1build1 [650 kB]
#9 12.39 Get:91 http://archive.ubuntu.com/ubuntu noble/main amd64 libxext6 amd64 2:1.3.4-1build2 [30.4 kB]
#9 12.39 Get:92 http://archive.ubuntu.com/ubuntu noble/main amd64 libxkbcommon0 amd64 1.6.0-1build1 [122 kB]
#9 12.39 Get:93 http://archive.ubuntu.com/ubuntu noble-updates/main amd64 xz-utils amd64 5.6.1+really5.4.5-1ubuntu0.2 [267 kB]
#9 12.39 Get:94 http://archive.ubuntu.com/ubuntu noble-updates/main amd64 libgdk-pixbuf2.0-common all 2.42.10+dfsg-3ubuntu3.3 [8302 B]
#9 12.39 Get:95 http://archive.ubuntu.com/ubuntu noble/main amd64 libjpeg-turbo8 amd64 2.1.5-2ubuntu2 [150 kB]
#9 12.40 Get:96 http://archive.ubuntu.com/ubuntu noble/main amd64 libjpeg8 amd64 8c-2ubuntu11 [2148 B]
#9 12.40 Get:97 http://archive.ubuntu.com/ubuntu noble-updates/main amd64 libdeflate0 amd64 1.19-1build1.1 [43.9 kB]
#9 12.41 Get:98 http://archive.ubuntu.com/ubuntu noble/main amd64 libjbig0 amd64 2.1-6.1ubuntu2 [29.7 kB]
#9 12.41 Get:99 http://archive.ubuntu.com/ubuntu noble/main amd64 liblerc4 amd64 4.0.0+ds-4ubuntu2 [179 kB]
#9 12.42 Get:100 http://archive.ubuntu.com/ubuntu noble/main amd64 libsharpyuv0 amd64 1.3.2-0.4build3 [15.8 kB]
#9 12.42 Get:101 http://archive.ubuntu.com/ubuntu noble/main amd64 libwebp7 amd64 1.3.2-0.4build3 [230 kB]
#9 12.43 Get:102 http://archive.ubuntu.com/ubuntu noble-updates/main amd64 libtiff6 amd64 4.5.1+git230720-4ubuntu2.5 [200 kB]
#9 12.43 Get:103 http://archive.ubuntu.com/ubuntu noble-updates/main amd64 libgdk-pixbuf-2.0-0 amd64 2.42.10+dfsg-3ubuntu3.3 [147 kB]
#9 12.44 Get:104 http://archive.ubuntu.com/ubuntu noble-updates/main amd64 gtk-update-icon-cache amd64 3.24.41-4ubuntu1.3 [51.9 kB]
#9 12.45 Get:105 http://archive.ubuntu.com/ubuntu noble/main amd64 hicolor-icon-theme all 0.17-2 [9976 B]
#9 12.45 Get:106 http://archive.ubuntu.com/ubuntu noble/main amd64 humanity-icon-theme all 0.6.16 [1282 kB]
#9 12.48 Get:107 http://archive.ubuntu.com/ubuntu noble/main amd64 ubuntu-mono all 24.04-0ubuntu1 [151 kB]
#9 12.48 Get:108 http://archive.ubuntu.com/ubuntu noble/main amd64 adwaita-icon-theme all 46.0-1 [723 kB]
#9 12.49 Get:109 http://archive.ubuntu.com/ubuntu noble-updates/main amd64 libarchive13t64 amd64 3.7.2-2ubuntu0.7 [382 kB]
#9 12.51 Get:110 http://archive.ubuntu.com/ubuntu noble/main amd64 libbrotli1 amd64 1.1.0-2build2 [331 kB]
#9 12.51 Get:111 http://archive.ubuntu.com/ubuntu noble-updates/main amd64 libsasl2-modules-db amd64 2.1.28+dfsg1-5ubuntu3.1 [20.4 kB]
#9 12.52 Get:112 http://archive.ubuntu.com/ubuntu noble-updates/main amd64 libsasl2-2 amd64 2.1.28+dfsg1-5ubuntu3.1 [53.2 kB]
#9 12.52 Get:113 http://archive.ubuntu.com/ubuntu noble-updates/main amd64 libldap2 amd64 2.6.10+dfsg-0ubuntu0.24.04.1 [198 kB]
#9 12.53 Get:114 http://archive.ubuntu.com/ubuntu noble/main amd64 librtmp1 amd64 2.4+20151223.gitfa8646d.1-2build7 [56.3 kB]
#9 12.54 Get:115 http://archive.ubuntu.com/ubuntu noble-updates/main amd64 libssh-4 amd64 0.10.6-2ubuntu0.4 [190 kB]
#9 12.55 Get:116 http://archive.ubuntu.com/ubuntu noble-updates/main amd64 libcurl3t64-gnutls amd64 8.5.0-2ubuntu10.9 [334 kB]
#9 12.55 Get:117 http://archive.ubuntu.com/ubuntu noble/main amd64 libstemmer0d amd64 2.2.0-4build1 [161 kB]
#9 12.56 Get:118 http://archive.ubuntu.com/ubuntu noble/universe amd64 libappstream-glib8 amd64 0.8.2-1.1build1 [155 kB]
#9 12.71 Get:119 http://archive.ubuntu.com/ubuntu noble/universe amd64 appstream-util amd64 0.8.2-1.1build1 [163 kB]
#9 12.71 Get:120 http://archive.ubuntu.com/ubuntu noble/main amd64 at-spi2-common all 2.52.0-1build1 [8674 B]
#9 12.72 Get:121 http://archive.ubuntu.com/ubuntu noble/main amd64 m4 amd64 1.4.19-4build1 [244 kB]
#9 12.73 Get:122 http://archive.ubuntu.com/ubuntu noble/main amd64 autoconf all 2.71-3 [339 kB]
#9 12.73 Get:123 http://archive.ubuntu.com/ubuntu noble/main amd64 autotools-dev all 20220109.1 [44.9 kB]
#9 12.74 Get:124 http://archive.ubuntu.com/ubuntu noble/main amd64 automake all 1:1.16.5-1.3ubuntu1 [558 kB]
#9 12.76 Get:125 http://archive.ubuntu.com/ubuntu noble-updates/main amd64 binutils-common amd64 2.42-4ubuntu2.10 [240 kB]
#9 12.76 Get:126 http://archive.ubuntu.com/ubuntu noble-updates/main amd64 libsframe1 amd64 2.42-4ubuntu2.10 [15.7 kB]
#9 12.76 Get:127 http://archive.ubuntu.com/ubuntu noble-updates/main amd64 libbinutils amd64 2.42-4ubuntu2.10 [577 kB]
#9 12.77 Get:128 http://archive.ubuntu.com/ubuntu noble-updates/main amd64 libctf-nobfd0 amd64 2.42-4ubuntu2.10 [98.0 kB]
#9 12.77 Get:129 http://archive.ubuntu.com/ubuntu noble-updates/main amd64 libctf0 amd64 2.42-4ubuntu2.10 [94.5 kB]
#9 12.79 Get:130 http://archive.ubuntu.com/ubuntu noble-updates/main amd64 libgprofng0 amd64 2.42-4ubuntu2.10 [849 kB]
#9 12.80 Get:131 http://archive.ubuntu.com/ubuntu noble-updates/main amd64 binutils-x86-64-linux-gnu amd64 2.42-4ubuntu2.10 [2463 kB]
#9 12.85 Get:132 http://archive.ubuntu.com/ubuntu noble-updates/main amd64 binutils amd64 2.42-4ubuntu2.10 [18.2 kB]
#9 12.85 Get:133 http://archive.ubuntu.com/ubuntu noble-updates/main amd64 libc-dev-bin amd64 2.39-0ubuntu8.7 [20.4 kB]
#9 12.85 Get:134 http://archive.ubuntu.com/ubuntu noble-updates/main amd64 linux-libc-dev amd64 6.8.0-124.124 [1442 kB]
#9 12.88 Get:135 http://archive.ubuntu.com/ubuntu noble/main amd64 libcrypt-dev amd64 1:4.4.36-4build1 [112 kB]
#9 12.88 Get:136 http://archive.ubuntu.com/ubuntu noble/main amd64 rpcsvc-proto amd64 1.4.2-0ubuntu7 [67.4 kB]
#9 12.89 Get:137 http://archive.ubuntu.com/ubuntu noble-updates/main amd64 libc6-dev amd64 2.39-0ubuntu8.7 [2124 kB]
#9 12.92 Get:138 http://archive.ubuntu.com/ubuntu noble-updates/main amd64 gcc-13-base amd64 13.3.0-6ubuntu2~24.04.1 [51.6 kB]
#9 12.92 Get:139 http://archive.ubuntu.com/ubuntu noble-updates/main amd64 libisl23 amd64 0.26-3build1.1 [680 kB]
#9 12.92 Get:140 http://archive.ubuntu.com/ubuntu noble-updates/main amd64 libmpfr6 amd64 4.2.1-1build1.1 [353 kB]
#9 12.93 Get:141 http://archive.ubuntu.com/ubuntu noble-updates/main amd64 libmpc3 amd64 1.3.1-1build1.1 [54.6 kB]
#9 12.93 Get:142 http://archive.ubuntu.com/ubuntu noble-updates/main amd64 cpp-13-x86-64-linux-gnu amd64 13.3.0-6ubuntu2~24.04.1 [10.7 MB]
#9 14.20 Get:143 http://archive.ubuntu.com/ubuntu noble-updates/main amd64 cpp-13 amd64 13.3.0-6ubuntu2~24.04.1 [1042 B]
#9 14.20 Get:144 http://archive.ubuntu.com/ubuntu noble/main amd64 cpp-x86-64-linux-gnu amd64 4:13.2.0-7ubuntu1 [5326 B]
#9 14.20 Get:145 http://archive.ubuntu.com/ubuntu noble/main amd64 cpp amd64 4:13.2.0-7ubuntu1 [22.4 kB]
#9 14.20 Get:146 http://archive.ubuntu.com/ubuntu noble-updates/main amd64 libcc1-0 amd64 14.2.0-4ubuntu2~24.04.1 [48.0 kB]
#9 14.20 Get:147 http://archive.ubuntu.com/ubuntu noble-updates/main amd64 libgomp1 amd64 14.2.0-4ubuntu2~24.04.1 [148 kB]
#9 14.20 Get:148 http://archive.ubuntu.com/ubuntu noble-updates/main amd64 libitm1 amd64 14.2.0-4ubuntu2~24.04.1 [29.7 kB]
#9 14.20 Get:149 http://archive.ubuntu.com/ubuntu noble-updates/main amd64 libatomic1 amd64 14.2.0-4ubuntu2~24.04.1 [10.5 kB]
#9 14.21 Get:150 http://archive.ubuntu.com/ubuntu noble-updates/main amd64 libasan8 amd64 14.2.0-4ubuntu2~24.04.1 [3027 kB]
#9 14.26 Get:151 http://archive.ubuntu.com/ubuntu noble-updates/main amd64 liblsan0 amd64 14.2.0-4ubuntu2~24.04.1 [1322 kB]
#9 14.29 Get:152 http://archive.ubuntu.com/ubuntu noble-updates/main amd64 libtsan2 amd64 14.2.0-4ubuntu2~24.04.1 [2772 kB]
#9 14.33 Get:153 http://archive.ubuntu.com/ubuntu noble-updates/main amd64 libubsan1 amd64 14.2.0-4ubuntu2~24.04.1 [1184 kB]
#9 14.34 Get:154 http://archive.ubuntu.com/ubuntu noble-updates/main amd64 libhwasan0 amd64 14.2.0-4ubuntu2~24.04.1 [1641 kB]
#9 14.37 Get:155 http://archive.ubuntu.com/ubuntu noble-updates/main amd64 libquadmath0 amd64 14.2.0-4ubuntu2~24.04.1 [153 kB]
#9 14.37 Get:156 http://archive.ubuntu.com/ubuntu noble-updates/main amd64 libgcc-13-dev amd64 13.3.0-6ubuntu2~24.04.1 [2681 kB]
#9 14.43 Get:157 http://archive.ubuntu.com/ubuntu noble-updates/main amd64 gcc-13-x86-64-linux-gnu amd64 13.3.0-6ubuntu2~24.04.1 [21.1 MB]
#9 14.81 Get:158 http://archive.ubuntu.com/ubuntu noble-updates/main amd64 gcc-13 amd64 13.3.0-6ubuntu2~24.04.1 [494 kB]
#9 14.82 Get:159 http://archive.ubuntu.com/ubuntu noble/main amd64 gcc-x86-64-linux-gnu amd64 4:13.2.0-7ubuntu1 [1212 B]
#9 14.82 Get:160 http://archive.ubuntu.com/ubuntu noble/main amd64 gcc amd64 4:13.2.0-7ubuntu1 [5018 B]
#9 14.82 Get:161 http://archive.ubuntu.com/ubuntu noble-updates/main amd64 libstdc++-13-dev amd64 13.3.0-6ubuntu2~24.04.1 [2420 kB]
#9 14.88 Get:162 http://archive.ubuntu.com/ubuntu noble-updates/main amd64 g++-13-x86-64-linux-gnu amd64 13.3.0-6ubuntu2~24.04.1 [12.2 MB]
#9 15.41 Get:163 http://archive.ubuntu.com/ubuntu noble-updates/main amd64 g++-13 amd64 13.3.0-6ubuntu2~24.04.1 [16.0 kB]
#9 15.41 Get:164 http://archive.ubuntu.com/ubuntu noble/main amd64 g++-x86-64-linux-gnu amd64 4:13.2.0-7ubuntu1 [964 B]
#9 15.44 Get:165 http://archive.ubuntu.com/ubuntu noble/main amd64 g++ amd64 4:13.2.0-7ubuntu1 [1100 B]
#9 15.44 Get:166 http://archive.ubuntu.com/ubuntu noble/main amd64 make amd64 4.3-4.1build2 [180 kB]
#9 15.44 Get:167 http://archive.ubuntu.com/ubuntu noble-updates/main amd64 libdpkg-perl all 1.22.6ubuntu6.6 [268 kB]
#9 15.44 Get:168 http://archive.ubuntu.com/ubuntu noble-updates/main amd64 bzip2 amd64 1.0.8-5.1build0.1 [34.5 kB]
#9 15.45 Get:169 http://archive.ubuntu.com/ubuntu noble/main amd64 patch amd64 2.7.6-7build3 [104 kB]
#9 15.45 Get:170 http://archive.ubuntu.com/ubuntu noble/main amd64 lto-disabled-list all 47 [12.4 kB]
#9 15.45 Get:171 http://archive.ubuntu.com/ubuntu noble-updates/main amd64 dpkg-dev all 1.22.6ubuntu6.6 [1074 kB]
#9 15.46 Get:172 http://archive.ubuntu.com/ubuntu noble/main amd64 build-essential amd64 12.10ubuntu1 [4928 B]
#9 15.46 Get:173 http://archive.ubuntu.com/ubuntu noble-updates/main amd64 libcurl4t64 amd64 8.5.0-2ubuntu10.9 [342 kB]
#9 15.47 Get:174 http://archive.ubuntu.com/ubuntu noble/main amd64 libjsoncpp25 amd64 1.9.5-6build1 [82.8 kB]
#9 15.48 Get:175 http://archive.ubuntu.com/ubuntu noble/main amd64 librhash0 amd64 1.4.3-3build1 [129 kB]
#9 15.48 Get:176 http://archive.ubuntu.com/ubuntu noble/main amd64 cmake-data all 3.28.3-1build7 [2155 kB]
#9 15.57 Get:177 http://archive.ubuntu.com/ubuntu noble/main amd64 cmake amd64 3.28.3-1build7 [11.2 MB]
#9 16.04 Get:178 http://archive.ubuntu.com/ubuntu noble-updates/main amd64 curl amd64 8.5.0-2ubuntu10.9 [227 kB]
#9 16.05 Get:179 http://archive.ubuntu.com/ubuntu noble-updates/main amd64 libdconf1 amd64 0.40.0-4ubuntu0.1 [39.6 kB]
#9 16.05 Get:180 http://archive.ubuntu.com/ubuntu noble-updates/main amd64 dconf-service amd64 0.40.0-4ubuntu0.1 [27.6 kB]
#9 16.05 Get:181 http://archive.ubuntu.com/ubuntu noble-updates/main amd64 dconf-gsettings-backend amd64 0.40.0-4ubuntu0.1 [22.1 kB]
#9 16.05 Get:182 http://archive.ubuntu.com/ubuntu noble/main amd64 desktop-file-utils amd64 0.27-2build1 [53.8 kB]
#9 16.05 Get:183 http://archive.ubuntu.com/ubuntu noble-updates/main amd64 libfreetype6 amd64 2.13.2+dfsg-1ubuntu0.1 [402 kB]
#9 16.06 Get:184 http://archive.ubuntu.com/ubuntu noble/main amd64 fonts-dejavu-mono all 2.37-8 [502 kB]
#9 16.08 Get:185 http://archive.ubuntu.com/ubuntu noble/main amd64 fonts-dejavu-core all 2.37-8 [835 kB]
#9 16.11 Get:186 http://archive.ubuntu.com/ubuntu noble/main amd64 fontconfig-config amd64 2.15.0-1.1ubuntu2 [37.3 kB]
#9 16.11 Get:187 http://archive.ubuntu.com/ubuntu noble/main amd64 libfontconfig1 amd64 2.15.0-1.1ubuntu2 [139 kB]
#9 16.12 Get:188 http://archive.ubuntu.com/ubuntu noble/main amd64 fontconfig amd64 2.15.0-1.1ubuntu2 [180 kB]
#9 16.12 Get:189 http://archive.ubuntu.com/ubuntu noble/universe amd64 gdal-data all 3.8.4+dfsg-3ubuntu3 [261 kB]
#9 16.13 Get:190 http://archive.ubuntu.com/ubuntu noble/universe amd64 gdal-plugins amd64 3.8.4+dfsg-3ubuntu3 [24.8 kB]
#9 16.14 Get:191 http://archive.ubuntu.com/ubuntu noble/main amd64 gettext amd64 0.21-14ubuntu2 [864 kB]
#9 16.17 Get:192 http://archive.ubuntu.com/ubuntu noble/main amd64 libatk1.0-0t64 amd64 2.52.0-1build1 [55.3 kB]
#9 16.17 Get:193 http://archive.ubuntu.com/ubuntu noble/main amd64 gir1.2-atk-1.0 amd64 2.52.0-1build1 [23.1 kB]
#9 16.18 Get:194 http://archive.ubuntu.com/ubuntu noble/main amd64 libpixman-1-0 amd64 0.42.2-1build1 [279 kB]
#9 16.18 Get:195 http://archive.ubuntu.com/ubuntu noble/main amd64 libxcb-render0 amd64 1.15-1ubuntu2 [16.2 kB]
#9 16.18 Get:196 http://archive.ubuntu.com/ubuntu noble/main amd64 libxcb-shm0 amd64 1.15-1ubuntu2 [5756 B]
#9 16.19 Get:197 http://archive.ubuntu.com/ubuntu noble/main amd64 libxrender1 amd64 1:0.9.10-1.1build1 [19.0 kB]
#9 16.19 Get:198 http://archive.ubuntu.com/ubuntu noble/main amd64 libcairo2 amd64 1.18.0-3build1 [566 kB]
#9 16.21 Get:199 http://archive.ubuntu.com/ubuntu noble/main amd64 libcairo-gobject2 amd64 1.18.0-3build1 [127 kB]
#9 16.21 Get:200 http://archive.ubuntu.com/ubuntu noble/main amd64 gir1.2-freedesktop amd64 1.80.1-1 [49.7 kB]
#9 16.21 Get:201 http://archive.ubuntu.com/ubuntu noble/main amd64 libxi6 amd64 2:1.8.1-1build1 [32.4 kB]
#9 16.22 Get:202 http://archive.ubuntu.com/ubuntu noble/main amd64 libatspi2.0-0t64 amd64 2.52.0-1build1 [80.5 kB]
#9 16.23 Get:203 http://archive.ubuntu.com/ubuntu noble/main amd64 gir1.2-atspi-2.0 amd64 2.52.0-1build1 [19.8 kB]
#9 16.24 Get:204 http://archive.ubuntu.com/ubuntu noble-updates/main amd64 liblcms2-2 amd64 2.14-2ubuntu0.1 [161 kB]
#9 16.24 Get:205 http://archive.ubuntu.com/ubuntu noble/main amd64 libcolord2 amd64 1.4.7-1build2 [149 kB]
#9 16.25 Get:206 http://archive.ubuntu.com/ubuntu noble/main amd64 gir1.2-colord-1.0 amd64 1.4.7-1build2 [26.5 kB]
#9 16.25 Get:207 http://archive.ubuntu.com/ubuntu noble-updates/main amd64 gir1.2-gdkpixbuf-2.0 amd64 2.42.10+dfsg-3ubuntu3.3 [9482 B]
#9 16.26 Get:208 http://archive.ubuntu.com/ubuntu noble/main amd64 libgraphite2-3 amd64 1.3.14-2build1 [73.0 kB]
#9 16.27 Get:209 http://archive.ubuntu.com/ubuntu noble/main amd64 libharfbuzz0b amd64 8.3.0-2build2 [469 kB]
#9 16.28 Get:210 http://archive.ubuntu.com/ubuntu noble/main amd64 libharfbuzz-gobject0 amd64 8.3.0-2build2 [34.3 kB]
#9 16.29 Get:211 http://archive.ubuntu.com/ubuntu noble/main amd64 gir1.2-harfbuzz-0.0 amd64 8.3.0-2build2 [44.5 kB]
#9 16.29 Get:212 http://archive.ubuntu.com/ubuntu noble/main amd64 libthai-data all 0.1.29-2build1 [158 kB]
#9 16.30 Get:213 http://archive.ubuntu.com/ubuntu noble/main amd64 libdatrie1 amd64 0.2.13-3build1 [19.0 kB]
#9 16.30 Get:214 http://archive.ubuntu.com/ubuntu noble/main amd64 libthai0 amd64 0.1.29-2build1 [18.9 kB]
#9 16.31 Get:215 http://archive.ubuntu.com/ubuntu noble/main amd64 libpango-1.0-0 amd64 1.52.1+ds-1build1 [231 kB]
#9 16.32 Get:216 http://archive.ubuntu.com/ubuntu noble/main amd64 libpangoft2-1.0-0 amd64 1.52.1+ds-1build1 [42.5 kB]
#9 16.32 Get:217 http://archive.ubuntu.com/ubuntu noble/main amd64 libpangocairo-1.0-0 amd64 1.52.1+ds-1build1 [28.8 kB]
#9 16.33 Get:218 http://archive.ubuntu.com/ubuntu noble/main amd64 libxft2 amd64 2.3.6-1build1 [45.3 kB]
#9 16.34 Get:219 http://archive.ubuntu.com/ubuntu noble/main amd64 libpangoxft-1.0-0 amd64 1.52.1+ds-1build1 [20.3 kB]
#9 16.35 Get:220 http://archive.ubuntu.com/ubuntu noble/main amd64 gir1.2-pango-1.0 amd64 1.52.1+ds-1build1 [34.8 kB]
#9 16.35 Get:221 http://archive.ubuntu.com/ubuntu noble/main amd64 libatk-bridge2.0-0t64 amd64 2.52.0-1build1 [66.0 kB]
#9 16.36 Get:222 http://archive.ubuntu.com/ubuntu noble-updates/main amd64 libavahi-common-data amd64 0.8-13ubuntu6.2 [30.1 kB]
#9 16.36 Get:223 http://archive.ubuntu.com/ubuntu noble-updates/main amd64 libavahi-common3 amd64 0.8-13ubuntu6.2 [23.4 kB]
#9 16.37 Get:224 http://archive.ubuntu.com/ubuntu noble-updates/main amd64 libavahi-client3 amd64 0.8-13ubuntu6.2 [26.8 kB]
#9 16.38 Get:225 http://archive.ubuntu.com/ubuntu noble-updates/main amd64 libcups2t64 amd64 2.4.7-1.2ubuntu7.9 [273 kB]
#9 16.39 Get:226 http://archive.ubuntu.com/ubuntu noble/main amd64 libepoxy0 amd64 1.5.10-1build1 [220 kB]
#9 16.40 Get:227 http://archive.ubuntu.com/ubuntu noble/main amd64 libwayland-client0 amd64 1.22.0-2.1build1 [26.4 kB]
#9 16.40 Get:228 http://archive.ubuntu.com/ubuntu noble/main amd64 libwayland-cursor0 amd64 1.22.0-2.1build1 [10.4 kB]
#9 16.40 Get:229 http://archive.ubuntu.com/ubuntu noble/main amd64 libwayland-egl1 amd64 1.22.0-2.1build1 [5628 B]
#9 16.41 Get:230 http://archive.ubuntu.com/ubuntu noble/main amd64 libxcomposite1 amd64 1:0.4.5-1build3 [6320 B]
#9 16.41 Get:231 http://archive.ubuntu.com/ubuntu noble/main amd64 libxfixes3 amd64 1:6.0.0-2build1 [10.8 kB]
#9 16.43 Get:232 http://archive.ubuntu.com/ubuntu noble/main amd64 libxcursor1 amd64 1:1.2.1-1build1 [20.7 kB]
#9 16.43 Get:233 http://archive.ubuntu.com/ubuntu noble/main amd64 libxdamage1 amd64 1:1.1.6-1build1 [6150 B]
#9 16.43 Get:234 http://archive.ubuntu.com/ubuntu noble/main amd64 libxinerama1 amd64 2:1.1.4-3build1 [6396 B]
#9 16.44 Get:235 http://archive.ubuntu.com/ubuntu noble/main amd64 libxrandr2 amd64 2:1.5.2-2build1 [19.7 kB]
#9 16.44 Get:236 http://archive.ubuntu.com/ubuntu noble-updates/main amd64 libgtk-3-common all 3.24.41-4ubuntu1.3 [1426 kB]
#9 16.51 Get:237 http://archive.ubuntu.com/ubuntu noble-updates/main amd64 libgtk-3-0t64 amd64 3.24.41-4ubuntu1.3 [2913 kB]
#9 16.64 Get:238 http://archive.ubuntu.com/ubuntu noble-updates/main amd64 gir1.2-gtk-3.0 amd64 3.24.41-4ubuntu1.3 [245 kB]
#9 16.65 Get:239 http://archive.ubuntu.com/ubuntu noble/main amd64 libcolord-gtk1t64 amd64 0.3.1-1build2 [18.9 kB]
#9 16.65 Get:240 http://archive.ubuntu.com/ubuntu noble/main amd64 gir1.2-colordgtk-1.0 amd64 0.3.1-1build2 [8924 B]
#9 16.66 Get:241 http://archive.ubuntu.com/ubuntu noble-updates/main amd64 gir1.2-glib-2.0-dev amd64 2.80.0-6ubuntu3.8 [848 kB]
#9 16.70 Get:242 http://archive.ubuntu.com/ubuntu noble/main amd64 gir1.2-freedesktop-dev amd64 1.80.1-1 [28.8 kB]
#9 16.70 Get:243 http://archive.ubuntu.com/ubuntu noble/main amd64 gir1.2-girepository-2.0-dev amd64 1.80.1-1 [41.5 kB]
#9 16.70 Get:244 http://archive.ubuntu.com/ubuntu noble/main amd64 libibus-1.0-5 amd64 1.5.29-2 [181 kB]
#9 16.71 Get:245 http://archive.ubuntu.com/ubuntu noble/main amd64 gir1.2-ibus-1.0 amd64 1.5.29-2 [86.3 kB]
#9 16.72 Get:246 http://archive.ubuntu.com/ubuntu noble/main amd64 libjson-glib-1.0-common all 1.8.0-2build2 [4244 B]
#9 16.72 Get:247 http://archive.ubuntu.com/ubuntu noble/main amd64 libjson-glib-1.0-0 amd64 1.8.0-2build2 [68.0 kB]
#9 16.73 Get:248 http://archive.ubuntu.com/ubuntu noble/main amd64 gir1.2-json-1.0 amd64 1.8.0-2build2 [8836 B]
#9 16.74 Get:249 http://archive.ubuntu.com/ubuntu noble/main amd64 libduktape207 amd64 2.7.0+tests-0ubuntu3 [143 kB]
#9 16.74 Get:250 http://archive.ubuntu.com/ubuntu noble/main amd64 libproxy1v5 amd64 0.5.4-4build1 [26.5 kB]
#9 16.75 Get:251 http://archive.ubuntu.com/ubuntu noble/main amd64 glib-networking-common all 2.80.0-1build1 [6702 B]
#9 16.76 Get:252 http://archive.ubuntu.com/ubuntu noble/main amd64 glib-networking-services amd64 2.80.0-1build1 [12.8 kB]
#9 16.76 Get:253 http://archive.ubuntu.com/ubuntu noble/main amd64 session-migration amd64 0.3.9build1 [9034 B]
#9 16.77 Get:254 http://archive.ubuntu.com/ubuntu noble-updates/main amd64 gsettings-desktop-schemas all 46.1-0ubuntu1 [35.6 kB]
#9 16.77 Get:255 http://archive.ubuntu.com/ubuntu noble/main amd64 glib-networking amd64 2.80.0-1build1 [64.1 kB]
#9 16.78 Get:256 http://archive.ubuntu.com/ubuntu noble-updates/main amd64 libsoup2.4-common all 2.74.3-6ubuntu1.6 [9372 B]
#9 16.78 Get:257 http://archive.ubuntu.com/ubuntu noble-updates/main amd64 libsoup-2.4-1 amd64 2.74.3-6ubuntu1.6 [283 kB]
#9 16.80 Get:258 http://archive.ubuntu.com/ubuntu noble/universe amd64 libosmgpsmap-1.0-1 amd64 1.2.0-2build2 [42.0 kB]
#9 16.80 Get:259 http://archive.ubuntu.com/ubuntu noble/universe amd64 gir1.2-osmgpsmap-1.0 amd64 1.2.0-2build2 [6664 B]
#9 16.80 Get:260 http://archive.ubuntu.com/ubuntu noble/main amd64 librsvg2-2 amd64 2.58.0+dfsg-1build1 [2135 kB]
#9 16.89 Get:261 http://archive.ubuntu.com/ubuntu noble/main amd64 gir1.2-rsvg-2.0 amd64 2.58.0+dfsg-1build1 [11.1 kB]
#9 16.89 Get:262 http://archive.ubuntu.com/ubuntu noble/main amd64 libsecret-common all 0.21.4-1build3 [4962 B]
#9 16.89 Get:263 http://archive.ubuntu.com/ubuntu noble/main amd64 libsecret-1-0 amd64 0.21.4-1build3 [116 kB]
#9 16.90 Get:264 http://archive.ubuntu.com/ubuntu noble/main amd64 gir1.2-secret-1 amd64 0.21.4-1build3 [9424 B]
#9 16.90 Get:265 http://archive.ubuntu.com/ubuntu noble-updates/main amd64 libsoup-gnome-2.4-1 amd64 2.74.3-6ubuntu1.6 [6210 B]
#9 16.91 Get:266 http://archive.ubuntu.com/ubuntu noble-updates/main amd64 gir1.2-soup-2.4 amd64 2.74.3-6ubuntu1.6 [31.9 kB]
#9 16.92 Get:267 http://archive.ubuntu.com/ubuntu noble/main amd64 liberror-perl all 0.17029-2 [25.6 kB]
#9 16.92 Get:268 http://archive.ubuntu.com/ubuntu noble-updates/main amd64 git-man all 1:2.43.0-1ubuntu7.3 [1100 kB]
#9 16.97 Get:269 http://archive.ubuntu.com/ubuntu noble-updates/main amd64 git amd64 1:2.43.0-1ubuntu7.3 [3680 kB]
#9 17.12 Get:270 http://archive.ubuntu.com/ubuntu noble/main amd64 python3-markupsafe amd64 2.1.5-1build2 [12.7 kB]
#9 17.12 Get:271 http://archive.ubuntu.com/ubuntu noble-updates/main amd64 python3-mako all 1.3.2-1ubuntu0.1 [63.4 kB]
#9 17.12 Get:272 http://archive.ubuntu.com/ubuntu noble/main amd64 python3-markdown all 3.5.2-1 [72.0 kB]
#9 17.12 Get:273 http://archive.ubuntu.com/ubuntu noble-updates/main amd64 python3-setuptools all 68.1.2-2ubuntu1.2 [397 kB]
#9 17.14 Get:274 http://archive.ubuntu.com/ubuntu noble/main amd64 gobject-introspection-bin amd64 1.80.1-1 [254 kB]
#9 17.15 Get:275 http://archive.ubuntu.com/ubuntu noble/main amd64 libffi-dev amd64 3.4.6-1build1 [62.8 kB]
#9 17.15 Get:276 http://archive.ubuntu.com/ubuntu noble-updates/main amd64 libglib2.0-bin amd64 2.80.0-6ubuntu3.8 [97.9 kB]
#9 17.16 Get:277 http://archive.ubuntu.com/ubuntu noble/main amd64 python3-packaging all 24.0-1 [41.1 kB]
#9 17.16 Get:278 http://archive.ubuntu.com/ubuntu noble-updates/main amd64 libglib2.0-dev-bin amd64 2.80.0-6ubuntu3.8 [138 kB]
#9 17.35 Get:279 http://archive.ubuntu.com/ubuntu noble-updates/main amd64 uuid-dev amd64 2.39.3-9ubuntu6.5 [33.5 kB]
#9 17.36 Get:280 http://archive.ubuntu.com/ubuntu noble-updates/main amd64 libblkid-dev amd64 2.39.3-9ubuntu6.5 [204 kB]
#9 17.37 Get:281 http://archive.ubuntu.com/ubuntu noble/main amd64 libsepol-dev amd64 3.5-2build1 [384 kB]
#9 17.38 Get:282 http://archive.ubuntu.com/ubuntu noble-updates/main amd64 libpcre2-16-0 amd64 10.42-4ubuntu2.1 [210 kB]
#9 17.39 Get:283 http://archive.ubuntu.com/ubuntu noble-updates/main amd64 libpcre2-32-0 amd64 10.42-4ubuntu2.1 [197 kB]
#9 17.40 Get:284 http://archive.ubuntu.com/ubuntu noble-updates/main amd64 libpcre2-posix3 amd64 10.42-4ubuntu2.1 [6748 B]
#9 17.41 Get:285 http://archive.ubuntu.com/ubuntu noble-updates/main amd64 libpcre2-dev amd64 10.42-4ubuntu2.1 [736 kB]
#9 17.43 Get:286 http://archive.ubuntu.com/ubuntu noble-updates/main amd64 libselinux1-dev amd64 3.5-2ubuntu2.1 [164 kB]
#9 17.44 Get:287 http://archive.ubuntu.com/ubuntu noble-updates/main amd64 libmount-dev amd64 2.39.3-9ubuntu6.5 [14.9 kB]
#9 17.44 Get:288 http://archive.ubuntu.com/ubuntu noble/main amd64 libpkgconf3 amd64 1.8.1-2build1 [30.7 kB]
#9 17.45 Get:289 http://archive.ubuntu.com/ubuntu noble/main amd64 pkgconf-bin amd64 1.8.1-2build1 [20.7 kB]
#9 17.45 Get:290 http://archive.ubuntu.com/ubuntu noble/main amd64 pkgconf amd64 1.8.1-2build1 [16.8 kB]
#9 17.46 Get:291 http://archive.ubuntu.com/ubuntu noble-updates/main amd64 zlib1g-dev amd64 1:1.3.dfsg-3.1ubuntu2.1 [894 kB]
#9 17.50 Get:292 http://archive.ubuntu.com/ubuntu noble-updates/main amd64 libgirepository-2.0-0 amd64 2.80.0-6ubuntu3.8 [73.6 kB]
#9 17.51 Get:293 http://archive.ubuntu.com/ubuntu noble-updates/main amd64 libglib2.0-dev amd64 2.80.0-6ubuntu3.8 [1860 kB]
#9 17.58 Get:294 http://archive.ubuntu.com/ubuntu noble/main amd64 gobject-introspection amd64 1.80.1-1 [105 kB]
#9 17.58 Get:295 http://archive.ubuntu.com/ubuntu noble-updates/main amd64 icu-devtools amd64 74.2-1ubuntu3.1 [212 kB]
#9 17.59 Get:296 http://archive.ubuntu.com/ubuntu noble/main amd64 liburi-perl all 5.27-1 [88.0 kB]
#9 17.60 Get:297 http://archive.ubuntu.com/ubuntu noble/main amd64 libencode-locale-perl all 1.05-3 [11.6 kB]
#9 17.60 Get:298 http://archive.ubuntu.com/ubuntu noble/main amd64 libtimedate-perl all 2.3300-2 [34.0 kB]
#9 17.60 Get:299 http://archive.ubuntu.com/ubuntu noble/main amd64 libhttp-date-perl all 6.06-1 [10.2 kB]
#9 17.60 Get:300 http://archive.ubuntu.com/ubuntu noble/main amd64 libfile-listing-perl all 6.16-1 [11.3 kB]
#9 17.61 Get:301 http://archive.ubuntu.com/ubuntu noble/main amd64 libhtml-tagset-perl all 3.20-6 [11.3 kB]
#9 17.61 Get:302 http://archive.ubuntu.com/ubuntu noble/main amd64 libhtml-parser-perl amd64 3.81-1build3 [85.8 kB]
#9 17.62 Get:303 http://archive.ubuntu.com/ubuntu noble/main amd64 libhtml-tree-perl all 5.07-3 [200 kB]
#9 17.63 Get:304 http://archive.ubuntu.com/ubuntu noble/main amd64 libclone-perl amd64 0.46-1build3 [10.7 kB]
#9 17.63 Get:305 http://archive.ubuntu.com/ubuntu noble/main amd64 libio-html-perl all 1.004-3 [15.9 kB]
#9 17.63 Get:306 http://archive.ubuntu.com/ubuntu noble/main amd64 liblwp-mediatypes-perl all 6.04-2 [20.1 kB]
#9 17.64 Get:307 http://archive.ubuntu.com/ubuntu noble/main amd64 libhttp-message-perl all 6.45-1ubuntu1 [78.2 kB]
#9 17.65 Get:308 http://archive.ubuntu.com/ubuntu noble/main amd64 libhttp-cookies-perl all 6.11-1 [18.2 kB]
#9 17.65 Get:309 http://archive.ubuntu.com/ubuntu noble/main amd64 libhttp-negotiate-perl all 6.01-2 [12.4 kB]
#9 17.66 Get:310 http://archive.ubuntu.com/ubuntu noble/main amd64 perl-openssl-defaults amd64 7build3 [6626 B]
#9 17.66 Get:311 http://archive.ubuntu.com/ubuntu noble/main amd64 libnet-ssleay-perl amd64 1.94-1build4 [316 kB]
#9 17.69 Get:312 http://archive.ubuntu.com/ubuntu noble/main amd64 libio-socket-ssl-perl all 2.085-1 [195 kB]
#9 17.69 Get:313 http://archive.ubuntu.com/ubuntu noble/main amd64 libnet-http-perl all 6.23-1 [22.3 kB]
#9 17.69 Get:314 http://archive.ubuntu.com/ubuntu noble/main amd64 liblwp-protocol-https-perl all 6.13-1 [9006 B]
#9 17.70 Get:315 http://archive.ubuntu.com/ubuntu noble/main amd64 libtry-tiny-perl all 0.31-2 [20.8 kB]
#9 17.70 Get:316 http://archive.ubuntu.com/ubuntu noble/main amd64 libwww-robotrules-perl all 6.02-1 [12.6 kB]
#9 17.70 Get:317 http://archive.ubuntu.com/ubuntu noble/main amd64 libwww-perl all 6.76-1 [138 kB]
#9 17.71 Get:318 http://archive.ubuntu.com/ubuntu noble-updates/main amd64 libxml-parser-perl amd64 2.47-1ubuntu0.24.04.1 [204 kB]
#9 17.72 Get:319 http://archive.ubuntu.com/ubuntu noble/universe amd64 intltool all 0.51.0-6 [44.6 kB]
#9 17.72 Get:320 http://archive.ubuntu.com/ubuntu noble-updates/main amd64 libabsl20220623t64 amd64 20220623.1-3.1ubuntu3.2 [423 kB]
#9 17.74 Get:321 http://archive.ubuntu.com/ubuntu noble/universe amd64 libaec0 amd64 1.1.2-1build1 [22.9 kB]
#9 17.74 Get:322 http://archive.ubuntu.com/ubuntu noble-updates/main amd64 libaom3 amd64 3.8.2-2ubuntu0.1 [1941 kB]
#9 17.82 Get:323 http://archive.ubuntu.com/ubuntu noble-updates/main amd64 libaom-dev amd64 3.8.2-2ubuntu0.1 [2266 kB]
#9 17.93 Get:324 http://archive.ubuntu.com/ubuntu noble-updates/main amd64 libbz2-dev amd64 1.0.8-5.1build0.1 [33.6 kB]
#9 17.93 Get:325 http://archive.ubuntu.com/ubuntu noble-updates/main amd64 liblz4-dev amd64 1.9.4-1build1.1 [87.6 kB]
#9 17.93 Get:326 http://archive.ubuntu.com/ubuntu noble-updates/main amd64 liblzma-dev amd64 5.6.1+really5.4.5-1ubuntu0.2 [176 kB]
#9 17.94 Get:327 http://archive.ubuntu.com/ubuntu noble-updates/main amd64 libicu-dev amd64 74.2-1ubuntu3.1 [11.9 MB]
#9 18.45 Get:328 http://archive.ubuntu.com/ubuntu noble-updates/main amd64 libxml2-dev amd64 2.9.14+dfsg-1.3ubuntu3.7 [782 kB]
#9 18.47 Get:329 http://archive.ubuntu.com/ubuntu noble-updates/main amd64 libzstd-dev amd64 1.5.5+dfsg2-2build1.1 [364 kB]
#9 18.49 Get:330 http://archive.ubuntu.com/ubuntu noble-updates/main amd64 libattr1-dev amd64 1:2.5.2-1build1.1 [23.1 kB]
#9 18.49 Get:331 http://archive.ubuntu.com/ubuntu noble-updates/main amd64 libacl1-dev amd64 2.3.2-1build1.1 [78.5 kB]
#9 18.49 Get:332 http://archive.ubuntu.com/ubuntu noble-updates/main amd64 comerr-dev amd64 2.1-1.47.0-2.4~exp1ubuntu4.1 [43.8 kB]
#9 18.49 Get:333 http://archive.ubuntu.com/ubuntu noble-updates/main amd64 libext2fs-dev amd64 1.47.0-2.4~exp1ubuntu4.1 [300 kB]
#9 18.51 Get:334 http://archive.ubuntu.com/ubuntu noble-updates/main amd64 libgmpxx4ldbl amd64 2:6.3.0+dfsg-2ubuntu6.1 [9888 B]
#9 18.51 Get:335 http://archive.ubuntu.com/ubuntu noble-updates/main amd64 libgmp-dev amd64 2:6.3.0+dfsg-2ubuntu6.1 [340 kB]
#9 18.52 Get:336 http://archive.ubuntu.com/ubuntu noble-updates/main amd64 nettle-dev amd64 3.9.1-2.2build1.1 [1154 kB]
#9 18.56 Get:337 http://archive.ubuntu.com/ubuntu noble-updates/main amd64 libarchive-dev amd64 3.7.2-2ubuntu0.7 [590 kB]
#9 18.59 Get:338 http://archive.ubuntu.com/ubuntu noble-updates/main amd64 libblas3 amd64 3.12.0-3build1.1 [238 kB]
#9 18.59 Get:339 http://archive.ubuntu.com/ubuntu noble-updates/main amd64 libgfortran5 amd64 14.2.0-4ubuntu2~24.04.1 [916 kB]
#9 18.63 Get:340 http://archive.ubuntu.com/ubuntu noble-updates/main amd64 liblapack3 amd64 3.12.0-3build1.1 [2646 kB]
#9 18.73 Get:341 http://archive.ubuntu.com/ubuntu noble/universe amd64 libarpack2t64 amd64 3.9.1-1.1build2 [106 kB]
#9 18.73 Get:342 http://archive.ubuntu.com/ubuntu noble/universe amd64 libsuperlu6 amd64 6.0.1+dfsg1-1build1 [180 kB]
#9 18.74 Get:343 http://archive.ubuntu.com/ubuntu noble/universe amd64 libarmadillo12 amd64 1:12.6.7+dfsg-1build2 [106 kB]
#9 18.75 Get:344 http://archive.ubuntu.com/ubuntu noble-updates/main amd64 libasound2-data all 1.2.11-1ubuntu0.2 [21.3 kB]
#9 18.75 Get:345 http://archive.ubuntu.com/ubuntu noble-updates/main amd64 libasound2t64 amd64 1.2.11-1ubuntu0.2 [398 kB]
#9 18.76 Get:346 http://archive.ubuntu.com/ubuntu noble-updates/main amd64 libasound2-dev amd64 1.2.11-1ubuntu0.2 [115 kB]
#9 18.77 Get:347 http://archive.ubuntu.com/ubuntu noble/main amd64 libasyncns0 amd64 0.8-6build4 [11.3 kB]
#9 18.77 Get:348 http://archive.ubuntu.com/ubuntu noble/main amd64 libatk1.0-dev amd64 2.52.0-1build1 [100 kB]
#9 18.78 Get:349 http://archive.ubuntu.com/ubuntu noble/main amd64 xml-core all 0.19 [20.3 kB]
#9 18.78 Get:350 http://archive.ubuntu.com/ubuntu noble-updates/main amd64 libdbus-1-dev amd64 1.14.10-4ubuntu4.1 [190 kB]
#9 18.79 Get:351 http://archive.ubuntu.com/ubuntu noble/main amd64 x11-common all 1:7.7+23ubuntu3 [21.7 kB]
#9 18.80 Get:352 http://archive.ubuntu.com/ubuntu noble/main amd64 libxtst6 amd64 2:1.2.3-1.1build1 [12.6 kB]
#9 18.80 Get:353 http://archive.ubuntu.com/ubuntu noble/main amd64 xorg-sgml-doctools all 1:1.11-1.1 [10.9 kB]
#9 18.81 Get:354 http://archive.ubuntu.com/ubuntu noble/main amd64 x11proto-dev all 2023.2-1 [602 kB]
#9 18.83 Get:355 http://archive.ubuntu.com/ubuntu noble/main amd64 libxau-dev amd64 1:1.0.9-1build6 [9570 B]
#9 18.83 Get:356 http://archive.ubuntu.com/ubuntu noble/main amd64 x11proto-core-dev all 2023.2-1 [2444 B]
#9 18.84 Get:357 http://archive.ubuntu.com/ubuntu noble/main amd64 libxdmcp-dev amd64 1:1.1.3-0ubuntu6 [26.5 kB]
#9 18.85 Get:358 http://archive.ubuntu.com/ubuntu noble/main amd64 xtrans-dev all 1.4.0-1 [68.9 kB]
#9 18.85 Get:359 http://archive.ubuntu.com/ubuntu noble/main amd64 libpthread-stubs0-dev amd64 0.4-1build3 [4746 B]
#9 18.86 Get:360 http://archive.ubuntu.com/ubuntu noble/main amd64 libxcb1-dev amd64 1.15-1ubuntu2 [85.8 kB]
#9 18.86 Get:361 http://archive.ubuntu.com/ubuntu noble/main amd64 libx11-dev amd64 2:1.8.7-1build1 [732 kB]
#9 18.90 Get:362 http://archive.ubuntu.com/ubuntu noble/main amd64 libxext-dev amd64 2:1.3.4-1build2 [83.5 kB]
#9 18.91 Get:363 http://archive.ubuntu.com/ubuntu noble/main amd64 libxfixes-dev amd64 1:6.0.0-2build1 [12.1 kB]
#9 18.91 Get:364 http://archive.ubuntu.com/ubuntu noble/main amd64 libxi-dev amd64 2:1.8.1-1build1 [194 kB]
#9 18.91 Get:365 http://archive.ubuntu.com/ubuntu noble/main amd64 libxtst-dev amd64 2:1.2.3-1.1build1 [15.9 kB]
#9 18.92 Get:366 http://archive.ubuntu.com/ubuntu noble/main amd64 libatspi2.0-dev amd64 2.52.0-1build1 [76.2 kB]
#9 18.92 Get:367 http://archive.ubuntu.com/ubuntu noble/main amd64 libatk-bridge2.0-dev amd64 2.52.0-1build1 [4284 B]
#9 18.93 Get:368 http://archive.ubuntu.com/ubuntu noble-updates/universe amd64 libva2 amd64 2.20.0-2ubuntu0.1 [66.3 kB]
#9 18.93 Get:369 http://archive.ubuntu.com/ubuntu noble-updates/universe amd64 libva-drm2 amd64 2.20.0-2ubuntu0.1 [7132 B]
#9 18.94 Get:370 http://archive.ubuntu.com/ubuntu noble/main amd64 libx11-xcb1 amd64 2:1.8.7-1build1 [7800 B]
#9 18.95 Get:371 http://archive.ubuntu.com/ubuntu noble/main amd64 libxcb-dri3-0 amd64 1.15-1ubuntu2 [7142 B]
#9 18.95 Get:372 http://archive.ubuntu.com/ubuntu noble-updates/universe amd64 libva-x11-2 amd64 2.20.0-2ubuntu0.1 [12.0 kB]
#9 18.96 Get:373 http://archive.ubuntu.com/ubuntu noble/main amd64 libvdpau1 amd64 1.5-2build1 [27.8 kB]
#9 18.96 Get:374 http://archive.ubuntu.com/ubuntu noble-updates/main amd64 libpciaccess0 amd64 0.17-3ubuntu0.24.04.2 [18.9 kB]
#9 18.97 Get:375 http://archive.ubuntu.com/ubuntu noble-updates/main amd64 libdrm-intel1 amd64 2.4.125-1ubuntu0.1~24.04.1 [63.8 kB]
#9 18.97 Get:376 http://archive.ubuntu.com/ubuntu noble/universe amd64 libvpl2 amd64 2023.3.0-1build1 [99.8 kB]
#9 18.98 Get:377 http://archive.ubuntu.com/ubuntu noble/universe amd64 ocl-icd-libopencl1 amd64 2.3.2-1build1 [38.5 kB]
#9 18.99 Get:378 http://archive.ubuntu.com/ubuntu noble/universe amd64 libavutil58 amd64 7:6.1.1-3ubuntu5 [401 kB]
#9 19.00 Get:379 http://archive.ubuntu.com/ubuntu noble/universe amd64 libcodec2-1.2 amd64 1.2.0-2build1 [8998 kB]
#9 19.35 Get:380 http://archive.ubuntu.com/ubuntu noble/universe amd64 libdav1d7 amd64 1.4.1-1build1 [604 kB]
#9 19.39 Get:381 http://archive.ubuntu.com/ubuntu noble/universe amd64 libgsm1 amd64 1.0.22-1build1 [27.8 kB]
#9 19.39 Get:382 http://archive.ubuntu.com/ubuntu noble/universe amd64 libhwy1t64 amd64 1.0.7-8.1build1 [584 kB]
#9 19.41 Get:383 http://archive.ubuntu.com/ubuntu noble-updates/universe amd64 libjxl0.7 amd64 0.7.0-10.2ubuntu6.1 [1001 kB]
#9 19.45 Get:384 http://archive.ubuntu.com/ubuntu noble/main amd64 libmp3lame0 amd64 3.100-6build1 [142 kB]
#9 19.45 Get:385 http://archive.ubuntu.com/ubuntu noble-updates/main amd64 libopenjp2-7 amd64 2.5.0-2ubuntu0.5 [174 kB]
#9 19.46 Get:386 http://archive.ubuntu.com/ubuntu noble/main amd64 libopus0 amd64 1.4-1build1 [208 kB]
#9 19.47 Get:387 http://archive.ubuntu.com/ubuntu noble/universe amd64 librav1e0 amd64 0.7.1-2 [1022 kB]
#9 19.51 Get:388 http://archive.ubuntu.com/ubuntu noble/universe amd64 libshine3 amd64 3.1.1-2build1 [23.2 kB]
#9 19.51 Get:389 http://archive.ubuntu.com/ubuntu noble/main amd64 libsnappy1v5 amd64 1.1.10-1build1 [28.6 kB]
#9 19.51 Get:390 http://archive.ubuntu.com/ubuntu noble-updates/main amd64 libspeex1 amd64 1.2.1-2ubuntu2.24.04.1 [59.6 kB]
#9 19.51 Get:391 http://archive.ubuntu.com/ubuntu noble/universe amd64 libsvtav1enc1d1 amd64 1.7.0+dfsg-2build1 [2425 kB]
#9 19.62 Get:392 http://archive.ubuntu.com/ubuntu noble/universe amd64 libsoxr0 amd64 0.1.3-4build3 [80.0 kB]
#9 19.62 Get:393 http://archive.ubuntu.com/ubuntu noble/universe amd64 libswresample4 amd64 7:6.1.1-3ubuntu5 [63.8 kB]
#9 19.62 Get:394 http://archive.ubuntu.com/ubuntu noble/main amd64 libogg0 amd64 1.3.5-3build1 [22.7 kB]
#9 19.62 Get:395 http://archive.ubuntu.com/ubuntu noble/main amd64 libtheora0 amd64 1.1.1+dfsg.1-16.1build3 [211 kB]
#9 19.64 Get:396 http://archive.ubuntu.com/ubuntu noble/main amd64 libtwolame0 amd64 0.4.0-2build3 [52.3 kB]
#9 19.64 Get:397 http://archive.ubuntu.com/ubuntu noble/main amd64 libvorbis0a amd64 1.3.7-1build3 [97.6 kB]
#9 19.64 Get:398 http://archive.ubuntu.com/ubuntu noble/main amd64 libvorbisenc2 amd64 1.3.7-1build3 [80.8 kB]
#9 19.64 Get:399 http://archive.ubuntu.com/ubuntu noble-updates/main amd64 libvpx9 amd64 1.14.0-1ubuntu2.3 [1143 kB]
#9 19.68 Get:400 http://archive.ubuntu.com/ubuntu noble/main amd64 libwebpmux3 amd64 1.3.2-0.4build3 [25.7 kB]
#9 19.68 Get:401 http://archive.ubuntu.com/ubuntu noble/universe amd64 libx264-164 amd64 2:0.164.3108+git31e19f9-1 [604 kB]
#9 19.71 Get:402 http://archive.ubuntu.com/ubuntu noble/universe amd64 libx265-199 amd64 3.5-2build1 [1226 kB]
#9 19.77 Get:403 http://archive.ubuntu.com/ubuntu noble/universe amd64 libxvidcore4 amd64 2:1.3.7-1build1 [219 kB]
#9 ...

#10 [runtime 2/8] RUN apt-get update && apt-get install -y --no-install-recommends     libarchive13 libavif16 libcairo2 libcolord2 libcolord-gtk1     libcurl3-gnutls libexiv2-27 libglib2.0-0 libgmic1     libgphoto2-6 libgraphicsmagick-q16-3 libgtk-3-0 libheif1     libjpeg8 libjson-glib-1.0-0 liblcms2-2 liblensfun1     liblua5.4-0 libopenexr-3-1-30 libopenjp2-7     libosmgpsmap-1.0-1 libpng16-16 libportmidi0 libpotrace0     libpugixml1v5 libraw23 librsvg2-2 libsqlite3-0 libtiff6     libwebp7 libx11-6 libxml2 zlib1g libsdl2-2.0-0     libsecret-1-0 lua5.4     pocl-opencl-icd     libgdk-pixbuf2.0-bin shared-mime-info     python3-xdg     xkb-data     && rm -rf /var/lib/apt/lists/*     && (/usr/lib/x86_64-linux-gnu/gdk-pixbuf-2.0/gdk-pixbuf-query-loaders --update-cache || true)     && update-mime-database /usr/share/mime
#10 9.694 Get:3 http://archive.ubuntu.com/ubuntu noble-updates/main amd64 libgomp1 amd64 14.2.0-4ubuntu2~24.04.1 [148 kB]
#10 9.701 Get:4 http://archive.ubuntu.com/ubuntu noble-updates/main amd64 libgfortran5 amd64 14.2.0-4ubuntu2~24.04.1 [916 kB]
#10 9.727 Get:5 http://archive.ubuntu.com/ubuntu noble-updates/main amd64 libstdc++6 amd64 14.2.0-4ubuntu2~24.04.1 [792 kB]
#10 9.746 Get:6 http://archive.ubuntu.com/ubuntu noble-updates/main amd64 libc6 amd64 2.39-0ubuntu8.7 [3,263 kB]
#10 9.805 Get:7 http://archive.ubuntu.com/ubuntu noble-updates/main amd64 libc-bin amd64 2.39-0ubuntu8.7 [682 kB]
#10 9.826 Get:8 http://archive.ubuntu.com/ubuntu noble-updates/main amd64 libglib2.0-data all 2.80.0-6ubuntu3.8 [49.6 kB]
#10 9.827 Get:9 http://archive.ubuntu.com/ubuntu noble-updates/main amd64 libglib2.0-bin amd64 2.80.0-6ubuntu3.8 [97.9 kB]
#10 9.831 Get:10 http://archive.ubuntu.com/ubuntu noble-updates/main amd64 gir1.2-glib-2.0 amd64 2.80.0-6ubuntu3.8 [183 kB]
#10 9.839 Get:11 http://archive.ubuntu.com/ubuntu noble-updates/main amd64 libglib2.0-0t64 amd64 2.80.0-6ubuntu3.8 [1,545 kB]
#10 9.899 Get:12 http://archive.ubuntu.com/ubuntu noble-updates/main amd64 libsqlite3-0 amd64 3.45.1-1ubuntu2.5 [701 kB]
#10 9.910 Get:13 http://archive.ubuntu.com/ubuntu noble-updates/main amd64 libxml2 amd64 2.9.14+dfsg-1.3ubuntu3.7 [764 kB]
#10 9.923 Get:14 http://archive.ubuntu.com/ubuntu noble-updates/main amd64 locales all 2.39-0ubuntu8.7 [4,225 kB]
#10 10.06 Get:15 http://archive.ubuntu.com/ubuntu noble/main amd64 libjansson4 amd64 2.14-2build2 [32.8 kB]
#10 10.06 Get:16 http://archive.ubuntu.com/ubuntu noble-updates/main amd64 libpng16-16t64 amd64 1.6.43-5ubuntu0.6 [189 kB]
#10 10.06 Get:17 http://archive.ubuntu.com/ubuntu noble-updates/main amd64 libgdk-pixbuf2.0-common all 2.42.10+dfsg-3ubuntu3.3 [8,302 B]
#10 10.06 Get:18 http://archive.ubuntu.com/ubuntu noble-updates/main amd64 libtiff6 amd64 4.5.1+git230720-4ubuntu2.5 [200 kB]
#10 10.06 Get:19 http://archive.ubuntu.com/ubuntu noble-updates/main amd64 libgdk-pixbuf-2.0-0 amd64 2.42.10+dfsg-3ubuntu3.3 [147 kB]
#10 10.07 Get:20 http://archive.ubuntu.com/ubuntu noble-updates/main amd64 gtk-update-icon-cache amd64 3.24.41-4ubuntu1.3 [51.9 kB]
#10 10.07 Get:21 http://archive.ubuntu.com/ubuntu noble/main amd64 hicolor-icon-theme all 0.17-2 [9,976 B]
#10 10.07 Get:22 http://archive.ubuntu.com/ubuntu noble/main amd64 humanity-icon-theme all 0.6.16 [1,282 kB]
#10 10.08 Get:23 http://archive.ubuntu.com/ubuntu noble/main amd64 ubuntu-mono all 24.04-0ubuntu1 [151 kB]
#10 10.10 Get:24 http://archive.ubuntu.com/ubuntu noble/main amd64 adwaita-icon-theme all 46.0-1 [723 kB]
#10 10.13 Get:25 http://archive.ubuntu.com/ubuntu noble/main amd64 at-spi2-common all 2.52.0-1build1 [8,674 B]
#10 10.13 Get:26 http://archive.ubuntu.com/ubuntu noble-updates/main amd64 binutils-common amd64 2.42-4ubuntu2.10 [240 kB]
#10 10.13 Get:27 http://archive.ubuntu.com/ubuntu noble-updates/main amd64 libsframe1 amd64 2.42-4ubuntu2.10 [15.7 kB]
#10 10.14 Get:28 http://archive.ubuntu.com/ubuntu noble-updates/main amd64 libbinutils amd64 2.42-4ubuntu2.10 [577 kB]
#10 10.15 Get:29 http://archive.ubuntu.com/ubuntu noble-updates/main amd64 libctf-nobfd0 amd64 2.42-4ubuntu2.10 [98.0 kB]
#10 10.16 Get:30 http://archive.ubuntu.com/ubuntu noble-updates/main amd64 libctf0 amd64 2.42-4ubuntu2.10 [94.5 kB]
#10 10.16 Get:31 http://archive.ubuntu.com/ubuntu noble-updates/main amd64 libgprofng0 amd64 2.42-4ubuntu2.10 [849 kB]
#10 10.18 Get:32 http://archive.ubuntu.com/ubuntu noble-updates/main amd64 binutils-x86-64-linux-gnu amd64 2.42-4ubuntu2.10 [2,463 kB]
#10 10.23 Get:33 http://archive.ubuntu.com/ubuntu noble-updates/main amd64 binutils amd64 2.42-4ubuntu2.10 [18.2 kB]
#10 10.23 Get:34 http://archive.ubuntu.com/ubuntu noble/universe amd64 libllvm16t64 amd64 1:16.0.6-23ubuntu4 [25.6 MB]
#10 10.91 Get:35 http://archive.ubuntu.com/ubuntu noble/universe amd64 libclang-cpp16t64 amd64 1:16.0.6-23ubuntu4 [12.6 MB]
#10 11.05 Get:36 http://archive.ubuntu.com/ubuntu noble-updates/main amd64 cpp-13 amd64 13.3.0-6ubuntu2~24.04.1 [1,042 B]
#10 11.08 Get:37 http://archive.ubuntu.com/ubuntu noble-updates/main amd64 cpp-13-x86-64-linux-gnu amd64 13.3.0-6ubuntu2~24.04.1 [10.7 MB]
#10 11.24 Get:38 http://archive.ubuntu.com/ubuntu noble-updates/main amd64 gcc-13-base amd64 13.3.0-6ubuntu2~24.04.1 [51.6 kB]
#10 11.24 Get:39 http://archive.ubuntu.com/ubuntu noble-updates/main amd64 libitm1 amd64 14.2.0-4ubuntu2~24.04.1 [29.7 kB]
#10 11.25 Get:40 http://archive.ubuntu.com/ubuntu noble-updates/main amd64 libatomic1 amd64 14.2.0-4ubuntu2~24.04.1 [10.5 kB]
#10 11.25 Get:41 http://archive.ubuntu.com/ubuntu noble-updates/main amd64 libasan8 amd64 14.2.0-4ubuntu2~24.04.1 [3,027 kB]
#10 11.38 Get:42 http://archive.ubuntu.com/ubuntu noble-updates/main amd64 liblsan0 amd64 14.2.0-4ubuntu2~24.04.1 [1,322 kB]
#10 11.39 Get:43 http://archive.ubuntu.com/ubuntu noble-updates/main amd64 libtsan2 amd64 14.2.0-4ubuntu2~24.04.1 [2,772 kB]
#10 11.42 Get:44 http://archive.ubuntu.com/ubuntu noble-updates/main amd64 libubsan1 amd64 14.2.0-4ubuntu2~24.04.1 [1,184 kB]
#10 11.44 Get:45 http://archive.ubuntu.com/ubuntu noble-updates/main amd64 libhwasan0 amd64 14.2.0-4ubuntu2~24.04.1 [1,641 kB]
#10 11.46 Get:46 http://archive.ubuntu.com/ubuntu noble-updates/main amd64 libquadmath0 amd64 14.2.0-4ubuntu2~24.04.1 [153 kB]
#10 11.46 Get:47 http://archive.ubuntu.com/ubuntu noble-updates/main amd64 libgcc-13-dev amd64 13.3.0-6ubuntu2~24.04.1 [2,681 kB]
#10 11.59 Get:48 http://archive.ubuntu.com/ubuntu noble-updates/main amd64 libc-dev-bin amd64 2.39-0ubuntu8.7 [20.4 kB]
#10 11.59 Get:49 http://archive.ubuntu.com/ubuntu noble-updates/main amd64 linux-libc-dev amd64 6.8.0-124.124 [1,442 kB]
#10 11.62 Get:50 http://archive.ubuntu.com/ubuntu noble/main amd64 libcrypt-dev amd64 1:4.4.36-4build1 [112 kB]
#10 11.62 Get:51 http://archive.ubuntu.com/ubuntu noble/main amd64 rpcsvc-proto amd64 1.4.2-0ubuntu7 [67.4 kB]
#10 11.62 Get:52 http://archive.ubuntu.com/ubuntu noble-updates/main amd64 libc6-dev amd64 2.39-0ubuntu8.7 [2,124 kB]
#10 11.72 Get:53 http://archive.ubuntu.com/ubuntu noble-updates/main amd64 libstdc++-13-dev amd64 13.3.0-6ubuntu2~24.04.1 [2,420 kB]
#10 11.75 Get:54 http://archive.ubuntu.com/ubuntu noble/main amd64 libgc1 amd64 1:8.2.6-1build1 [90.3 kB]
#10 11.75 Get:55 http://archive.ubuntu.com/ubuntu noble-updates/universe amd64 libobjc4 amd64 14.2.0-4ubuntu2~24.04.1 [47.1 kB]
#10 11.75 Get:56 http://archive.ubuntu.com/ubuntu noble-updates/universe amd64 libobjc-13-dev amd64 13.3.0-6ubuntu2~24.04.1 [194 kB]
#10 11.75 Get:57 http://archive.ubuntu.com/ubuntu noble/universe amd64 libclang-common-16-dev amd64 1:16.0.6-23ubuntu4 [631 kB]
#10 11.76 Get:58 http://archive.ubuntu.com/ubuntu noble/universe amd64 llvm-16-linker-tools amd64 1:16.0.6-23ubuntu4 [1,301 kB]
#10 11.77 Get:59 http://archive.ubuntu.com/ubuntu noble/universe amd64 libclang1-16t64 amd64 1:16.0.6-23ubuntu4 [7,254 kB]
#10 11.84 Get:60 http://archive.ubuntu.com/ubuntu noble/universe amd64 clang-16 amd64 1:16.0.6-23ubuntu4 [80.8 kB]
#10 11.84 Get:61 http://archive.ubuntu.com/ubuntu noble-updates/main amd64 curl amd64 8.5.0-2ubuntu10.9 [227 kB]
#10 11.84 Get:62 http://archive.ubuntu.com/ubuntu noble-updates/main amd64 libcurl4t64 amd64 8.5.0-2ubuntu10.9 [342 kB]
#10 11.85 Get:63 http://archive.ubuntu.com/ubuntu noble/universe amd64 gdal-data all 3.8.4+dfsg-3ubuntu3 [261 kB]
#10 11.85 Get:64 http://archive.ubuntu.com/ubuntu noble/universe amd64 gdal-plugins amd64 3.8.4+dfsg-3ubuntu3 [24.8 kB]
#10 11.86 Get:65 http://archive.ubuntu.com/ubuntu noble-updates/main amd64 libabsl20220623t64 amd64 20220623.1-3.1ubuntu3.2 [423 kB]
#10 11.87 Get:66 http://archive.ubuntu.com/ubuntu noble/universe amd64 libaec0 amd64 1.1.2-1build1 [22.9 kB]
#10 11.88 Get:67 http://archive.ubuntu.com/ubuntu noble-updates/main amd64 libarchive13t64 amd64 3.7.2-2ubuntu0.7 [382 kB]
#10 11.89 Get:68 http://archive.ubuntu.com/ubuntu noble/universe amd64 libarpack2t64 amd64 3.9.1-1.1build2 [106 kB]
#10 11.90 Get:69 http://archive.ubuntu.com/ubuntu noble/universe amd64 libsuperlu6 amd64 6.0.1+dfsg1-1build1 [180 kB]
#10 11.91 Get:70 http://archive.ubuntu.com/ubuntu noble/universe amd64 libarmadillo12 amd64 1:12.6.7+dfsg-1build2 [106 kB]
#10 11.91 Get:71 http://archive.ubuntu.com/ubuntu noble/main amd64 libatk1.0-0t64 amd64 2.52.0-1build1 [55.3 kB]
#10 11.92 Get:72 http://archive.ubuntu.com/ubuntu noble/main amd64 libatspi2.0-0t64 amd64 2.52.0-1build1 [80.5 kB]
#10 11.92 Get:73 http://archive.ubuntu.com/ubuntu noble/main amd64 libatk-bridge2.0-0t64 amd64 2.52.0-1build1 [66.0 kB]
#10 11.92 Get:74 http://archive.ubuntu.com/ubuntu noble/universe amd64 libgav1-1 amd64 0.18.0-1build3 [357 kB]
#10 11.93 Get:75 http://archive.ubuntu.com/ubuntu noble/universe amd64 libyuv0 amd64 0.0~git202401110.af6ac82-1 [178 kB]
#10 11.97 Get:76 http://archive.ubuntu.com/ubuntu noble/universe amd64 libavif16 amd64 1.0.4-1ubuntu3 [91.2 kB]
#10 11.98 Get:77 http://archive.ubuntu.com/ubuntu noble/universe amd64 libblosc1 amd64 1.21.5+ds-1build1 [36.2 kB]
#10 11.99 Get:78 http://archive.ubuntu.com/ubuntu noble-updates/main amd64 libcurl3t64-gnutls amd64 8.5.0-2ubuntu10.9 [334 kB]
#10 11.99 Get:79 http://archive.ubuntu.com/ubuntu noble/universe amd64 libcfitsio10t64 amd64 4.3.1-1.1build2 [528 kB]
#10 12.00 Get:80 http://archive.ubuntu.com/ubuntu noble/universe amd64 libcharls2 amd64 2.4.2-2build2 [90.4 kB]
#10 12.00 Get:81 http://archive.ubuntu.com/ubuntu noble-updates/main amd64 liblcms2-2 amd64 2.14-2ubuntu0.1 [161 kB]
#10 12.00 Get:82 http://archive.ubuntu.com/ubuntu noble/main amd64 libcolord2 amd64 1.4.7-1build2 [149 kB]
#10 12.00 Get:83 http://archive.ubuntu.com/ubuntu noble-updates/main amd64 libgtk-3-common all 3.24.41-4ubuntu1.3 [1,426 kB]
#10 12.02 Get:84 http://archive.ubuntu.com/ubuntu noble-updates/main amd64 libgtk-3-0t64 amd64 3.24.41-4ubuntu1.3 [2,913 kB]
#10 12.06 Get:85 http://archive.ubuntu.com/ubuntu noble/main amd64 libcolord-gtk1t64 amd64 0.3.1-1build2 [18.9 kB]
#10 12.06 Get:86 http://archive.ubuntu.com/ubuntu noble-updates/main amd64 libexiv2-27 amd64 0.27.6-1ubuntu0.3 [839 kB]
#10 12.08 Get:87 http://archive.ubuntu.com/ubuntu noble/universe amd64 libfyba0t64 amd64 4.1.1-11build1 [119 kB]
#10 12.08 Get:88 http://archive.ubuntu.com/ubuntu noble-updates/main amd64 libheif-plugin-libde265 amd64 1.17.6-1ubuntu4.3 [8,156 B]
#10 12.09 Get:89 http://archive.ubuntu.com/ubuntu noble-updates/main amd64 libheif1 amd64 1.17.6-1ubuntu4.3 [276 kB]
#10 12.09 Get:90 http://archive.ubuntu.com/ubuntu noble-updates/main amd64 libheif-plugin-aomdec amd64 1.17.6-1ubuntu4.3 [10.6 kB]
#10 12.10 Get:91 http://archive.ubuntu.com/ubuntu noble/main amd64 libgd3 amd64 2.3.3-9ubuntu5 [128 kB]
#10 12.10 Get:92 http://archive.ubuntu.com/ubuntu noble-updates/universe amd64 libminizip1t64 amd64 1:1.3.dfsg-3.1ubuntu2.1 [22.2 kB]
#10 12.11 Get:93 http://archive.ubuntu.com/ubuntu noble/universe amd64 libfreexl1 amd64 2.0.0-1build2 [41.7 kB]
#10 12.11 Get:94 http://archive.ubuntu.com/ubuntu noble/universe amd64 libgeos3.12.1t64 amd64 3.12.1-3build1 [849 kB]
#10 12.13 Get:95 http://archive.ubuntu.com/ubuntu noble/universe amd64 libgeos-c1t64 amd64 3.12.1-3build1 [94.5 kB]
#10 12.13 Get:96 http://archive.ubuntu.com/ubuntu noble/universe amd64 proj-data all 9.4.0-1build2 [7,885 kB]
#10 12.39 Get:97 http://archive.ubuntu.com/ubuntu noble/universe amd64 libproj25 amd64 9.4.0-1build2 [1,396 kB]
#10 12.40 Get:98 http://archive.ubuntu.com/ubuntu noble/universe amd64 libgeotiff5 amd64 1.7.1-5build1 [62.9 kB]
#10 12.41 Get:99 http://archive.ubuntu.com/ubuntu noble/universe amd64 libhdf4-0-alt amd64 4.2.16-4build1 [282 kB]
#10 12.41 Get:100 http://archive.ubuntu.com/ubuntu noble/universe amd64 libsz2 amd64 1.1.2-1build1 [5,476 B]
#10 12.41 Get:101 http://archive.ubuntu.com/ubuntu noble/universe amd64 libhdf5-103-1t64 amd64 1.10.10+repack-3.1ubuntu4 [1,270 kB]
#10 12.42 Get:102 http://archive.ubuntu.com/ubuntu noble/universe amd64 liburiparser1 amd64 0.9.7+dfsg-2build1 [35.8 kB]
#10 12.42 Get:103 http://archive.ubuntu.com/ubuntu noble/universe amd64 libkmlbase1t64 amd64 1.3.0-12build1 [49.9 kB]
#10 12.42 Get:104 http://archive.ubuntu.com/ubuntu noble/universe amd64 libkmldom1t64 amd64 1.3.0-12build1 [156 kB]
#10 12.42 Get:105 http://archive.ubuntu.com/ubuntu noble/universe amd64 libkmlengine1t64 amd64 1.3.0-12build1 [71.4 kB]
#10 12.44 Get:106 http://archive.ubuntu.com/ubuntu noble/main amd64 mysql-common all 5.8+1.1.0build1 [6,746 B]
#10 12.44 Get:107 http://archive.ubuntu.com/ubuntu noble-updates/main amd64 libmysqlclient21 amd64 8.0.45-0ubuntu0.24.04.1 [1,255 kB]
#10 12.49 Get:108 http://archive.ubuntu.com/ubuntu noble/universe amd64 libhdf5-hl-100t64 amd64 1.10.10+repack-3.1ubuntu4 [56.0 kB]
#10 12.49 Get:109 http://archive.ubuntu.com/ubuntu noble/universe amd64 libnetcdf19t64 amd64 1:4.9.2-5ubuntu4 [473 kB]
#10 12.50 Get:110 http://archive.ubuntu.com/ubuntu noble-updates/main amd64 libodbc2 amd64 2.3.12-1ubuntu0.24.04.1 [158 kB]
#10 12.51 Get:111 http://archive.ubuntu.com/ubuntu noble-updates/main amd64 unixodbc-common all 2.3.12-1ubuntu0.24.04.1 [8,806 B]
#10 12.51 Get:112 http://archive.ubuntu.com/ubuntu noble-updates/main amd64 libodbcinst2 amd64 2.3.12-1ubuntu0.24.04.1 [30.7 kB]
#10 12.51 Get:113 http://archive.ubuntu.com/ubuntu noble/universe amd64 libogdi4.1 amd64 4.1.1+ds-3build1 [226 kB]
#10 12.51 Get:114 http://archive.ubuntu.com/ubuntu noble-updates/main amd64 libopenjp2-7 amd64 2.5.0-2ubuntu0.5 [174 kB]
#10 12.52 Get:115 http://archive.ubuntu.com/ubuntu noble-updates/main amd64 libpq5 amd64 16.14-0ubuntu0.24.04.1 [147 kB]
#10 12.52 Get:116 http://archive.ubuntu.com/ubuntu noble/universe amd64 libqhull-r8.0 amd64 2020.2-6build1 [193 kB]
#10 12.53 Get:117 http://archive.ubuntu.com/ubuntu noble/universe amd64 librttopo1 amd64 1.1.0-3build2 [191 kB]
#10 12.54 Get:118 http://archive.ubuntu.com/ubuntu noble/universe amd64 libspatialite8t64 amd64 5.1.0-3build1 [1,919 kB]
#10 12.58 Get:119 http://archive.ubuntu.com/ubuntu noble/universe amd64 libxerces-c3.2t64 amd64 3.2.4+debian-1.2ubuntu2 [919 kB]
#10 12.59 Get:120 http://archive.ubuntu.com/ubuntu noble/universe amd64 libgdal34t64 amd64 3.8.4+dfsg-3ubuntu3 [8,346 kB]
#10 12.72 Get:121 http://archive.ubuntu.com/ubuntu noble/universe amd64 libsocket++1 amd64 1.12.13+git20131030.5d039ba-1build1 [83.1 kB]
#10 12.72 Get:122 http://archive.ubuntu.com/ubuntu noble/universe amd64 libgdcm3.0t64 amd64 3.0.22-2.1ubuntu1 [2,160 kB]
#10 12.78 Get:123 http://archive.ubuntu.com/ubuntu noble-updates/main amd64 libgdk-pixbuf2.0-bin amd64 2.42.10+dfsg-3ubuntu3.3 [13.9 kB]
#10 12.78 Get:124 http://archive.ubuntu.com/ubuntu noble/main amd64 libwmflite-0.2-7 amd64 0.2.13-1.1build3 [68.6 kB]
#10 12.78 Get:125 http://archive.ubuntu.com/ubuntu noble/universe amd64 libgraphicsmagick-q16-3t64 amd64 1.4+really1.3.42-1.1build3 [1,257 kB]
#10 12.82 Get:126 http://archive.ubuntu.com/ubuntu noble/universe amd64 libgraphicsmagick++-q16-12t64 amd64 1.4+really1.3.42-1.1build3 [117 kB]
#10 12.83 Get:127 http://archive.ubuntu.com/ubuntu noble/universe amd64 libimath-3-1-29t64 amd64 3.1.9-3.1ubuntu2 [72.2 kB]
#10 12.84 Get:128 http://archive.ubuntu.com/ubuntu noble/universe amd64 libtbbmalloc2 amd64 2021.11.0-2ubuntu2 [60.5 kB]
#10 12.84 Get:129 http://archive.ubuntu.com/ubuntu noble/universe amd64 libhwloc15 amd64 2.10.0-1build1 [172 kB]
#10 12.84 Get:130 http://archive.ubuntu.com/ubuntu noble/universe amd64 libtbbbind-2-5 amd64 2021.11.0-2ubuntu2 [16.4 kB]
#10 12.84 Get:131 http://archive.ubuntu.com/ubuntu noble/universe amd64 libtbb12 amd64 2021.11.0-2ubuntu2 [106 kB]
#10 12.84 Get:132 http://archive.ubuntu.com/ubuntu noble/universe amd64 libopencv-core406t64 amd64 4.6.0+dfsg-13.1ubuntu1 [1,202 kB]
#10 12.88 Get:133 http://archive.ubuntu.com/ubuntu noble-updates/main amd64 libgphoto2-port12t64 amd64 2.5.31-2.1ubuntu1 [58.8 kB]
#10 12.88 Get:134 http://archive.ubuntu.com/ubuntu noble-updates/main amd64 libgphoto2-6t64 amd64 2.5.31-2.1ubuntu1 [735 kB]
#10 12.93 Get:135 http://archive.ubuntu.com/ubuntu noble/universe amd64 libopencv-imgproc406t64 amd64 4.6.0+dfsg-13.1ubuntu1 [1,460 kB]
#10 12.97 Get:136 http://archive.ubuntu.com/ubuntu noble/universe amd64 libopenexr-3-1-30 amd64 3.1.5-5.1build3 [1,004 kB]
#10 12.99 Get:137 http://archive.ubuntu.com/ubuntu noble/universe amd64 libopencv-imgcodecs406t64 amd64 4.6.0+dfsg-13.1ubuntu1 [128 kB]
#10 13.00 Get:138 http://archive.ubuntu.com/ubuntu noble/universe amd64 libopencv-videoio406t64 amd64 4.6.0+dfsg-13.1ubuntu1 [199 kB]
#10 13.02 Get:139 http://archive.ubuntu.com/ubuntu noble/universe amd64 libgmic1 amd64 2.9.4-4build11 [3,617 kB]
#10 13.08 Get:140 http://archive.ubuntu.com/ubuntu noble/universe amd64 liblensfun-data-v1 all 0.3.4-1build2 [338 kB]
#10 13.09 Get:141 http://archive.ubuntu.com/ubuntu noble/universe amd64 liblensfun1 amd64 0.3.4-1build2 [54.5 kB]
#10 13.09 Get:142 http://archive.ubuntu.com/ubuntu noble/main amd64 liblua5.4-0 amd64 5.4.6-3build2 [166 kB]
#10 13.09 Get:143 http://archive.ubuntu.com/ubuntu noble-updates/main amd64 libsoup2.4-common all 2.74.3-6ubuntu1.6 [9,372 B]
#10 13.09 Get:144 http://archive.ubuntu.com/ubuntu noble-updates/main amd64 libsoup-2.4-1 amd64 2.74.3-6ubuntu1.6 [283 kB]
#10 13.11 Get:145 http://archive.ubuntu.com/ubuntu noble/universe amd64 libosmgpsmap-1.0-1 amd64 1.2.0-2build2 [42.0 kB]
#10 13.11 Get:146 http://archive.ubuntu.com/ubuntu noble/universe amd64 libpocl2-common all 5.0-2.1build3 [82.7 kB]
#10 13.12 Get:147 http://archive.ubuntu.com/ubuntu noble/universe amd64 libpocl2t64 amd64 5.0-2.1build3 [16.2 MB]
#10 13.40 Get:148 http://archive.ubuntu.com/ubuntu noble/universe amd64 libportmidi0 amd64 1:217-6.1build3 [18.1 kB]
#10 13.40 Get:149 http://archive.ubuntu.com/ubuntu noble/universe amd64 libpotrace0 amd64 1.16-2build1 [17.7 kB]
#10 13.40 Get:150 http://archive.ubuntu.com/ubuntu noble/universe amd64 libpugixml1v5 amd64 1.14-0.1build1 [91.9 kB]
#10 13.41 Get:151 http://archive.ubuntu.com/ubuntu noble-updates/main amd64 libraw23t64 amd64 0.21.2-2.1ubuntu0.24.04.1 [378 kB]
#10 13.41 Get:152 http://archive.ubuntu.com/ubuntu noble/main amd64 libsecret-common all 0.21.4-1build3 [4,962 B]
#10 13.41 Get:153 http://archive.ubuntu.com/ubuntu noble/main amd64 libsecret-1-0 amd64 0.21.4-1build3 [116 kB]
#10 13.41 Get:154 http://archive.ubuntu.com/ubuntu noble/universe amd64 lua5.4 amd64 5.4.6-3build2 [159 kB]
#10 13.42 Get:155 http://archive.ubuntu.com/ubuntu noble/main amd64 python3-xdg all 0.28-2 [38.3 kB]
#10 13.42 Get:156 http://archive.ubuntu.com/ubuntu noble-updates/universe amd64 locales-all amd64 2.39-0ubuntu8.7 [11.0 MB]
#10 13.57 Get:157 http://archive.ubuntu.com/ubuntu noble/universe amd64 pocl-opencl-icd amd64 5.0-2.1build3 [7,182 B]
#10 ...

#9 [builder 2/6] RUN apt-get update && apt-get install -y --no-install-recommends     build-essential cmake ninja-build git intltool gettext     appstream-util desktop-file-utils     libarchive-dev libatk1.0-dev libavif-dev libcairo2-dev     libcolord-dev libcolord-gtk-dev libcups2-dev libcurl4-gnutls-dev     libexiv2-dev libgdk-pixbuf-2.0-dev libglib2.0-dev libgmic-dev     libgphoto2-dev libgraphicsmagick1-dev libgtk-3-dev libheif-dev     libjpeg-dev libjson-glib-dev liblcms2-dev liblensfun-dev     liblua5.4-dev libopenexr-dev libopenjp2-7-dev     libosmgpsmap-1.0-dev libpango1.0-dev libpng-dev libportmidi-dev     libpotrace-dev libpugixml-dev libraw-dev librsvg2-dev     libsqlite3-dev libtiff5-dev libwebp-dev libx11-dev     libxml2-dev libxml2-utils zlib1g-dev libsdl2-dev     libsecret-1-dev po4a python3-jsonschema xsltproc perl     opencl-headers ocl-icd-opencl-dev     curl     && rm -rf /var/lib/apt/lists/*
#9 19.78 Get:404 http://archive.ubuntu.com/ubuntu noble/universe amd64 libzvbi-common all 0.2.42-2 [42.4 kB]
#9 19.78 Get:405 http://archive.ubuntu.com/ubuntu noble/universe amd64 libzvbi0t64 amd64 0.2.42-2 [261 kB]
#9 19.79 Get:406 http://archive.ubuntu.com/ubuntu noble/universe amd64 libavcodec60 amd64 7:6.1.1-3ubuntu5 [5851 kB]
#9 20.00 Get:407 http://archive.ubuntu.com/ubuntu noble/universe amd64 libudfread0 amd64 1.1.2-1build1 [19.0 kB]
#9 20.01 Get:408 http://archive.ubuntu.com/ubuntu noble/universe amd64 libbluray2 amd64 1:1.3.4-1build1 [159 kB]
#9 20.01 Get:409 http://archive.ubuntu.com/ubuntu noble/universe amd64 libchromaprint1 amd64 1.5.1-5 [30.5 kB]
#9 20.02 Get:410 http://archive.ubuntu.com/ubuntu noble/universe amd64 libgme0 amd64 0.6.3-7build1 [134 kB]
#9 20.02 Get:411 http://archive.ubuntu.com/ubuntu noble-updates/main amd64 libmpg123-0t64 amd64 1.32.5-1ubuntu1.1 [169 kB]
#9 20.03 Get:412 http://archive.ubuntu.com/ubuntu noble/main amd64 libvorbisfile3 amd64 1.3.7-1build3 [17.1 kB]
#9 20.03 Get:413 http://archive.ubuntu.com/ubuntu noble/universe amd64 libopenmpt0t64 amd64 0.7.3-1.1build3 [647 kB]
#9 20.06 Get:414 http://archive.ubuntu.com/ubuntu noble/main amd64 librabbitmq4 amd64 0.11.0-1build2 [37.4 kB]
#9 20.06 Get:415 http://archive.ubuntu.com/ubuntu noble/universe amd64 libcjson1 amd64 1.7.17-1 [24.8 kB]
#9 20.07 Get:416 http://archive.ubuntu.com/ubuntu noble/universe amd64 libmbedcrypto7t64 amd64 2.28.8-1 [209 kB]
#9 20.07 Get:417 http://archive.ubuntu.com/ubuntu noble/universe amd64 librist4 amd64 0.2.10+dfsg-2 [74.9 kB]
#9 20.08 Get:418 http://archive.ubuntu.com/ubuntu noble/universe amd64 libsrt1.5-gnutls amd64 1.5.3-1build2 [316 kB]
#9 20.09 Get:419 http://archive.ubuntu.com/ubuntu noble-updates/main amd64 libssh-gcrypt-4 amd64 0.10.6-2ubuntu0.4 [225 kB]
#9 20.10 Get:420 http://archive.ubuntu.com/ubuntu noble/universe amd64 libnorm1t64 amd64 1.5.9+dfsg-3.1build1 [154 kB]
#9 20.11 Get:421 http://archive.ubuntu.com/ubuntu noble/universe amd64 libpgm-5.3-0t64 amd64 5.3.128~dfsg-2.1build1 [167 kB]
#9 20.11 Get:422 http://archive.ubuntu.com/ubuntu noble-updates/main amd64 libsodium23 amd64 1.0.18-1ubuntu0.24.04.1 [161 kB]
#9 20.12 Get:423 http://archive.ubuntu.com/ubuntu noble/universe amd64 libzmq5 amd64 4.3.5-1build2 [260 kB]
#9 20.13 Get:424 http://archive.ubuntu.com/ubuntu noble/universe amd64 libavformat60 amd64 7:6.1.1-3ubuntu5 [1153 kB]
#9 20.17 Get:425 http://archive.ubuntu.com/ubuntu noble/universe amd64 libgav1-1 amd64 0.18.0-1build3 [357 kB]
#9 20.18 Get:426 http://archive.ubuntu.com/ubuntu noble/universe amd64 libyuv0 amd64 0.0~git202401110.af6ac82-1 [178 kB]
#9 20.19 Get:427 http://archive.ubuntu.com/ubuntu noble/universe amd64 libavif16 amd64 1.0.4-1ubuntu3 [91.2 kB]
#9 20.19 Get:428 http://archive.ubuntu.com/ubuntu noble/universe amd64 libavif-dev amd64 1.0.4-1ubuntu3 [26.0 kB]
#9 20.20 Get:429 http://archive.ubuntu.com/ubuntu noble/universe amd64 libblosc1 amd64 1.21.5+ds-1build1 [36.2 kB]
#9 20.20 Get:430 http://archive.ubuntu.com/ubuntu noble/main amd64 libbrotli-dev amd64 1.1.0-2build2 [353 kB]
#9 20.21 Get:431 http://archive.ubuntu.com/ubuntu noble/main amd64 liblzo2-2 amd64 2.10-2build4 [54.1 kB]
#9 20.21 Get:432 http://archive.ubuntu.com/ubuntu noble/main amd64 libcairo-script-interpreter2 amd64 1.18.0-3build1 [60.3 kB]
#9 20.22 Get:433 http://archive.ubuntu.com/ubuntu noble-updates/main amd64 libexpat1-dev amd64 2.6.1-2ubuntu0.4 [140 kB]
#9 20.23 Get:434 http://archive.ubuntu.com/ubuntu noble-updates/main amd64 libpng-dev amd64 1.6.43-5ubuntu0.6 [265 kB]
#9 20.24 Get:435 http://archive.ubuntu.com/ubuntu noble-updates/main amd64 libfreetype-dev amd64 2.13.2+dfsg-1ubuntu0.1 [575 kB]
#9 20.26 Get:436 http://archive.ubuntu.com/ubuntu noble/main amd64 libfontconfig-dev amd64 2.15.0-1.1ubuntu2 [161 kB]
#9 20.26 Get:437 http://archive.ubuntu.com/ubuntu noble/main amd64 libpixman-1-dev amd64 0.42.2-1build1 [296 kB]
#9 20.27 Get:438 http://archive.ubuntu.com/ubuntu noble/main amd64 libice6 amd64 2:1.0.10-1build3 [41.4 kB]
#9 20.28 Get:439 http://archive.ubuntu.com/ubuntu noble/main amd64 libsm6 amd64 2:1.2.3-1build3 [15.7 kB]
#9 20.28 Get:440 http://archive.ubuntu.com/ubuntu noble/main amd64 libice-dev amd64 2:1.0.10-1build3 [51.0 kB]
#9 20.29 Get:441 http://archive.ubuntu.com/ubuntu noble/main amd64 libsm-dev amd64 2:1.2.3-1build3 [17.8 kB]
#9 20.30 Get:442 http://archive.ubuntu.com/ubuntu noble/main amd64 libxcb-render0-dev amd64 1.15-1ubuntu2 [19.6 kB]
#9 20.30 Get:443 http://archive.ubuntu.com/ubuntu noble/main amd64 libxcb-shm0-dev amd64 1.15-1ubuntu2 [8246 B]
#9 20.31 Get:444 http://archive.ubuntu.com/ubuntu noble/main amd64 libxrender-dev amd64 1:0.9.10-1.1build1 [26.3 kB]
#9 20.31 Get:445 http://archive.ubuntu.com/ubuntu noble/main amd64 libcairo2-dev amd64 1.18.0-3build1 [41.1 kB]
#9 20.32 Get:446 http://archive.ubuntu.com/ubuntu noble/universe amd64 libcfitsio10t64 amd64 4.3.1-1.1build2 [528 kB]
#9 20.34 Get:447 http://archive.ubuntu.com/ubuntu noble/universe amd64 libcharls2 amd64 2.4.2-2build2 [90.4 kB]
#9 20.34 Get:448 http://archive.ubuntu.com/ubuntu noble/main amd64 libcolord-dev amd64 1.4.7-1build2 [66.3 kB]
#9 20.34 Get:449 http://archive.ubuntu.com/ubuntu noble/main amd64 libcolord-gtk-headers amd64 0.3.1-1build2 [10.9 kB]
#9 20.35 Get:450 http://archive.ubuntu.com/ubuntu noble/main amd64 libglvnd0 amd64 1.7.0-1build1 [69.6 kB]
#9 20.36 Get:451 http://archive.ubuntu.com/ubuntu noble-updates/main amd64 libdrm-amdgpu1 amd64 2.4.125-1ubuntu0.1~24.04.1 [21.4 kB]
#9 20.36 Get:452 http://archive.ubuntu.com/ubuntu noble-updates/main amd64 libllvm20 amd64 1:20.1.2-0ubuntu1~24.04.2 [30.6 MB]
#9 21.23 Get:453 http://archive.ubuntu.com/ubuntu noble/main amd64 libxcb-present0 amd64 1.15-1ubuntu2 [5676 B]
#9 21.23 Get:454 http://archive.ubuntu.com/ubuntu noble/main amd64 libxcb-randr0 amd64 1.15-1ubuntu2 [17.9 kB]
#9 21.23 Get:455 http://archive.ubuntu.com/ubuntu noble/main amd64 libxcb-sync1 amd64 1.15-1ubuntu2 [9312 B]
#9 21.23 Get:456 http://archive.ubuntu.com/ubuntu noble/main amd64 libxcb-xfixes0 amd64 1.15-1ubuntu2 [10.2 kB]
#9 21.23 Get:457 http://archive.ubuntu.com/ubuntu noble/main amd64 libxshmfence1 amd64 1.3-1build5 [4764 B]
#9 21.23 Get:458 http://archive.ubuntu.com/ubuntu noble-updates/main amd64 mesa-libgallium amd64 25.2.8-0ubuntu0.24.04.1 [10.8 MB]
#9 21.36 Get:459 http://archive.ubuntu.com/ubuntu noble-updates/main amd64 libgbm1 amd64 25.2.8-0ubuntu0.24.04.1 [34.2 kB]
#9 21.37 Get:460 http://archive.ubuntu.com/ubuntu noble-updates/main amd64 libegl-mesa0 amd64 25.2.8-0ubuntu0.24.04.1 [117 kB]
#9 21.37 Get:461 http://archive.ubuntu.com/ubuntu noble/main amd64 libegl1 amd64 1.7.0-1build1 [28.7 kB]
#9 21.38 Get:462 http://archive.ubuntu.com/ubuntu noble/main amd64 libxcb-glx0 amd64 1.15-1ubuntu2 [24.8 kB]
#9 21.38 Get:463 http://archive.ubuntu.com/ubuntu noble/main amd64 libxxf86vm1 amd64 1:1.1.4-1build4 [9282 B]
#9 21.39 Get:464 http://archive.ubuntu.com/ubuntu noble/main amd64 libvulkan1 amd64 1.3.275.0-1build1 [142 kB]
#9 21.40 Get:465 http://archive.ubuntu.com/ubuntu noble-updates/main amd64 libgl1-mesa-dri amd64 25.2.8-0ubuntu0.24.04.1 [37.9 kB]
#9 21.40 Get:466 http://archive.ubuntu.com/ubuntu noble-updates/main amd64 libglx-mesa0 amd64 25.2.8-0ubuntu0.24.04.1 [110 kB]
#9 21.41 Get:467 http://archive.ubuntu.com/ubuntu noble/main amd64 libglx0 amd64 1.7.0-1build1 [38.6 kB]
#9 21.41 Get:468 http://archive.ubuntu.com/ubuntu noble/main amd64 libgl1 amd64 1.7.0-1build1 [102 kB]
#9 21.42 Get:469 http://archive.ubuntu.com/ubuntu noble/main amd64 libglx-dev amd64 1.7.0-1build1 [14.2 kB]
#9 21.43 Get:470 http://archive.ubuntu.com/ubuntu noble/main amd64 libgl-dev amd64 1.7.0-1build1 [102 kB]
#9 21.44 Get:471 http://archive.ubuntu.com/ubuntu noble/main amd64 libegl-dev amd64 1.7.0-1build1 [18.2 kB]
#9 21.44 Get:472 http://archive.ubuntu.com/ubuntu noble/main amd64 libglvnd-core-dev amd64 1.7.0-1build1 [13.6 kB]
#9 21.45 Get:473 http://archive.ubuntu.com/ubuntu noble/main amd64 libgles1 amd64 1.7.0-1build1 [11.6 kB]
#9 21.45 Get:474 http://archive.ubuntu.com/ubuntu noble/main amd64 libgles2 amd64 1.7.0-1build1 [17.1 kB]
#9 21.46 Get:475 http://archive.ubuntu.com/ubuntu noble/main amd64 libgles-dev amd64 1.7.0-1build1 [50.5 kB]
#9 21.47 Get:476 http://archive.ubuntu.com/ubuntu noble/main amd64 libopengl0 amd64 1.7.0-1build1 [32.8 kB]
#9 21.48 Get:477 http://archive.ubuntu.com/ubuntu noble/main amd64 libopengl-dev amd64 1.7.0-1build1 [3454 B]
#9 21.48 Get:478 http://archive.ubuntu.com/ubuntu noble/main amd64 libglvnd-dev amd64 1.7.0-1build1 [3198 B]
#9 21.48 Get:479 http://archive.ubuntu.com/ubuntu noble-updates/main amd64 libegl1-mesa-dev amd64 25.2.8-0ubuntu0.24.04.1 [26.4 kB]
#9 21.49 Get:480 http://archive.ubuntu.com/ubuntu noble/main amd64 libepoxy-dev amd64 1.5.10-1build1 [132 kB]
#9 21.50 Get:481 http://archive.ubuntu.com/ubuntu noble/main amd64 libfribidi-dev amd64 1.0.13-3build1 [64.8 kB]
#9 21.50 Get:482 http://archive.ubuntu.com/ubuntu noble-updates/main amd64 libgdk-pixbuf2.0-bin amd64 2.42.10+dfsg-3ubuntu3.3 [13.9 kB]
#9 21.51 Get:483 http://archive.ubuntu.com/ubuntu noble/main amd64 libjpeg-turbo8-dev amd64 2.1.5-2ubuntu2 [295 kB]
#9 21.51 Get:484 http://archive.ubuntu.com/ubuntu noble/main amd64 libjpeg8-dev amd64 8c-2ubuntu11 [1484 B]
#9 21.52 Get:485 http://archive.ubuntu.com/ubuntu noble/main amd64 libjpeg-dev amd64 8c-2ubuntu11 [1482 B]
#9 21.52 Get:486 http://archive.ubuntu.com/ubuntu noble/main amd64 libjbig-dev amd64 2.1-6.1ubuntu2 [27.9 kB]
#9 21.53 Get:487 http://archive.ubuntu.com/ubuntu noble/main amd64 libwebpdemux2 amd64 1.3.2-0.4build3 [12.4 kB]
#9 21.54 Get:488 http://archive.ubuntu.com/ubuntu noble/main amd64 libwebpdecoder3 amd64 1.3.2-0.4build3 [114 kB]
#9 21.54 Get:489 http://archive.ubuntu.com/ubuntu noble/main amd64 libsharpyuv-dev amd64 1.3.2-0.4build3 [16.0 kB]
#9 21.55 Get:490 http://archive.ubuntu.com/ubuntu noble/main amd64 libwebp-dev amd64 1.3.2-0.4build3 [367 kB]
#9 21.56 Get:491 http://archive.ubuntu.com/ubuntu noble-updates/main amd64 libtiffxx6 amd64 4.5.1+git230720-4ubuntu2.5 [5642 B]
#9 21.56 Get:492 http://archive.ubuntu.com/ubuntu noble-updates/main amd64 libdeflate-dev amd64 1.19-1build1.1 [50.9 kB]
#9 21.57 Get:493 http://archive.ubuntu.com/ubuntu noble/main amd64 liblerc-dev amd64 4.0.0+ds-4ubuntu2 [182 kB]
#9 21.57 Get:494 http://archive.ubuntu.com/ubuntu noble-updates/main amd64 libtiff-dev amd64 4.5.1+git230720-4ubuntu2.5 [338 kB]
#9 21.58 Get:495 http://archive.ubuntu.com/ubuntu noble-updates/main amd64 libgdk-pixbuf-2.0-dev amd64 2.42.10+dfsg-3ubuntu3.3 [47.9 kB]
#9 21.59 Get:496 http://archive.ubuntu.com/ubuntu noble/main amd64 libharfbuzz-icu0 amd64 8.3.0-2build2 [13.3 kB]
#9 21.59 Get:497 http://archive.ubuntu.com/ubuntu noble/main amd64 libharfbuzz-subset0 amd64 8.3.0-2build2 [448 kB]
#9 21.60 Get:498 http://archive.ubuntu.com/ubuntu noble/main amd64 libharfbuzz-cairo0 amd64 8.3.0-2build2 [26.2 kB]
#9 21.61 Get:499 http://archive.ubuntu.com/ubuntu noble/main amd64 libgraphite2-dev amd64 1.3.14-2build1 [14.7 kB]
#9 21.61 Get:500 http://archive.ubuntu.com/ubuntu noble/main amd64 libharfbuzz-dev amd64 8.3.0-2build2 [142 kB]
#9 21.62 Get:501 http://archive.ubuntu.com/ubuntu noble/main amd64 libdatrie-dev amd64 0.2.13-3build1 [19.4 kB]
#9 21.63 Get:502 http://archive.ubuntu.com/ubuntu noble/main amd64 libthai-dev amd64 0.1.29-2build1 [26.6 kB]
#9 21.64 Get:503 http://archive.ubuntu.com/ubuntu noble/main amd64 libxft-dev amd64 2.3.6-1build1 [64.3 kB]
#9 21.64 Get:504 http://archive.ubuntu.com/ubuntu noble/main amd64 pango1.0-tools amd64 1.52.1+ds-1build1 [36.7 kB]
#9 21.64 Get:505 http://archive.ubuntu.com/ubuntu noble/main amd64 libpango1.0-dev amd64 1.52.1+ds-1build1 [147 kB]
#9 21.65 Get:506 http://archive.ubuntu.com/ubuntu noble/main amd64 libwayland-server0 amd64 1.22.0-2.1build1 [33.9 kB]
#9 21.66 Get:507 http://archive.ubuntu.com/ubuntu noble/main amd64 libwayland-bin amd64 1.22.0-2.1build1 [20.6 kB]
#9 21.66 Get:508 http://archive.ubuntu.com/ubuntu noble/main amd64 libwayland-dev amd64 1.22.0-2.1build1 [71.3 kB]
#9 21.67 Get:509 http://archive.ubuntu.com/ubuntu noble/main amd64 libxcomposite-dev amd64 1:0.4.5-1build3 [9374 B]
#9 21.67 Get:510 http://archive.ubuntu.com/ubuntu noble/main amd64 libxcursor-dev amd64 1:1.2.1-1build1 [31.8 kB]
#9 21.68 Get:511 http://archive.ubuntu.com/ubuntu noble/main amd64 libxdamage-dev amd64 1:1.1.6-1build1 [5270 B]
#9 21.69 Get:512 http://archive.ubuntu.com/ubuntu noble/main amd64 libxinerama-dev amd64 2:1.1.4-3build1 [7988 B]
#9 21.69 Get:513 http://archive.ubuntu.com/ubuntu noble/main amd64 libxkbcommon-dev amd64 1.6.0-1build1 [56.3 kB]
#9 21.70 Get:514 http://archive.ubuntu.com/ubuntu noble/main amd64 libxrandr-dev amd64 2:1.5.2-2build1 [26.4 kB]
#9 21.71 Get:515 http://archive.ubuntu.com/ubuntu noble-updates/main amd64 wayland-protocols all 1.45-1~ubuntu0.24.04.1 [114 kB]
#9 21.71 Get:516 http://archive.ubuntu.com/ubuntu noble-updates/main amd64 libgtk-3-dev amd64 3.24.41-4ubuntu1.3 [1096 kB]
#9 21.74 Get:517 http://archive.ubuntu.com/ubuntu noble/main amd64 libcolord-gtk-dev amd64 0.3.1-1build2 [11.7 kB]
#9 21.75 Get:518 http://archive.ubuntu.com/ubuntu noble-updates/main amd64 libcupsimage2t64 amd64 2.4.7-1.2ubuntu7.9 [6666 B]
#9 21.75 Get:519 http://archive.ubuntu.com/ubuntu noble-updates/main amd64 libcupsimage2-dev amd64 2.4.7-1.2ubuntu7.9 [6664 B]
#9 21.76 Get:520 http://archive.ubuntu.com/ubuntu noble-updates/main amd64 libcups2-dev amd64 2.4.7-1.2ubuntu7.9 [325 kB]
#9 21.77 Get:521 http://archive.ubuntu.com/ubuntu noble-updates/main amd64 libcurl4-gnutls-dev amd64 8.5.0-2ubuntu10.9 [438 kB]
#9 21.78 Get:522 http://archive.ubuntu.com/ubuntu noble/universe amd64 libdav1d-dev amd64 1.4.1-1build1 [25.3 kB]
#9 21.78 Get:523 http://archive.ubuntu.com/ubuntu noble/main amd64 libraw1394-11 amd64 2.1.2-2build3 [26.2 kB]
#9 21.79 Get:524 http://archive.ubuntu.com/ubuntu noble/universe amd64 libdc1394-25 amd64 2.2.6-4build1 [90.1 kB]
#9 21.79 Get:525 http://archive.ubuntu.com/ubuntu noble/main amd64 libde265-0 amd64 1.0.15-1build3 [166 kB]
#9 21.80 Get:526 http://archive.ubuntu.com/ubuntu noble/main amd64 libde265-dev amd64 1.0.15-1build3 [12.6 kB]
#9 21.81 Get:527 http://archive.ubuntu.com/ubuntu noble/main amd64 libdecor-0-0 amd64 0.2.2-1build2 [16.5 kB]
#9 21.83 Get:528 http://archive.ubuntu.com/ubuntu noble/main amd64 libdecor-0-dev amd64 0.2.2-1build2 [5726 B]
#9 21.83 Get:529 http://archive.ubuntu.com/ubuntu noble-updates/main amd64 libdrm-radeon1 amd64 2.4.125-1ubuntu0.1~24.04.1 [20.8 kB]
#9 21.84 Get:530 http://archive.ubuntu.com/ubuntu noble-updates/main amd64 libdrm-nouveau2 amd64 2.4.125-1ubuntu0.1~24.04.1 [17.7 kB]
#9 21.85 Get:531 http://archive.ubuntu.com/ubuntu noble-updates/main amd64 libpciaccess-dev amd64 0.17-3ubuntu0.24.04.2 [22.0 kB]
#9 21.86 Get:532 http://archive.ubuntu.com/ubuntu noble-updates/main amd64 libdrm-dev amd64 2.4.125-1ubuntu0.1~24.04.1 [314 kB]
#9 21.86 Get:533 http://archive.ubuntu.com/ubuntu noble-updates/main amd64 libdw1t64 amd64 0.190-1.1ubuntu0.1 [261 kB]
#9 21.87 Get:534 http://archive.ubuntu.com/ubuntu noble/main amd64 libexif12 amd64 0.6.24-1build2 [87.9 kB]
#9 21.88 Get:535 http://archive.ubuntu.com/ubuntu noble/main amd64 libexif-dev amd64 0.6.24-1build2 [110 kB]
#9 21.89 Get:536 http://archive.ubuntu.com/ubuntu noble-updates/main amd64 libexiv2-27 amd64 0.27.6-1ubuntu0.3 [839 kB]
#9 21.90 Get:537 http://archive.ubuntu.com/ubuntu noble-updates/main amd64 libexiv2-dev amd64 0.27.6-1ubuntu0.3 [258 kB]
#9 21.91 Get:538 http://archive.ubuntu.com/ubuntu noble/main amd64 libfftw3-double3 amd64 3.3.10-1ubuntu3 [838 kB]
#9 21.93 Get:539 http://archive.ubuntu.com/ubuntu noble/main amd64 libflac12t64 amd64 1.4.3+ds-2.1ubuntu2 [197 kB]
#9 21.93 Get:540 http://archive.ubuntu.com/ubuntu noble/universe amd64 libfyba0t64 amd64 4.1.1-11build1 [119 kB]
#9 21.94 Get:541 http://archive.ubuntu.com/ubuntu noble-updates/main amd64 libgbm-dev amd64 25.2.8-0ubuntu0.24.04.1 [12.7 kB]
#9 21.94 Get:542 http://archive.ubuntu.com/ubuntu noble-updates/main amd64 libgpg-error-dev amd64 1.47-3build2.1 [128 kB]
#9 21.95 Get:543 http://archive.ubuntu.com/ubuntu noble-updates/main amd64 libgcrypt20-dev amd64 1.10.3-2ubuntu0.1 [593 kB]
#9 21.96 Get:544 http://archive.ubuntu.com/ubuntu noble-updates/main amd64 libheif-plugin-aomdec amd64 1.17.6-1ubuntu4.3 [10.6 kB]
#9 21.96 Get:545 http://archive.ubuntu.com/ubuntu noble-updates/main amd64 libheif1 amd64 1.17.6-1ubuntu4.3 [276 kB]
#9 21.97 Get:546 http://archive.ubuntu.com/ubuntu noble/main amd64 libxpm4 amd64 1:3.5.17-1build2 [36.5 kB]
#9 21.98 Get:547 http://archive.ubuntu.com/ubuntu noble/main amd64 libgd3 amd64 2.3.3-9ubuntu5 [128 kB]
#9 21.98 Get:548 http://archive.ubuntu.com/ubuntu noble-updates/universe amd64 libminizip1t64 amd64 1:1.3.dfsg-3.1ubuntu2.1 [22.2 kB]
#9 21.99 Get:549 http://archive.ubuntu.com/ubuntu noble/universe amd64 libfreexl1 amd64 2.0.0-1build2 [41.7 kB]
#9 21.99 Get:550 http://archive.ubuntu.com/ubuntu noble/universe amd64 libgeos3.12.1t64 amd64 3.12.1-3build1 [849 kB]
#9 22.01 Get:551 http://archive.ubuntu.com/ubuntu noble/universe amd64 libgeos-c1t64 amd64 3.12.1-3build1 [94.5 kB]
#9 22.02 Get:552 http://archive.ubuntu.com/ubuntu noble/universe amd64 proj-data all 9.4.0-1build2 [7885 kB]
#9 22.15 Get:553 http://archive.ubuntu.com/ubuntu noble/universe amd64 libproj25 amd64 9.4.0-1build2 [1396 kB]
#9 22.17 Get:554 http://archive.ubuntu.com/ubuntu noble/universe amd64 libgeotiff5 amd64 1.7.1-5build1 [62.9 kB]
#9 22.17 Get:555 http://archive.ubuntu.com/ubuntu noble/main amd64 libgif7 amd64 5.2.2-1ubuntu1 [35.2 kB]
#9 22.18 Get:556 http://archive.ubuntu.com/ubuntu noble/universe amd64 libhdf4-0-alt amd64 4.2.16-4build1 [282 kB]
#9 22.19 Get:557 http://archive.ubuntu.com/ubuntu noble/universe amd64 libsz2 amd64 1.1.2-1build1 [5476 B]
#9 22.19 Get:558 http://archive.ubuntu.com/ubuntu noble/universe amd64 libhdf5-103-1t64 amd64 1.10.10+repack-3.1ubuntu4 [1270 kB]
#9 22.21 Get:559 http://archive.ubuntu.com/ubuntu noble/universe amd64 liburiparser1 amd64 0.9.7+dfsg-2build1 [35.8 kB]
#9 22.21 Get:560 http://archive.ubuntu.com/ubuntu noble/universe amd64 libkmlbase1t64 amd64 1.3.0-12build1 [49.9 kB]
#9 22.22 Get:561 http://archive.ubuntu.com/ubuntu noble/universe amd64 libkmldom1t64 amd64 1.3.0-12build1 [156 kB]
#9 22.23 Get:562 http://archive.ubuntu.com/ubuntu noble/universe amd64 libkmlengine1t64 amd64 1.3.0-12build1 [71.4 kB]
#9 22.23 Get:563 http://archive.ubuntu.com/ubuntu noble/main amd64 mysql-common all 5.8+1.1.0build1 [6746 B]
#9 22.24 Get:564 http://archive.ubuntu.com/ubuntu noble-updates/main amd64 libmysqlclient21 amd64 8.0.45-0ubuntu0.24.04.1 [1255 kB]
#9 22.26 Get:565 http://archive.ubuntu.com/ubuntu noble/universe amd64 libhdf5-hl-100t64 amd64 1.10.10+repack-3.1ubuntu4 [56.0 kB]
#9 22.26 Get:566 http://archive.ubuntu.com/ubuntu noble/universe amd64 libnetcdf19t64 amd64 1:4.9.2-5ubuntu4 [473 kB]
#9 22.27 Get:567 http://archive.ubuntu.com/ubuntu noble/main amd64 libltdl7 amd64 2.4.7-7build1 [40.3 kB]
#9 22.28 Get:568 http://archive.ubuntu.com/ubuntu noble-updates/main amd64 libodbc2 amd64 2.3.12-1ubuntu0.24.04.1 [158 kB]
#9 22.28 Get:569 http://archive.ubuntu.com/ubuntu noble-updates/main amd64 unixodbc-common all 2.3.12-1ubuntu0.24.04.1 [8806 B]
#9 22.29 Get:570 http://archive.ubuntu.com/ubuntu noble-updates/main amd64 libodbcinst2 amd64 2.3.12-1ubuntu0.24.04.1 [30.7 kB]
#9 22.29 Get:571 http://archive.ubuntu.com/ubuntu noble/universe amd64 libogdi4.1 amd64 4.1.1+ds-3build1 [226 kB]
#9 22.30 Get:572 http://archive.ubuntu.com/ubuntu noble/main amd64 libnspr4 amd64 2:4.35-1.1build1 [117 kB]
#9 22.30 Get:573 http://archive.ubuntu.com/ubuntu noble-updates/main amd64 libnss3 amd64 2:3.98-1ubuntu0.1 [1445 kB]
#9 22.33 Get:574 http://archive.ubuntu.com/ubuntu noble-updates/main amd64 libpoppler134 amd64 24.02.0-1ubuntu9.8 [1118 kB]
#9 22.35 Get:575 http://archive.ubuntu.com/ubuntu noble-updates/main amd64 libpq5 amd64 16.14-0ubuntu0.24.04.1 [147 kB]
#9 22.35 Get:576 http://archive.ubuntu.com/ubuntu noble/universe amd64 libqhull-r8.0 amd64 2020.2-6build1 [193 kB]
#9 22.36 Get:577 http://archive.ubuntu.com/ubuntu noble/universe amd64 librttopo1 amd64 1.1.0-3build2 [191 kB]
#9 22.36 Get:578 http://archive.ubuntu.com/ubuntu noble/universe amd64 libspatialite8t64 amd64 5.1.0-3build1 [1919 kB]
#9 22.39 Get:579 http://archive.ubuntu.com/ubuntu noble/universe amd64 libxerces-c3.2t64 amd64 3.2.4+debian-1.2ubuntu2 [919 kB]
#9 22.41 Get:580 http://archive.ubuntu.com/ubuntu noble/universe amd64 libgdal34t64 amd64 3.8.4+dfsg-3ubuntu3 [8346 kB]
#9 22.53 Get:581 http://archive.ubuntu.com/ubuntu noble/universe amd64 libsocket++1 amd64 1.12.13+git20131030.5d039ba-1build1 [83.1 kB]
#9 22.53 Get:582 http://archive.ubuntu.com/ubuntu noble/universe amd64 libgdcm3.0t64 amd64 3.0.22-2.1ubuntu1 [2160 kB]
#9 22.56 Get:583 http://archive.ubuntu.com/ubuntu noble/main amd64 libgirepository-1.0-dev amd64 1.80.1-1 [28.5 kB]
#9 22.57 Get:584 http://archive.ubuntu.com/ubuntu noble/main amd64 libgirepository1.0-dev amd64 1.80.1-1 [17.0 kB]
#9 22.57 Get:585 http://archive.ubuntu.com/ubuntu noble/main amd64 libwmflite-0.2-7 amd64 0.2.13-1.1build3 [68.6 kB]
#9 22.58 Get:586 http://archive.ubuntu.com/ubuntu noble/universe amd64 libgraphicsmagick-q16-3t64 amd64 1.4+really1.3.42-1.1build3 [1257 kB]
#9 22.60 Get:587 http://archive.ubuntu.com/ubuntu noble/universe amd64 libgraphicsmagick++-q16-12t64 amd64 1.4+really1.3.42-1.1build3 [117 kB]
#9 22.61 Get:588 http://archive.ubuntu.com/ubuntu noble/universe amd64 libimath-3-1-29t64 amd64 3.1.9-3.1ubuntu2 [72.2 kB]
#9 22.61 Get:589 http://archive.ubuntu.com/ubuntu noble/universe amd64 libtbbmalloc2 amd64 2021.11.0-2ubuntu2 [60.5 kB]
#9 22.62 Get:590 http://archive.ubuntu.com/ubuntu noble/universe amd64 libhwloc15 amd64 2.10.0-1build1 [172 kB]
#9 22.63 Get:591 http://archive.ubuntu.com/ubuntu noble/universe amd64 libtbbbind-2-5 amd64 2021.11.0-2ubuntu2 [16.4 kB]
#9 22.63 Get:592 http://archive.ubuntu.com/ubuntu noble/universe amd64 libtbb12 amd64 2021.11.0-2ubuntu2 [106 kB]
#9 22.64 Get:593 http://archive.ubuntu.com/ubuntu noble/universe amd64 libopencv-core406t64 amd64 4.6.0+dfsg-13.1ubuntu1 [1202 kB]
#9 22.66 Get:594 http://archive.ubuntu.com/ubuntu noble-updates/main amd64 libgphoto2-port12t64 amd64 2.5.31-2.1ubuntu1 [58.8 kB]
#9 22.66 Get:595 http://archive.ubuntu.com/ubuntu noble-updates/main amd64 libgphoto2-6t64 amd64 2.5.31-2.1ubuntu1 [735 kB]
#9 22.68 Get:596 http://archive.ubuntu.com/ubuntu noble-updates/main amd64 libunwind8 amd64 1.6.2-3build1.1 [55.3 kB]
#9 22.68 Get:597 http://archive.ubuntu.com/ubuntu noble-updates/main amd64 libgstreamer1.0-0 amd64 1.24.2-1ubuntu0.1 [1165 kB]
#9 22.70 Get:598 http://archive.ubuntu.com/ubuntu noble-updates/main amd64 liborc-0.4-0t64 amd64 1:0.4.38-1ubuntu0.1 [207 kB]
#9 22.71 Get:599 http://archive.ubuntu.com/ubuntu noble-updates/main amd64 libgstreamer-plugins-base1.0-0 amd64 1.24.2-1ubuntu0.4 [862 kB]
#9 22.72 Get:600 http://archive.ubuntu.com/ubuntu noble/universe amd64 libopencv-imgproc406t64 amd64 4.6.0+dfsg-13.1ubuntu1 [1460 kB]
#9 22.74 Get:601 http://archive.ubuntu.com/ubuntu noble/universe amd64 libopenexr-3-1-30 amd64 3.1.5-5.1build3 [1004 kB]
#9 22.76 Get:602 http://archive.ubuntu.com/ubuntu noble/universe amd64 libopencv-imgcodecs406t64 amd64 4.6.0+dfsg-13.1ubuntu1 [128 kB]
#9 22.76 Get:603 http://archive.ubuntu.com/ubuntu noble/universe amd64 libswscale7 amd64 7:6.1.1-3ubuntu5 [193 kB]
#9 22.77 Get:604 http://archive.ubuntu.com/ubuntu noble/universe amd64 libopencv-videoio406t64 amd64 4.6.0+dfsg-13.1ubuntu1 [199 kB]
#9 22.77 Get:605 http://archive.ubuntu.com/ubuntu noble/universe amd64 libgmic1 amd64 2.9.4-4build11 [3617 kB]
#9 22.82 Get:606 http://archive.ubuntu.com/ubuntu noble/universe amd64 libgmic-dev amd64 2.9.4-4build11 [16.6 kB]
#9 22.83 Get:607 http://archive.ubuntu.com/ubuntu noble-updates/main amd64 libgphoto2-dev amd64 2.5.31-2.1ubuntu1 [33.2 kB]
#9 22.83 Get:608 http://archive.ubuntu.com/ubuntu noble-updates/main amd64 liblcms2-dev amd64 2.14-2ubuntu0.1 [1809 kB]
#9 22.86 Get:609 http://archive.ubuntu.com/ubuntu noble/main amd64 libwmf-0.2-7 amd64 0.2.13-1.1build3 [92.0 kB]
#9 22.86 Get:610 http://archive.ubuntu.com/ubuntu noble/main amd64 libwmf-dev amd64 0.2.13-1.1build3 [236 kB]
#9 22.87 Get:611 http://archive.ubuntu.com/ubuntu noble/universe amd64 libx265-dev amd64 3.5-2build1 [1351 kB]
#9 22.89 Get:612 http://archive.ubuntu.com/ubuntu noble-updates/universe amd64 libheif-dev amd64 1.17.6-1ubuntu4.3 [41.6 kB]
#9 22.89 Get:613 http://archive.ubuntu.com/ubuntu noble/main amd64 libltdl-dev amd64 2.4.7-7build1 [168 kB]
#9 22.90 Get:614 http://archive.ubuntu.com/ubuntu noble/universe amd64 libhwy-dev amd64 1.0.7-8.1build1 [316 kB]
#9 22.91 Get:615 http://archive.ubuntu.com/ubuntu noble-updates/universe amd64 libjxl-dev amd64 0.7.0-10.2ubuntu6.1 [42.2 kB]
#9 22.91 Get:616 http://archive.ubuntu.com/ubuntu noble/universe amd64 libgraphicsmagick1-dev amd64 1.4+really1.3.42-1.1build3 [1555 kB]
#9 22.94 Get:617 http://archive.ubuntu.com/ubuntu noble/universe amd64 libibus-1.0-dev amd64 1.5.29-2 [187 kB]
#9 22.95 Get:618 http://archive.ubuntu.com/ubuntu noble/universe amd64 libimath-dev amd64 3.1.9-3.1ubuntu2 [115 kB]
#9 22.95 Get:619 http://archive.ubuntu.com/ubuntu noble/main amd64 libjson-glib-dev amd64 1.8.0-2build2 [92.8 kB]
#9 22.96 Get:620 http://archive.ubuntu.com/ubuntu noble/universe amd64 liblensfun-data-v1 all 0.3.4-1build2 [338 kB]
#9 22.96 Get:621 http://archive.ubuntu.com/ubuntu noble/universe amd64 liblensfun1 amd64 0.3.4-1build2 [54.5 kB]
#9 22.97 Get:622 http://archive.ubuntu.com/ubuntu noble/main amd64 liblua5.4-0 amd64 5.4.6-3build2 [166 kB]
#9 22.97 Get:623 http://archive.ubuntu.com/ubuntu noble/main amd64 libncurses-dev amd64 6.4+20240113-1ubuntu2 [384 kB]
#9 22.98 Get:624 http://archive.ubuntu.com/ubuntu noble/main amd64 libreadline-dev amd64 8.2-4build1 [167 kB]
#9 22.99 Get:625 http://archive.ubuntu.com/ubuntu noble/main amd64 liblua5.4-dev amd64 5.4.6-3build2 [193 kB]
#9 22.99 Get:626 http://archive.ubuntu.com/ubuntu noble/universe amd64 libopenexr-dev amd64 3.1.5-5.1build3 [106 kB]
#9 23.00 Get:627 http://archive.ubuntu.com/ubuntu noble/main amd64 libpsl-dev amd64 0.21.2-1.1build1 [76.4 kB]
#9 23.01 Get:628 http://archive.ubuntu.com/ubuntu noble-updates/main amd64 libsqlite3-dev amd64 3.45.1-1ubuntu2.5 [911 kB]
#9 23.02 Get:629 http://archive.ubuntu.com/ubuntu noble-updates/main amd64 libsoup2.4-dev amd64 2.74.3-6ubuntu1.6 [155 kB]
#9 23.03 Get:630 http://archive.ubuntu.com/ubuntu noble/universe amd64 libosmgpsmap-1.0-dev amd64 1.2.0-2build2 [84.8 kB]
#9 23.03 Get:631 http://archive.ubuntu.com/ubuntu noble/universe amd64 libosp5 amd64 1.5.2-15ubuntu2 [683 kB]
#9 23.05 Get:632 http://archive.ubuntu.com/ubuntu noble/main amd64 libpod-parser-perl all 1.67-1 [80.6 kB]
#9 23.05 Get:633 http://archive.ubuntu.com/ubuntu noble/universe amd64 libportmidi0 amd64 1:217-6.1build3 [18.1 kB]
#9 23.06 Get:634 http://archive.ubuntu.com/ubuntu noble/universe amd64 libportmidi-dev amd64 1:217-6.1build3 [54.7 kB]
#9 23.07 Get:635 http://archive.ubuntu.com/ubuntu noble/universe amd64 libpotrace0 amd64 1.16-2build1 [17.7 kB]
#9 23.07 Get:636 http://archive.ubuntu.com/ubuntu noble/universe amd64 libpotrace-dev amd64 1.16-2build1 [3188 B]
#9 23.08 Get:637 http://archive.ubuntu.com/ubuntu noble/universe amd64 libpugixml1v5 amd64 1.14-0.1build1 [91.9 kB]
#9 23.08 Get:638 http://archive.ubuntu.com/ubuntu noble/universe amd64 libpugixml-dev amd64 1.14-0.1build1 [113 kB]
#9 23.09 Get:639 http://archive.ubuntu.com/ubuntu noble-updates/main amd64 libsndfile1 amd64 1.2.2-1ubuntu5.24.04.1 [209 kB]
#9 23.10 Get:640 http://archive.ubuntu.com/ubuntu noble-updates/main amd64 libpulse0 amd64 1:16.1+dfsg1-2ubuntu10.1 [292 kB]
#9 23.10 Get:641 http://archive.ubuntu.com/ubuntu noble-updates/main amd64 libpulse-mainloop-glib0 amd64 1:16.1+dfsg1-2ubuntu10.1 [12.2 kB]
#9 23.11 Get:642 http://archive.ubuntu.com/ubuntu noble-updates/universe amd64 libpulse-dev amd64 1:16.1+dfsg1-2ubuntu10.1 [75.6 kB]
#9 23.12 Get:643 http://archive.ubuntu.com/ubuntu noble-updates/main amd64 libraw23t64 amd64 0.21.2-2.1ubuntu0.24.04.1 [378 kB]
#9 23.12 Get:644 http://archive.ubuntu.com/ubuntu noble/main amd64 librsvg2-common amd64 2.58.0+dfsg-1build1 [11.8 kB]
#9 23.13 Get:645 http://archive.ubuntu.com/ubuntu noble/universe amd64 librsvg2-dev amd64 2.58.0+dfsg-1build1 [38.0 kB]
#9 23.14 Get:646 http://archive.ubuntu.com/ubuntu noble/main amd64 libsamplerate0 amd64 0.2.2-4build1 [1344 kB]
#9 23.16 Get:647 http://archive.ubuntu.com/ubuntu noble/main amd64 libsamplerate0-dev amd64 0.2.2-4build1 [61.5 kB]
#9 23.16 Get:648 http://archive.ubuntu.com/ubuntu noble/main amd64 libxss1 amd64 1:1.2.3-1build3 [7204 B]
#9 23.17 Get:649 http://archive.ubuntu.com/ubuntu noble-updates/main amd64 libsdl2-2.0-0 amd64 2.30.0+dfsg-1ubuntu3.1 [686 kB]
#9 23.18 Get:650 http://archive.ubuntu.com/ubuntu noble/universe amd64 libsndio7.0 amd64 1.9.0-0.3build3 [29.6 kB]
#9 23.19 Get:651 http://archive.ubuntu.com/ubuntu noble/universe amd64 libsndio-dev amd64 1.9.0-0.3build3 [17.7 kB]
#9 23.19 Get:652 http://archive.ubuntu.com/ubuntu noble-updates/main amd64 libudev-dev amd64 255.4-1ubuntu8.15 [22.0 kB]
#9 23.20 Get:653 http://archive.ubuntu.com/ubuntu noble/main amd64 libxss-dev amd64 1:1.2.3-1build3 [12.1 kB]
#9 23.21 Get:654 http://archive.ubuntu.com/ubuntu noble/main amd64 libxt6t64 amd64 1:1.2.1-1.2build1 [171 kB]
#9 23.21 Get:655 http://archive.ubuntu.com/ubuntu noble/main amd64 libxt-dev amd64 1:1.2.1-1.2build1 [394 kB]
#9 23.22 Get:656 http://archive.ubuntu.com/ubuntu noble/main amd64 libxv1 amd64 2:1.0.11-1.1build1 [10.7 kB]
#9 23.23 Get:657 http://archive.ubuntu.com/ubuntu noble/main amd64 libxv-dev amd64 2:1.0.11-1.1build1 [33.3 kB]
#9 23.24 Get:658 http://archive.ubuntu.com/ubuntu noble/main amd64 libxxf86vm-dev amd64 1:1.1.4-1build4 [13.8 kB]
#9 23.24 Get:659 http://archive.ubuntu.com/ubuntu noble-updates/universe amd64 libsdl2-dev amd64 2.30.0+dfsg-1ubuntu3.1 [1141 kB]
#9 23.26 Get:660 http://archive.ubuntu.com/ubuntu noble/universe amd64 libsecret-1-dev amd64 0.21.4-1build3 [129 kB]
#9 23.27 Get:661 http://archive.ubuntu.com/ubuntu noble/universe amd64 libsgmls-perl all 1.03ii-38 [22.1 kB]
#9 23.27 Get:662 http://archive.ubuntu.com/ubuntu noble/main amd64 libxs-parse-keyword-perl amd64 0.39-1build3 [54.7 kB]
#9 23.28 Get:663 http://archive.ubuntu.com/ubuntu noble/main amd64 libsyntax-keyword-try-perl amd64 0.29-1build3 [24.3 kB]
#9 23.28 Get:664 http://archive.ubuntu.com/ubuntu noble-updates/main amd64 libtiff5-dev amd64 4.5.1+git230720-4ubuntu2.5 [2162 B]
#9 23.29 Get:665 http://archive.ubuntu.com/ubuntu noble-updates/main amd64 libxml2-utils amd64 2.9.14+dfsg-1.3ubuntu3.7 [39.4 kB]
#9 23.30 Get:666 http://archive.ubuntu.com/ubuntu noble-updates/main amd64 libxslt1.1 amd64 1.1.39-0exp1ubuntu0.24.04.3 [168 kB]
#9 23.30 Get:667 http://archive.ubuntu.com/ubuntu noble/main amd64 libyaml-tiny-perl all 1.74-1 [25.3 kB]
#9 23.31 Get:668 http://archive.ubuntu.com/ubuntu noble/universe amd64 ninja-build amd64 1.11.1-2 [129 kB]
#9 23.31 Get:669 http://archive.ubuntu.com/ubuntu noble/universe amd64 opensp amd64 1.5.2-15ubuntu2 [147 kB]
#9 23.32 Get:670 http://archive.ubuntu.com/ubuntu noble/universe amd64 po4a all 0.69-1 [2184 kB]
#9 23.36 Get:671 http://archive.ubuntu.com/ubuntu noble/main amd64 python3-attr all 23.2.0-2 [48.6 kB]
#9 23.36 Get:672 http://archive.ubuntu.com/ubuntu noble/main amd64 python3-pyrsistent amd64 0.20.0-1build2 [55.8 kB]
#9 23.37 Get:673 http://archive.ubuntu.com/ubuntu noble/main amd64 python3-jsonschema all 4.10.3-2ubuntu1 [62.9 kB]
#9 23.37 Get:674 http://archive.ubuntu.com/ubuntu noble-updates/main amd64 xsltproc amd64 1.1.39-0exp1ubuntu0.24.04.3 [15.0 kB]
#9 23.38 Get:675 http://archive.ubuntu.com/ubuntu noble/universe amd64 liblensfun-dev amd64 0.3.4-1build2 [29.8 kB]
#9 23.39 Get:676 http://archive.ubuntu.com/ubuntu noble-updates/main amd64 libopenjp2-7-dev amd64 2.5.0-2ubuntu0.5 [258 kB]
#9 23.39 Get:677 http://archive.ubuntu.com/ubuntu noble-updates/main amd64 libraw-dev amd64 0.21.2-2.1ubuntu0.24.04.1 [439 kB]
#9 23.40 Get:678 http://archive.ubuntu.com/ubuntu noble/universe amd64 opencl-c-headers all 3.0~2023.12.14-1 [58.7 kB]
#9 23.41 Get:679 http://archive.ubuntu.com/ubuntu noble/universe amd64 opencl-clhpp-headers all 3.0~2023.12.14-1ubuntu1 [50.5 kB]
#9 23.42 Get:680 http://archive.ubuntu.com/ubuntu noble/universe amd64 opencl-headers all 3.0~2023.12.14-1 [1820 B]
#9 23.42 Get:681 http://archive.ubuntu.com/ubuntu noble/universe amd64 ocl-icd-opencl-dev amd64 2.3.2-1build1 [2448 B]
#9 23.74 debconf: delaying package configuration, since apt-utils is not installed
#9 23.79 Fetched 343 MB in 14s (25.0 MB/s)
#9 23.83 (Reading database ... (Reading database ... 5%(Reading database ... 10%(Reading database ... 15%(Reading database ... 20%(Reading database ... 25%(Reading database ... 30%(Reading database ... 35%(Reading database ... 40%(Reading database ... 45%(Reading database ... 50%(Reading database ... 55%(Reading database ... 60%(Reading database ... 65%(Reading database ... 70%(Reading database ... 75%(Reading database ... 80%(Reading database ... 85%(Reading database ... 90%(Reading database ... 95%(Reading database ... 100%(Reading database ... 4381 files and directories currently installed.)
#9 23.86 Preparing to unpack .../dpkg_1.22.6ubuntu6.6_amd64.deb ...
#9 23.88 Unpacking dpkg (1.22.6ubuntu6.6) over (1.22.6ubuntu6.5) ...
#9 24.17 Setting up dpkg (1.22.6ubuntu6.6) ...
#9 24.40 Selecting previously unselected package libpython3.12-minimal:amd64.
#9 24.40 (Reading database ... (Reading database ... 5%(Reading database ... 10%(Reading database ... 15%(Reading database ... 20%(Reading database ... 25%(Reading database ... 30%(Reading database ... 35%(Reading database ... 40%(Reading database ... 45%(Reading database ... 50%(Reading database ... 55%(Reading database ... 60%(Reading database ... 65%(Reading database ... 70%(Reading database ... 75%(Reading database ... 80%(Reading database ... 85%(Reading database ... 90%(Reading database ... 95%(Reading database ... 100%(Reading database ... 4381 files and directories currently installed.)
#9 24.40 Preparing to unpack .../libpython3.12-minimal_3.12.3-1ubuntu0.13_amd64.deb ...
#9 24.41 Unpacking libpython3.12-minimal:amd64 (3.12.3-1ubuntu0.13) ...
#9 24.53 Selecting previously unselected package libexpat1:amd64.
#9 24.53 Preparing to unpack .../libexpat1_2.6.1-2ubuntu0.4_amd64.deb ...
#9 24.54 Unpacking libexpat1:amd64 (2.6.1-2ubuntu0.4) ...
#9 24.62 Selecting previously unselected package python3.12-minimal.
#9 24.62 Preparing to unpack .../python3.12-minimal_3.12.3-1ubuntu0.13_amd64.deb ...
#9 24.63 Unpacking python3.12-minimal (3.12.3-1ubuntu0.13) ...
#9 24.74 Setting up libpython3.12-minimal:amd64 (3.12.3-1ubuntu0.13) ...
#9 24.76 Setting up libexpat1:amd64 (2.6.1-2ubuntu0.4) ...
#9 24.78 Setting up python3.12-minimal (3.12.3-1ubuntu0.13) ...
#9 25.78 Selecting previously unselected package python3-minimal.
#9 25.78 (Reading database ... (Reading database ... 5%(Reading database ... 10%(Reading database ... 15%(Reading database ... 20%(Reading database ... 25%(Reading database ... 30%(Reading database ... 35%(Reading database ... 40%(Reading database ... 45%(Reading database ... 50%(Reading database ... 55%(Reading database ... 60%(Reading database ... 65%(Reading database ... 70%(Reading database ... 75%(Reading database ... 80%(Reading database ... 85%(Reading database ... 90%(Reading database ... 95%(Reading database ... 100%(Reading database ... 4700 files and directories currently installed.)
#9 25.78 Preparing to unpack .../0-python3-minimal_3.12.3-0ubuntu2.1_amd64.deb ...
#9 25.79 Unpacking python3-minimal (3.12.3-0ubuntu2.1) ...
#9 25.82 Selecting previously unselected package media-types.
#9 25.82 Preparing to unpack .../1-media-types_10.1.0_all.deb ...
#9 25.82 Unpacking media-types (10.1.0) ...
#9 25.86 Selecting previously unselected package netbase.
#9 25.86 Preparing to unpack .../2-netbase_6.4_all.deb ...
#9 25.86 Unpacking netbase (6.4) ...
#9 25.90 Selecting previously unselected package tzdata.
#9 25.90 Preparing to unpack .../3-tzdata_2026a-0ubuntu0.24.04.1_all.deb ...
#9 25.90 Unpacking tzdata (2026a-0ubuntu0.24.04.1) ...
#9 26.00 Selecting previously unselected package readline-common.
#9 26.01 Preparing to unpack .../4-readline-common_8.2-4build1_all.deb ...
#9 26.01 Unpacking readline-common (8.2-4build1) ...
#9 26.05 Selecting previously unselected package libreadline8t64:amd64.
#9 26.05 Preparing to unpack .../5-libreadline8t64_8.2-4build1_amd64.deb ...
#9 26.06 Adding 'diversion of /lib/x86_64-linux-gnu/libhistory.so.8 to /lib/x86_64-linux-gnu/libhistory.so.8.usr-is-merged by libreadline8t64'
#9 26.07 Adding 'diversion of /lib/x86_64-linux-gnu/libhistory.so.8.2 to /lib/x86_64-linux-gnu/libhistory.so.8.2.usr-is-merged by libreadline8t64'
#9 26.07 Adding 'diversion of /lib/x86_64-linux-gnu/libreadline.so.8 to /lib/x86_64-linux-gnu/libreadline.so.8.usr-is-merged by libreadline8t64'
#9 26.08 Adding 'diversion of /lib/x86_64-linux-gnu/libreadline.so.8.2 to /lib/x86_64-linux-gnu/libreadline.so.8.2.usr-is-merged by libreadline8t64'
#9 26.08 Unpacking libreadline8t64:amd64 (8.2-4build1) ...
#9 26.12 Selecting previously unselected package libsqlite3-0:amd64.
#9 26.12 Preparing to unpack .../6-libsqlite3-0_3.45.1-1ubuntu2.5_amd64.deb ...
#9 26.12 Unpacking libsqlite3-0:amd64 (3.45.1-1ubuntu2.5) ...
#9 26.16 Selecting previously unselected package libpython3.12-stdlib:amd64.
#9 26.16 Preparing to unpack .../7-libpython3.12-stdlib_3.12.3-1ubuntu0.13_amd64.deb ...
#9 26.17 Unpacking libpython3.12-stdlib:amd64 (3.12.3-1ubuntu0.13) ...
#9 26.32 Selecting previously unselected package python3.12.
#9 26.32 Preparing to unpack .../8-python3.12_3.12.3-1ubuntu0.13_amd64.deb ...
#9 26.33 Unpacking python3.12 (3.12.3-1ubuntu0.13) ...
#9 26.36 Selecting previously unselected package libpython3-stdlib:amd64.
#9 26.36 Preparing to unpack .../9-libpython3-stdlib_3.12.3-0ubuntu2.1_amd64.deb ...
#9 26.37 Unpacking libpython3-stdlib:amd64 (3.12.3-0ubuntu2.1) ...
#9 26.40 Setting up python3-minimal (3.12.3-0ubuntu2.1) ...
#9 26.60 Selecting previously unselected package python3.
#9 26.60 (Reading database ... (Reading database ... 5%(Reading database ... 10%(Reading database ... 15%(Reading database ... 20%(Reading database ... 25%(Reading database ... 30%(Reading database ... 35%(Reading database ... 40%(Reading database ... 45%(Reading database ... 50%(Reading database ... 55%(Reading database ... 60%(Reading database ... 65%(Reading database ... 70%(Reading database ... 75%(Reading database ... 80%(Reading database ... 85%(Reading database ... 90%(Reading database ... 95%(Reading database ... 100%(Reading database ... 5706 files and directories currently installed.)
#9 26.61 Preparing to unpack .../0-python3_3.12.3-0ubuntu2.1_amd64.deb ...
#9 26.62 Unpacking python3 (3.12.3-0ubuntu2.1) ...
#9 26.68 Selecting previously unselected package libapparmor1:amd64.
#9 26.68 Preparing to unpack .../1-libapparmor1_4.0.1really4.0.1-0ubuntu0.24.04.6_amd64.deb ...
#9 26.68 Unpacking libapparmor1:amd64 (4.0.1really4.0.1-0ubuntu0.24.04.6) ...
#9 26.73 Selecting previously unselected package libargon2-1:amd64.
#9 26.74 Preparing to unpack .../2-libargon2-1_0~20190702+dfsg-4build1_amd64.deb ...
#9 26.74 Unpacking libargon2-1:amd64 (0~20190702+dfsg-4build1) ...
#9 26.81 Selecting previously unselected package libdevmapper1.02.1:amd64.
#9 26.81 Preparing to unpack .../3-libdevmapper1.02.1_2%3a1.02.185-3ubuntu3.2_amd64.deb ...
#9 26.82 Unpacking libdevmapper1.02.1:amd64 (2:1.02.185-3ubuntu3.2) ...
#9 26.88 Selecting previously unselected package libjson-c5:amd64.
#9 26.89 Preparing to unpack .../4-libjson-c5_0.17-1build1_amd64.deb ...
#9 26.89 Unpacking libjson-c5:amd64 (0.17-1build1) ...
#9 26.94 Selecting previously unselected package libcryptsetup12:amd64.
#9 26.94 Preparing to unpack .../5-libcryptsetup12_2%3a2.7.0-1ubuntu4.2_amd64.deb ...
#9 26.95 Unpacking libcryptsetup12:amd64 (2:2.7.0-1ubuntu4.2) ...
#9 26.99 Selecting previously unselected package libfdisk1:amd64.
#9 26.99 Preparing to unpack .../6-libfdisk1_2.39.3-9ubuntu6.5_amd64.deb ...
#9 27.00 Unpacking libfdisk1:amd64 (2.39.3-9ubuntu6.5) ...
#9 27.04 Selecting previously unselected package libkmod2:amd64.
#9 27.04 Preparing to unpack .../7-libkmod2_31+20240202-2ubuntu7.2_amd64.deb ...
#9 27.05 Unpacking libkmod2:amd64 (31+20240202-2ubuntu7.2) ...
#9 27.09 Preparing to unpack .../8-libcap2_1%3a2.66-5ubuntu2.4_amd64.deb ...
#9 27.10 Unpacking libcap2:amd64 (1:2.66-5ubuntu2.4) over (1:2.66-5ubuntu2.2) ...
#9 27.17 Setting up libcap2:amd64 (1:2.66-5ubuntu2.4) ...
#9 27.23 (Reading database ... (Reading database ... 5%(Reading database ... 10%(Reading database ... 15%(Reading database ... 20%(Reading database ... 25%(Reading database ... 30%(Reading database ... 35%(Reading database ... 40%(Reading database ... 45%(Reading database ... 50%(Reading database ... 55%(Reading database ... 60%(Reading database ... 65%(Reading database ... 70%(Reading database ... 75%(Reading database ... 80%(Reading database ... 85%(Reading database ... 90%(Reading database ... 95%(Reading database ... 100%(Reading database ... 5767 files and directories currently installed.)
#9 27.23 Preparing to unpack .../libgcrypt20_1.10.3-2ubuntu0.1_amd64.deb ...
#9 27.24 Unpacking libgcrypt20:amd64 (1.10.3-2ubuntu0.1) over (1.10.3-2build1) ...
#9 27.32 Setting up libgcrypt20:amd64 (1.10.3-2ubuntu0.1) ...
#9 27.38 Selecting previously unselected package libsystemd-shared:amd64.
#9 27.38 (Reading database ... (Reading database ... 5%(Reading database ... 10%(Reading database ... 15%(Reading database ... 20%(Reading database ... 25%(Reading database ... 30%(Reading database ... 35%(Reading database ... 40%(Reading database ... 45%(Reading database ... 50%(Reading database ... 55%(Reading database ... 60%(Reading database ... 65%(Reading database ... 70%(Reading database ... 75%(Reading database ... 80%(Reading database ... 85%(Reading database ... 90%(Reading database ... 95%(Reading database ... 100%(Reading database ... 5767 files and directories currently installed.)
#9 27.38 Preparing to unpack .../libsystemd-shared_255.4-1ubuntu8.15_amd64.deb ...
#9 27.39 Unpacking libsystemd-shared:amd64 (255.4-1ubuntu8.15) ...
#9 27.47 Selecting previously unselected package systemd-dev.
#9 27.47 Preparing to unpack .../systemd-dev_255.4-1ubuntu8.15_all.deb ...
#9 27.48 Unpacking systemd-dev (255.4-1ubuntu8.15) ...
#9 27.54 Selecting previously unselected package systemd.
#9 27.54 Preparing to unpack .../systemd_255.4-1ubuntu8.15_amd64.deb ...
#9 27.56 Unpacking systemd (255.4-1ubuntu8.15) ...
#9 27.82 Setting up libapparmor1:amd64 (4.0.1really4.0.1-0ubuntu0.24.04.6) ...
#9 27.83 Setting up libargon2-1:amd64 (0~20190702+dfsg-4build1) ...
#9 27.85 Setting up libdevmapper1.02.1:amd64 (2:1.02.185-3ubuntu3.2) ...
#9 27.87 Setting up libjson-c5:amd64 (0.17-1build1) ...
#9 27.89 Setting up libcryptsetup12:amd64 (2:2.7.0-1ubuntu4.2) ...
#9 27.92 Setting up libfdisk1:amd64 (2.39.3-9ubuntu6.5) ...
#9 27.94 Setting up libkmod2:amd64 (31+20240202-2ubuntu7.2) ...
#9 27.96 Setting up libsystemd-shared:amd64 (255.4-1ubuntu8.15) ...
#9 27.98 Setting up systemd-dev (255.4-1ubuntu8.15) ...
#9 28.00 Setting up systemd (255.4-1ubuntu8.15) ...
#9 28.07 Created symlink /etc/systemd/system/getty.target.wants/getty@tty1.service → /usr/lib/systemd/system/getty@.service.
#9 28.08 Created symlink /etc/systemd/system/multi-user.target.wants/remote-fs.target → /usr/lib/systemd/system/remote-fs.target.
#9 28.08 Created symlink /etc/systemd/system/sysinit.target.wants/systemd-pstore.service → /usr/lib/systemd/system/systemd-pstore.service.
#9 28.09 Initializing machine ID from random generator.
#9 28.13 /usr/lib/tmpfiles.d/systemd-network.conf:10: Failed to resolve user 'systemd-network': No such process
#9 28.13 /usr/lib/tmpfiles.d/systemd-network.conf:11: Failed to resolve user 'systemd-network': No such process
#9 28.13 /usr/lib/tmpfiles.d/systemd-network.conf:12: Failed to resolve user 'systemd-network': No such process
#9 28.13 /usr/lib/tmpfiles.d/systemd-network.conf:13: Failed to resolve user 'systemd-network': No such process
#9 28.13 /usr/lib/tmpfiles.d/systemd.conf:22: Failed to resolve group 'systemd-journal': No such process
#9 28.13 /usr/lib/tmpfiles.d/systemd.conf:23: Failed to resolve group 'systemd-journal': No such process
#9 28.13 /usr/lib/tmpfiles.d/systemd.conf:28: Failed to resolve group 'systemd-journal': No such process
#9 28.13 /usr/lib/tmpfiles.d/systemd.conf:29: Failed to resolve group 'systemd-journal': No such process
#9 28.13 /usr/lib/tmpfiles.d/systemd.conf:30: Failed to resolve group 'systemd-journal': No such process
#9 28.16 Creating group 'systemd-journal' with GID 999.
#9 28.16 Creating group 'systemd-network' with GID 998.
#9 28.16 Creating user 'systemd-network' (systemd Network Management) with UID 998 and GID 998.
#9 28.27 Selecting previously unselected package systemd-sysv.
#9 28.27 (Reading database ... (Reading database ... 5%(Reading database ... 10%(Reading database ... 15%(Reading database ... 20%(Reading database ... 25%(Reading database ... 30%(Reading database ... 35%(Reading database ... 40%(Reading database ... 45%(Reading database ... 50%(Reading database ... 55%(Reading database ... 60%(Reading database ... 65%(Reading database ... 70%(Reading database ... 75%(Reading database ... 80%(Reading database ... 85%(Reading database ... 90%(Reading database ... 95%(Reading database ... 100%(Reading database ... 6756 files and directories currently installed.)
#9 28.27 Preparing to unpack .../0-systemd-sysv_255.4-1ubuntu8.15_amd64.deb ...
#9 28.28 Unpacking systemd-sysv (255.4-1ubuntu8.15) ...
#9 28.32 Selecting previously unselected package perl-modules-5.38.
#9 28.32 Preparing to unpack .../1-perl-modules-5.38_5.38.2-3.2ubuntu0.2_all.deb ...
#9 28.33 Unpacking perl-modules-5.38 (5.38.2-3.2ubuntu0.2) ...
#9 28.67 Selecting previously unselected package libgdbm6t64:amd64.
#9 28.67 Preparing to unpack .../2-libgdbm6t64_1.23-5.1build1_amd64.deb ...
#9 28.68 Unpacking libgdbm6t64:amd64 (1.23-5.1build1) ...
#9 28.73 Selecting previously unselected package libgdbm-compat4t64:amd64.
#9 28.73 Preparing to unpack .../3-libgdbm-compat4t64_1.23-5.1build1_amd64.deb ...
#9 28.73 Unpacking libgdbm-compat4t64:amd64 (1.23-5.1build1) ...
#9 28.80 Selecting previously unselected package libperl5.38t64:amd64.
#9 28.80 Preparing to unpack .../4-libperl5.38t64_5.38.2-3.2ubuntu0.2_amd64.deb ...
#9 28.81 Unpacking libperl5.38t64:amd64 (5.38.2-3.2ubuntu0.2) ...
#9 29.09 Selecting previously unselected package perl.
#9 29.09 Preparing to unpack .../5-perl_5.38.2-3.2ubuntu0.2_amd64.deb ...
#9 29.11 Unpacking perl (5.38.2-3.2ubuntu0.2) ...
#9 29.19 Selecting previously unselected package sgml-base.
#9 29.19 Preparing to unpack .../6-sgml-base_1.31_all.deb ...
#9 29.19 Unpacking sgml-base (1.31) ...
#9 29.26 Selecting previously unselected package adduser.
#9 29.27 Preparing to unpack .../7-adduser_3.137ubuntu1_all.deb ...
#9 29.28 Unpacking adduser (3.137ubuntu1) ...
#9 29.35 Setting up adduser (3.137ubuntu1) ...
#9 29.48 Selecting previously unselected package openssl.
#9 29.48 (Reading database ... (Reading database ... 5%(Reading database ... 10%(Reading database ... 15%(Reading database ... 20%(Reading database ... 25%(Reading database ... 30%(Reading database ... 35%(Reading database ... 40%(Reading database ... 45%(Reading database ... 50%(Reading database ... 55%(Reading database ... 60%(Reading database ... 65%(Reading database ... 70%(Reading database ... 75%(Reading database ... 80%(Reading database ... 85%(Reading database ... 90%(Reading database ... 95%(Reading database ... 100%(Reading database ... 8862 files and directories currently installed.)
#9 29.49 Preparing to unpack .../000-openssl_3.0.13-0ubuntu3.9_amd64.deb ...
#9 29.49 Unpacking openssl (3.0.13-0ubuntu3.9) ...
#9 29.59 Selecting previously unselected package ca-certificates.
#9 29.60 Preparing to unpack .../001-ca-certificates_20240203_all.deb ...
#9 29.62 Unpacking ca-certificates (20240203) ...
#9 29.71 Selecting previously unselected package libdbus-1-3:amd64.
#9 29.71 Preparing to unpack .../002-libdbus-1-3_1.14.10-4ubuntu4.1_amd64.deb ...
#9 29.71 Unpacking libdbus-1-3:amd64 (1.14.10-4ubuntu4.1) ...
#9 29.76 Selecting previously unselected package dbus-bin.
#9 29.76 Preparing to unpack .../003-dbus-bin_1.14.10-4ubuntu4.1_amd64.deb ...
#9 29.76 Unpacking dbus-bin (1.14.10-4ubuntu4.1) ...
#9 29.80 Selecting previously unselected package dbus-session-bus-common.
#9 29.81 Preparing to unpack .../004-dbus-session-bus-common_1.14.10-4ubuntu4.1_all.deb ...
#9 29.81 Unpacking dbus-session-bus-common (1.14.10-4ubuntu4.1) ...
#9 29.87 Selecting previously unselected package dbus-daemon.
#9 29.87 Preparing to unpack .../005-dbus-daemon_1.14.10-4ubuntu4.1_amd64.deb ...
#9 29.88 Unpacking dbus-daemon (1.14.10-4ubuntu4.1) ...
#9 29.93 Selecting previously unselected package dbus-system-bus-common.
#9 29.95 Preparing to unpack .../006-dbus-system-bus-common_1.14.10-4ubuntu4.1_all.deb ...
#9 29.96 Unpacking dbus-system-bus-common (1.14.10-4ubuntu4.1) ...
#9 30.03 Selecting previously unselected package dbus.
#9 30.03 Preparing to unpack .../007-dbus_1.14.10-4ubuntu4.1_amd64.deb ...
#9 30.05 Unpacking dbus (1.14.10-4ubuntu4.1) ...
#9 30.15 Selecting previously unselected package libpam-systemd:amd64.
#9 30.15 Preparing to unpack .../008-libpam-systemd_255.4-1ubuntu8.15_amd64.deb ...
#9 30.16 Unpacking libpam-systemd:amd64 (255.4-1ubuntu8.15) ...
#9 30.32 Selecting previously unselected package dbus-user-session.
#9 30.32 Preparing to unpack .../009-dbus-user-session_1.14.10-4ubuntu4.1_amd64.deb ...
#9 30.33 Unpacking dbus-user-session (1.14.10-4ubuntu4.1) ...
#9 30.40 Selecting previously unselected package libglib2.0-0t64:amd64.
#9 30.40 Preparing to unpack .../010-libglib2.0-0t64_2.80.0-6ubuntu3.8_amd64.deb ...
#9 30.42 Unpacking libglib2.0-0t64:amd64 (2.80.0-6ubuntu3.8) ...
#9 30.52 Selecting previously unselected package gir1.2-glib-2.0:amd64.
#9 30.52 Preparing to unpack .../011-gir1.2-glib-2.0_2.80.0-6ubuntu3.8_amd64.deb ...
#9 30.53 Unpacking gir1.2-glib-2.0:amd64 (2.80.0-6ubuntu3.8) ...
#9 30.60 Selecting previously unselected package libgirepository-1.0-1:amd64.
#9 30.60 Preparing to unpack .../012-libgirepository-1.0-1_1.80.1-1_amd64.deb ...
#9 30.61 Unpacking libgirepository-1.0-1:amd64 (1.80.1-1) ...
#9 30.66 Selecting previously unselected package gir1.2-girepository-2.0:amd64.
#9 30.66 Preparing to unpack .../013-gir1.2-girepository-2.0_1.80.1-1_amd64.deb ...
#9 30.67 Unpacking gir1.2-girepository-2.0:amd64 (1.80.1-1) ...
#9 30.74 Selecting previously unselected package iso-codes.
#9 30.74 Preparing to unpack .../014-iso-codes_4.16.0-1_all.deb ...
#9 30.75 Unpacking iso-codes (4.16.0-1) ...
#9 31.04 Selecting previously unselected package libbsd0:amd64.
#9 31.04 Preparing to unpack .../015-libbsd0_0.12.1-1build1.1_amd64.deb ...
#9 31.05 Unpacking libbsd0:amd64 (0.12.1-1build1.1) ...
#9 31.08 Selecting previously unselected package libcap2-bin.
#9 31.09 Preparing to unpack .../016-libcap2-bin_1%3a2.66-5ubuntu2.4_amd64.deb ...
#9 31.09 Unpacking libcap2-bin (1:2.66-5ubuntu2.4) ...
#9 31.16 Selecting previously unselected package libelf1t64:amd64.
#9 31.17 Preparing to unpack .../017-libelf1t64_0.190-1.1ubuntu0.1_amd64.deb ...
#9 31.32 Unpacking libelf1t64:amd64 (0.190-1.1ubuntu0.1) ...
#9 31.54 Selecting previously unselected package libfribidi0:amd64.
#9 31.55 Preparing to unpack .../018-libfribidi0_1.0.13-3build1_amd64.deb ...
#9 31.55 Unpacking libfribidi0:amd64 (1.0.13-3build1) ...
#9 31.59 Selecting previously unselected package libglib2.0-data.
#9 31.59 Preparing to unpack .../019-libglib2.0-data_2.80.0-6ubuntu3.8_all.deb ...
#9 31.59 Unpacking libglib2.0-data (2.80.0-6ubuntu3.8) ...
#9 31.64 Selecting previously unselected package libkrb5support0:amd64.
#9 31.64 Preparing to unpack .../020-libkrb5support0_1.20.1-6ubuntu2.6_amd64.deb ...
#9 31.64 Unpacking libkrb5support0:amd64 (1.20.1-6ubuntu2.6) ...
#9 31.70 Selecting previously unselected package libk5crypto3:amd64.
#9 31.71 Preparing to unpack .../021-libk5crypto3_1.20.1-6ubuntu2.6_amd64.deb ...
#9 31.71 Unpacking libk5crypto3:amd64 (1.20.1-6ubuntu2.6) ...
#9 31.79 Selecting previously unselected package libkeyutils1:amd64.
#9 31.79 Preparing to unpack .../022-libkeyutils1_1.6.3-3build1_amd64.deb ...
#9 31.80 Unpacking libkeyutils1:amd64 (1.6.3-3build1) ...
#9 31.85 Selecting previously unselected package libkrb5-3:amd64.
#9 31.85 Preparing to unpack .../023-libkrb5-3_1.20.1-6ubuntu2.6_amd64.deb ...
#9 31.86 Unpacking libkrb5-3:amd64 (1.20.1-6ubuntu2.6) ...
#9 31.92 Selecting previously unselected package libgssapi-krb5-2:amd64.
#9 31.93 Preparing to unpack .../024-libgssapi-krb5-2_1.20.1-6ubuntu2.6_amd64.deb ...
#9 31.93 Unpacking libgssapi-krb5-2:amd64 (1.20.1-6ubuntu2.6) ...
#9 31.98 Selecting previously unselected package libicu74:amd64.
#9 31.99 Preparing to unpack .../025-libicu74_74.2-1ubuntu3.1_amd64.deb ...
#9 31.99 Unpacking libicu74:amd64 (74.2-1ubuntu3.1) ...
#9 32.24 Selecting previously unselected package libtirpc-common.
#9 32.24 Preparing to unpack .../026-libtirpc-common_1.3.4+ds-1.1build1_all.deb ...
#9 32.24 Unpacking libtirpc-common (1.3.4+ds-1.1build1) ...
#9 32.29 Selecting previously unselected package libtirpc3t64:amd64.
#9 32.29 Preparing to unpack .../027-libtirpc3t64_1.3.4+ds-1.1build1_amd64.deb ...
#9 32.30 Adding 'diversion of /lib/x86_64-linux-gnu/libtirpc.so.3 to /lib/x86_64-linux-gnu/libtirpc.so.3.usr-is-merged by libtirpc3t64'
#9 32.30 Adding 'diversion of /lib/x86_64-linux-gnu/libtirpc.so.3.0.0 to /lib/x86_64-linux-gnu/libtirpc.so.3.0.0.usr-is-merged by libtirpc3t64'
#9 32.31 Unpacking libtirpc3t64:amd64 (1.3.4+ds-1.1build1) ...
#9 32.35 Selecting previously unselected package libxml2:amd64.
#9 32.35 Preparing to unpack .../028-libxml2_2.9.14+dfsg-1.3ubuntu3.7_amd64.deb ...
#9 32.36 Unpacking libxml2:amd64 (2.9.14+dfsg-1.3ubuntu3.7) ...
#9 32.41 Selecting previously unselected package libyaml-0-2:amd64.
#9 32.41 Preparing to unpack .../029-libyaml-0-2_0.2.5-1build1_amd64.deb ...
#9 32.42 Unpacking libyaml-0-2:amd64 (0.2.5-1build1) ...
#9 32.46 Selecting previously unselected package python3-pkg-resources.
#9 32.46 Preparing to unpack .../030-python3-pkg-resources_68.1.2-2ubuntu1.2_all.deb ...
#9 32.47 Unpacking python3-pkg-resources (68.1.2-2ubuntu1.2) ...
#9 32.53 Selecting previously unselected package shared-mime-info.
#9 32.53 Preparing to unpack .../031-shared-mime-info_2.4-4_amd64.deb ...
#9 32.53 Unpacking shared-mime-info (2.4-4) ...
#9 32.58 Selecting previously unselected package xkb-data.
#9 32.59 Preparing to unpack .../032-xkb-data_2.41-2ubuntu1.1_all.deb ...
#9 32.59 Unpacking xkb-data (2.41-2ubuntu1.1) ...
#9 32.69 Selecting previously unselected package libmagic-mgc.
#9 32.70 Preparing to unpack .../033-libmagic-mgc_1%3a5.45-3build1_amd64.deb ...
#9 32.70 Unpacking libmagic-mgc (1:5.45-3build1) ...
#9 32.78 Selecting previously unselected package libmagic1t64:amd64.
#9 32.78 Preparing to unpack .../034-libmagic1t64_1%3a5.45-3build1_amd64.deb ...
#9 32.78 Unpacking libmagic1t64:amd64 (1:5.45-3build1) ...
#9 32.82 Selecting previously unselected package file.
#9 32.83 Preparing to unpack .../035-file_1%3a5.45-3build1_amd64.deb ...
#9 32.83 Unpacking file (1:5.45-3build1) ...
#9 32.86 Selecting previously unselected package gettext-base.
#9 32.86 Preparing to unpack .../036-gettext-base_0.21-14ubuntu2_amd64.deb ...
#9 32.87 Unpacking gettext-base (0.21-14ubuntu2) ...
#9 32.91 Selecting previously unselected package libdrm-common.
#9 32.91 Preparing to unpack .../037-libdrm-common_2.4.125-1ubuntu0.1~24.04.1_all.deb ...
#9 32.92 Unpacking libdrm-common (2.4.125-1ubuntu0.1~24.04.1) ...
#9 32.96 Selecting previously unselected package libdrm2:amd64.
#9 ...

#10 [runtime 2/8] RUN apt-get update && apt-get install -y --no-install-recommends     libarchive13 libavif16 libcairo2 libcolord2 libcolord-gtk1     libcurl3-gnutls libexiv2-27 libglib2.0-0 libgmic1     libgphoto2-6 libgraphicsmagick-q16-3 libgtk-3-0 libheif1     libjpeg8 libjson-glib-1.0-0 liblcms2-2 liblensfun1     liblua5.4-0 libopenexr-3-1-30 libopenjp2-7     libosmgpsmap-1.0-1 libpng16-16 libportmidi0 libpotrace0     libpugixml1v5 libraw23 librsvg2-2 libsqlite3-0 libtiff6     libwebp7 libx11-6 libxml2 zlib1g libsdl2-2.0-0     libsecret-1-0 lua5.4     pocl-opencl-icd     libgdk-pixbuf2.0-bin shared-mime-info     python3-xdg     xkb-data     && rm -rf /var/lib/apt/lists/*     && (/usr/lib/x86_64-linux-gnu/gdk-pixbuf-2.0/gdk-pixbuf-query-loaders --update-cache || true)     && update-mime-database /usr/share/mime
#10 22.91 Preconfiguring packages ...
#10 23.04 Fetched 176 MB in 4s (44.6 MB/s)
#10 23.08 (Reading database ... (Reading database ... 5%(Reading database ... 10%(Reading database ... 15%(Reading database ... 20%(Reading database ... 25%(Reading database ... 30%(Reading database ... 35%(Reading database ... 40%(Reading database ... 45%(Reading database ... 50%(Reading database ... 55%(Reading database ... 60%(Reading database ... 65%(Reading database ... 70%(Reading database ... 75%(Reading database ... 80%(Reading database ... 85%(Reading database ... 90%(Reading database ... 95%(Reading database ... 100%(Reading database ... 33321 files and directories currently installed.)
#10 23.21 Preparing to unpack .../gcc-14-base_14.2.0-4ubuntu2~24.04.1_amd64.deb ...
#10 23.22 Unpacking gcc-14-base:amd64 (14.2.0-4ubuntu2~24.04.1) over (14.2.0-4ubuntu2~24.04) ...
#10 23.31 Setting up gcc-14-base:amd64 (14.2.0-4ubuntu2~24.04.1) ...
#10 23.39 (Reading database ... (Reading database ... 5%(Reading database ... 10%(Reading database ... 15%(Reading database ... 20%(Reading database ... 25%(Reading database ... 30%(Reading database ... 35%(Reading database ... 40%(Reading database ... 45%(Reading database ... 50%(Reading database ... 55%(Reading database ... 60%(Reading database ... 65%(Reading database ... 70%(Reading database ... 75%(Reading database ... 80%(Reading database ... 85%(Reading database ... 90%(Reading database ... 95%(Reading database ... 100%(Reading database ... 33321 files and directories currently installed.)
#10 23.42 Preparing to unpack .../libgcc-s1_14.2.0-4ubuntu2~24.04.1_amd64.deb ...
#10 23.45 Unpacking libgcc-s1:amd64 (14.2.0-4ubuntu2~24.04.1) over (14.2.0-4ubuntu2~24.04) ...
#10 23.52 Setting up libgcc-s1:amd64 (14.2.0-4ubuntu2~24.04.1) ...
#10 23.57 (Reading database ... (Reading database ... 5%(Reading database ... 10%(Reading database ... 15%(Reading database ... 20%(Reading database ... 25%(Reading database ... 30%(Reading database ... 35%(Reading database ... 40%(Reading database ... 45%(Reading database ... 50%(Reading database ... 55%(Reading database ... 60%(Reading database ... 65%(Reading database ... 70%(Reading database ... 75%(Reading database ... 80%(Reading database ... 85%(Reading database ... 90%(Reading database ... 95%(Reading database ... 100%(Reading database ... 33321 files and directories currently installed.)
#10 23.60 Preparing to unpack .../libgomp1_14.2.0-4ubuntu2~24.04.1_amd64.deb ...
#10 23.61 Unpacking libgomp1:amd64 (14.2.0-4ubuntu2~24.04.1) over (14.2.0-4ubuntu2~24.04) ...
#10 23.66 Preparing to unpack .../libgfortran5_14.2.0-4ubuntu2~24.04.1_amd64.deb ...
#10 23.67 Unpacking libgfortran5:amd64 (14.2.0-4ubuntu2~24.04.1) over (14.2.0-4ubuntu2~24.04) ...
#10 23.78 Preparing to unpack .../libstdc++6_14.2.0-4ubuntu2~24.04.1_amd64.deb ...
#10 23.82 Unpacking libstdc++6:amd64 (14.2.0-4ubuntu2~24.04.1) over (14.2.0-4ubuntu2~24.04) ...
#10 23.97 Setting up libstdc++6:amd64 (14.2.0-4ubuntu2~24.04.1) ...
#10 24.08 (Reading database ... (Reading database ... 5%(Reading database ... 10%(Reading database ... 15%(Reading database ... 20%(Reading database ... 25%(Reading database ... 30%(Reading database ... 35%(Reading database ... 40%(Reading database ... 45%(Reading database ... 50%(Reading database ... 55%(Reading database ... 60%(Reading database ... 65%(Reading database ... 70%(Reading database ... 75%(Reading database ... 80%(Reading database ... 85%(Reading database ... 90%(Reading database ... 95%(Reading database ... 100%(Reading database ... 33321 files and directories currently installed.)
#10 24.12 Preparing to unpack .../libc6_2.39-0ubuntu8.7_amd64.deb ...
#10 24.29 Unpacking libc6:amd64 (2.39-0ubuntu8.7) over (2.39-0ubuntu8.4) ...
#10 25.40 Setting up libc6:amd64 (2.39-0ubuntu8.7) ...
#10 26.60 (Reading database ... (Reading database ... 5%(Reading database ... 10%(Reading database ... 15%(Reading database ... 20%(Reading database ... 25%(Reading database ... 30%(Reading database ... 35%(Reading database ... 40%(Reading database ... 45%(Reading database ... 50%(Reading database ... 55%(Reading database ... 60%(Reading database ... 65%(Reading database ... 70%(Reading database ... 75%(Reading database ... 80%(Reading database ... 85%(Reading database ... 90%(Reading database ... 95%(Reading database ... 100%(Reading database ... 33321 files and directories currently installed.)
#10 26.63 Preparing to unpack .../libc-bin_2.39-0ubuntu8.7_amd64.deb ...
#10 26.65 Unpacking libc-bin (2.39-0ubuntu8.7) over (2.39-0ubuntu8.4) ...
#10 26.92 Setting up libc-bin (2.39-0ubuntu8.7) ...
#10 27.39 (Reading database ... (Reading database ... 5%(Reading database ... 10%(Reading database ... 15%(Reading database ... 20%(Reading database ... 25%(Reading database ... 30%(Reading database ... 35%(Reading database ... 40%(Reading database ... 45%(Reading database ... 50%(Reading database ... 55%(Reading database ... 60%(Reading database ... 65%(Reading database ... 70%(Reading database ... 75%(Reading database ... 80%(Reading database ... 85%(Reading database ... 90%(Reading database ... 95%(Reading database ... 100%(Reading database ... 33321 files and directories currently installed.)
#10 27.41 Preparing to unpack .../000-libglib2.0-data_2.80.0-6ubuntu3.8_all.deb ...
#10 27.42 Unpacking libglib2.0-data (2.80.0-6ubuntu3.8) over (2.80.0-6ubuntu3.4) ...
#10 27.48 Preparing to unpack .../001-libglib2.0-bin_2.80.0-6ubuntu3.8_amd64.deb ...
#10 27.50 Unpacking libglib2.0-bin (2.80.0-6ubuntu3.8) over (2.80.0-6ubuntu3.4) ...
#10 27.64 Preparing to unpack .../002-gir1.2-glib-2.0_2.80.0-6ubuntu3.8_amd64.deb ...
#10 27.66 Unpacking gir1.2-glib-2.0:amd64 (2.80.0-6ubuntu3.8) over (2.80.0-6ubuntu3.4) ...
#10 27.76 Preparing to unpack .../003-libglib2.0-0t64_2.80.0-6ubuntu3.8_amd64.deb ...
#10 27.80 Unpacking libglib2.0-0t64:amd64 (2.80.0-6ubuntu3.8) over (2.80.0-6ubuntu3.4) ...
#10 28.00 Preparing to unpack .../004-libsqlite3-0_3.45.1-1ubuntu2.5_amd64.deb ...
#10 28.02 Unpacking libsqlite3-0:amd64 (3.45.1-1ubuntu2.5) over (3.45.1-1ubuntu2.3) ...
#10 28.12 Preparing to unpack .../005-libxml2_2.9.14+dfsg-1.3ubuntu3.7_amd64.deb ...
#10 28.13 Unpacking libxml2:amd64 (2.9.14+dfsg-1.3ubuntu3.7) over (2.9.14+dfsg-1.3ubuntu3.3) ...
#10 28.27 Preparing to unpack .../006-locales_2.39-0ubuntu8.7_all.deb ...
#10 28.28 Unpacking locales (2.39-0ubuntu8.7) over (2.39-0ubuntu8.4) ...
#10 30.95 Selecting previously unselected package libjansson4:amd64.
#10 30.96 Preparing to unpack .../007-libjansson4_2.14-2build2_amd64.deb ...
#10 30.96 Unpacking libjansson4:amd64 (2.14-2build2) ...
#10 31.01 Preparing to unpack .../008-libpng16-16t64_1.6.43-5ubuntu0.6_amd64.deb ...
#10 31.02 Unpacking libpng16-16t64:amd64 (1.6.43-5ubuntu0.6) over (1.6.43-5build1) ...
#10 31.10 Preparing to unpack .../009-libgdk-pixbuf2.0-common_2.42.10+dfsg-3ubuntu3.3_all.deb ...
#10 31.12 Unpacking libgdk-pixbuf2.0-common (2.42.10+dfsg-3ubuntu3.3) over (2.42.10+dfsg-3ubuntu3.1) ...
#10 31.55 Preparing to unpack .../010-libtiff6_4.5.1+git230720-4ubuntu2.5_amd64.deb ...
#10 31.56 Unpacking libtiff6:amd64 (4.5.1+git230720-4ubuntu2.5) over (4.5.1+git230720-4ubuntu2.2) ...
#10 31.64 Preparing to unpack .../011-libgdk-pixbuf-2.0-0_2.42.10+dfsg-3ubuntu3.3_amd64.deb ...
#10 31.66 Unpacking libgdk-pixbuf-2.0-0:amd64 (2.42.10+dfsg-3ubuntu3.3) over (2.42.10+dfsg-3ubuntu3.1) ...
#10 31.82 Selecting previously unselected package gtk-update-icon-cache.
#10 31.83 Preparing to unpack .../012-gtk-update-icon-cache_3.24.41-4ubuntu1.3_amd64.deb ...
#10 31.83 Unpacking gtk-update-icon-cache (3.24.41-4ubuntu1.3) ...
#10 31.89 Selecting previously unselected package hicolor-icon-theme.
#10 31.90 Preparing to unpack .../013-hicolor-icon-theme_0.17-2_all.deb ...
#10 31.90 Unpacking hicolor-icon-theme (0.17-2) ...
#10 32.02 Selecting previously unselected package humanity-icon-theme.
#10 32.03 Preparing to unpack .../014-humanity-icon-theme_0.6.16_all.deb ...
#10 32.03 Unpacking humanity-icon-theme (0.6.16) ...
#10 ...

#9 [builder 2/6] RUN apt-get update && apt-get install -y --no-install-recommends     build-essential cmake ninja-build git intltool gettext     appstream-util desktop-file-utils     libarchive-dev libatk1.0-dev libavif-dev libcairo2-dev     libcolord-dev libcolord-gtk-dev libcups2-dev libcurl4-gnutls-dev     libexiv2-dev libgdk-pixbuf-2.0-dev libglib2.0-dev libgmic-dev     libgphoto2-dev libgraphicsmagick1-dev libgtk-3-dev libheif-dev     libjpeg-dev libjson-glib-dev liblcms2-dev liblensfun-dev     liblua5.4-dev libopenexr-dev libopenjp2-7-dev     libosmgpsmap-1.0-dev libpango1.0-dev libpng-dev libportmidi-dev     libpotrace-dev libpugixml-dev libraw-dev librsvg2-dev     libsqlite3-dev libtiff5-dev libwebp-dev libx11-dev     libxml2-dev libxml2-utils zlib1g-dev libsdl2-dev     libsecret-1-dev po4a python3-jsonschema xsltproc perl     opencl-headers ocl-icd-opencl-dev     curl     && rm -rf /var/lib/apt/lists/*
#9 32.96 Preparing to unpack .../038-libdrm2_2.4.125-1ubuntu0.1~24.04.1_amd64.deb ...
#9 32.97 Unpacking libdrm2:amd64 (2.4.125-1ubuntu0.1~24.04.1) ...
#9 33.02 Selecting previously unselected package libedit2:amd64.
#9 33.02 Preparing to unpack .../039-libedit2_3.1-20230828-1build1_amd64.deb ...
#9 33.03 Unpacking libedit2:amd64 (3.1-20230828-1build1) ...
#9 33.07 Selecting previously unselected package libjansson4:amd64.
#9 33.07 Preparing to unpack .../040-libjansson4_2.14-2build2_amd64.deb ...
#9 33.07 Unpacking libjansson4:amd64 (2.14-2build2) ...
#9 33.12 Selecting previously unselected package libncurses6:amd64.
#9 33.12 Preparing to unpack .../041-libncurses6_6.4+20240113-1ubuntu2_amd64.deb ...
#9 33.13 Unpacking libncurses6:amd64 (6.4+20240113-1ubuntu2) ...
#9 33.17 Selecting previously unselected package libnghttp2-14:amd64.
#9 33.17 Preparing to unpack .../042-libnghttp2-14_1.59.0-1ubuntu0.3_amd64.deb ...
#9 33.17 Unpacking libnghttp2-14:amd64 (1.59.0-1ubuntu0.3) ...
#9 33.21 Selecting previously unselected package libnuma1:amd64.
#9 33.21 Preparing to unpack .../043-libnuma1_2.0.18-1ubuntu0.24.04.1_amd64.deb ...
#9 33.21 Unpacking libnuma1:amd64 (2.0.18-1ubuntu0.24.04.1) ...
#9 33.27 Selecting previously unselected package libpng16-16t64:amd64.
#9 33.27 Preparing to unpack .../044-libpng16-16t64_1.6.43-5ubuntu0.6_amd64.deb ...
#9 33.27 Unpacking libpng16-16t64:amd64 (1.6.43-5ubuntu0.6) ...
#9 33.31 Selecting previously unselected package libpsl5t64:amd64.
#9 33.32 Preparing to unpack .../045-libpsl5t64_0.21.2-1.1build1_amd64.deb ...
#9 33.32 Unpacking libpsl5t64:amd64 (0.21.2-1.1build1) ...
#9 33.36 Selecting previously unselected package libsensors-config.
#9 33.36 Preparing to unpack .../046-libsensors-config_1%3a3.6.0-9build1_all.deb ...
#9 33.36 Unpacking libsensors-config (1:3.6.0-9build1) ...
#9 33.41 Selecting previously unselected package libsensors5:amd64.
#9 33.41 Preparing to unpack .../047-libsensors5_1%3a3.6.0-9build1_amd64.deb ...
#9 33.42 Unpacking libsensors5:amd64 (1:3.6.0-9build1) ...
#9 33.47 Selecting previously unselected package libusb-1.0-0:amd64.
#9 33.47 Preparing to unpack .../048-libusb-1.0-0_2%3a1.0.27-1_amd64.deb ...
#9 33.47 Unpacking libusb-1.0-0:amd64 (2:1.0.27-1) ...
#9 33.52 Selecting previously unselected package libuv1t64:amd64.
#9 33.52 Preparing to unpack .../049-libuv1t64_1.48.0-1.1build1_amd64.deb ...
#9 33.53 Unpacking libuv1t64:amd64 (1.48.0-1.1build1) ...
#9 33.58 Selecting previously unselected package libxau6:amd64.
#9 33.58 Preparing to unpack .../050-libxau6_1%3a1.0.9-1build6_amd64.deb ...
#9 33.58 Unpacking libxau6:amd64 (1:1.0.9-1build6) ...
#9 33.64 Selecting previously unselected package libxdmcp6:amd64.
#9 33.64 Preparing to unpack .../051-libxdmcp6_1%3a1.1.3-0ubuntu6_amd64.deb ...
#9 33.64 Unpacking libxdmcp6:amd64 (1:1.1.3-0ubuntu6) ...
#9 33.68 Selecting previously unselected package libxcb1:amd64.
#9 33.68 Preparing to unpack .../052-libxcb1_1.15-1ubuntu2_amd64.deb ...
#9 33.69 Unpacking libxcb1:amd64 (1.15-1ubuntu2) ...
#9 33.72 Selecting previously unselected package libx11-data.
#9 33.72 Preparing to unpack .../053-libx11-data_2%3a1.8.7-1build1_all.deb ...
#9 33.73 Unpacking libx11-data (2:1.8.7-1build1) ...
#9 33.82 Selecting previously unselected package libx11-6:amd64.
#9 33.82 Preparing to unpack .../054-libx11-6_2%3a1.8.7-1build1_amd64.deb ...
#9 33.82 Unpacking libx11-6:amd64 (2:1.8.7-1build1) ...
#9 33.89 Selecting previously unselected package libxext6:amd64.
#9 33.89 Preparing to unpack .../055-libxext6_2%3a1.3.4-1build2_amd64.deb ...
#9 33.89 Unpacking libxext6:amd64 (2:1.3.4-1build2) ...
#9 33.94 Selecting previously unselected package libxkbcommon0:amd64.
#9 33.94 Preparing to unpack .../056-libxkbcommon0_1.6.0-1build1_amd64.deb ...
#9 33.94 Unpacking libxkbcommon0:amd64 (1.6.0-1build1) ...
#9 33.99 Selecting previously unselected package xz-utils.
#9 33.99 Preparing to unpack .../057-xz-utils_5.6.1+really5.4.5-1ubuntu0.2_amd64.deb ...
#9 33.99 Unpacking xz-utils (5.6.1+really5.4.5-1ubuntu0.2) ...
#9 34.03 Selecting previously unselected package libgdk-pixbuf2.0-common.
#9 34.04 Preparing to unpack .../058-libgdk-pixbuf2.0-common_2.42.10+dfsg-3ubuntu3.3_all.deb ...
#9 34.04 Unpacking libgdk-pixbuf2.0-common (2.42.10+dfsg-3ubuntu3.3) ...
#9 34.08 Selecting previously unselected package libjpeg-turbo8:amd64.
#9 34.08 Preparing to unpack .../059-libjpeg-turbo8_2.1.5-2ubuntu2_amd64.deb ...
#9 34.09 Unpacking libjpeg-turbo8:amd64 (2.1.5-2ubuntu2) ...
#9 34.13 Selecting previously unselected package libjpeg8:amd64.
#9 34.13 Preparing to unpack .../060-libjpeg8_8c-2ubuntu11_amd64.deb ...
#9 34.14 Unpacking libjpeg8:amd64 (8c-2ubuntu11) ...
#9 34.18 Selecting previously unselected package libdeflate0:amd64.
#9 34.19 Preparing to unpack .../061-libdeflate0_1.19-1build1.1_amd64.deb ...
#9 34.20 Unpacking libdeflate0:amd64 (1.19-1build1.1) ...
#9 34.24 Selecting previously unselected package libjbig0:amd64.
#9 34.24 Preparing to unpack .../062-libjbig0_2.1-6.1ubuntu2_amd64.deb ...
#9 34.25 Unpacking libjbig0:amd64 (2.1-6.1ubuntu2) ...
#9 34.31 Selecting previously unselected package liblerc4:amd64.
#9 34.31 Preparing to unpack .../063-liblerc4_4.0.0+ds-4ubuntu2_amd64.deb ...
#9 34.31 Unpacking liblerc4:amd64 (4.0.0+ds-4ubuntu2) ...
#9 34.35 Selecting previously unselected package libsharpyuv0:amd64.
#9 34.36 Preparing to unpack .../064-libsharpyuv0_1.3.2-0.4build3_amd64.deb ...
#9 34.36 Unpacking libsharpyuv0:amd64 (1.3.2-0.4build3) ...
#9 34.40 Selecting previously unselected package libwebp7:amd64.
#9 34.41 Preparing to unpack .../065-libwebp7_1.3.2-0.4build3_amd64.deb ...
#9 34.41 Unpacking libwebp7:amd64 (1.3.2-0.4build3) ...
#9 34.46 Selecting previously unselected package libtiff6:amd64.
#9 34.46 Preparing to unpack .../066-libtiff6_4.5.1+git230720-4ubuntu2.5_amd64.deb ...
#9 34.47 Unpacking libtiff6:amd64 (4.5.1+git230720-4ubuntu2.5) ...
#9 34.52 Selecting previously unselected package libgdk-pixbuf-2.0-0:amd64.
#9 34.52 Preparing to unpack .../067-libgdk-pixbuf-2.0-0_2.42.10+dfsg-3ubuntu3.3_amd64.deb ...
#9 34.53 Unpacking libgdk-pixbuf-2.0-0:amd64 (2.42.10+dfsg-3ubuntu3.3) ...
#9 34.57 Selecting previously unselected package gtk-update-icon-cache.
#9 34.57 Preparing to unpack .../068-gtk-update-icon-cache_3.24.41-4ubuntu1.3_amd64.deb ...
#9 34.58 Unpacking gtk-update-icon-cache (3.24.41-4ubuntu1.3) ...
#9 34.64 Selecting previously unselected package hicolor-icon-theme.
#9 34.64 Preparing to unpack .../069-hicolor-icon-theme_0.17-2_all.deb ...
#9 34.65 Unpacking hicolor-icon-theme (0.17-2) ...
#9 34.75 Selecting previously unselected package humanity-icon-theme.
#9 34.75 Preparing to unpack .../070-humanity-icon-theme_0.6.16_all.deb ...
#9 34.76 Unpacking humanity-icon-theme (0.6.16) ...
#9 35.95 Selecting previously unselected package ubuntu-mono.
#9 35.95 Preparing to unpack .../071-ubuntu-mono_24.04-0ubuntu1_all.deb ...
#9 35.96 Unpacking ubuntu-mono (24.04-0ubuntu1) ...
#9 36.44 Selecting previously unselected package adwaita-icon-theme.
#9 36.45 Preparing to unpack .../072-adwaita-icon-theme_46.0-1_all.deb ...
#9 36.45 Unpacking adwaita-icon-theme (46.0-1) ...
#9 36.67 Selecting previously unselected package libarchive13t64:amd64.
#9 36.68 Preparing to unpack .../073-libarchive13t64_3.7.2-2ubuntu0.7_amd64.deb ...
#9 36.68 Unpacking libarchive13t64:amd64 (3.7.2-2ubuntu0.7) ...
#9 36.73 Selecting previously unselected package libbrotli1:amd64.
#9 36.73 Preparing to unpack .../074-libbrotli1_1.1.0-2build2_amd64.deb ...
#9 36.74 Unpacking libbrotli1:amd64 (1.1.0-2build2) ...
#9 36.78 Selecting previously unselected package libsasl2-modules-db:amd64.
#9 36.78 Preparing to unpack .../075-libsasl2-modules-db_2.1.28+dfsg1-5ubuntu3.1_amd64.deb ...
#9 36.79 Unpacking libsasl2-modules-db:amd64 (2.1.28+dfsg1-5ubuntu3.1) ...
#9 36.84 Selecting previously unselected package libsasl2-2:amd64.
#9 36.84 Preparing to unpack .../076-libsasl2-2_2.1.28+dfsg1-5ubuntu3.1_amd64.deb ...
#9 36.85 Unpacking libsasl2-2:amd64 (2.1.28+dfsg1-5ubuntu3.1) ...
#9 36.89 Selecting previously unselected package libldap2:amd64.
#9 36.89 Preparing to unpack .../077-libldap2_2.6.10+dfsg-0ubuntu0.24.04.1_amd64.deb ...
#9 36.90 Unpacking libldap2:amd64 (2.6.10+dfsg-0ubuntu0.24.04.1) ...
#9 36.94 Selecting previously unselected package librtmp1:amd64.
#9 36.94 Preparing to unpack .../078-librtmp1_2.4+20151223.gitfa8646d.1-2build7_amd64.deb ...
#9 36.95 Unpacking librtmp1:amd64 (2.4+20151223.gitfa8646d.1-2build7) ...
#9 36.99 Selecting previously unselected package libssh-4:amd64.
#9 36.99 Preparing to unpack .../079-libssh-4_0.10.6-2ubuntu0.4_amd64.deb ...
#9 37.00 Unpacking libssh-4:amd64 (0.10.6-2ubuntu0.4) ...
#9 37.05 Selecting previously unselected package libcurl3t64-gnutls:amd64.
#9 37.05 Preparing to unpack .../080-libcurl3t64-gnutls_8.5.0-2ubuntu10.9_amd64.deb ...
#9 37.06 Unpacking libcurl3t64-gnutls:amd64 (8.5.0-2ubuntu10.9) ...
#9 37.11 Selecting previously unselected package libstemmer0d:amd64.
#9 37.11 Preparing to unpack .../081-libstemmer0d_2.2.0-4build1_amd64.deb ...
#9 37.11 Unpacking libstemmer0d:amd64 (2.2.0-4build1) ...
#9 37.16 Selecting previously unselected package libappstream-glib8:amd64.
#9 37.16 Preparing to unpack .../082-libappstream-glib8_0.8.2-1.1build1_amd64.deb ...
#9 37.17 Unpacking libappstream-glib8:amd64 (0.8.2-1.1build1) ...
#9 37.21 Selecting previously unselected package appstream-util.
#9 37.21 Preparing to unpack .../083-appstream-util_0.8.2-1.1build1_amd64.deb ...
#9 37.22 Unpacking appstream-util (0.8.2-1.1build1) ...
#9 37.29 Selecting previously unselected package at-spi2-common.
#9 37.29 Preparing to unpack .../084-at-spi2-common_2.52.0-1build1_all.deb ...
#9 37.29 Unpacking at-spi2-common (2.52.0-1build1) ...
#9 37.35 Selecting previously unselected package m4.
#9 37.35 Preparing to unpack .../085-m4_1.4.19-4build1_amd64.deb ...
#9 37.36 Unpacking m4 (1.4.19-4build1) ...
#9 37.41 Selecting previously unselected package autoconf.
#9 37.41 Preparing to unpack .../086-autoconf_2.71-3_all.deb ...
#9 37.42 Unpacking autoconf (2.71-3) ...
#9 37.48 Selecting previously unselected package autotools-dev.
#9 37.48 Preparing to unpack .../087-autotools-dev_20220109.1_all.deb ...
#9 37.49 Unpacking autotools-dev (20220109.1) ...
#9 37.53 Selecting previously unselected package automake.
#9 37.53 Preparing to unpack .../088-automake_1%3a1.16.5-1.3ubuntu1_all.deb ...
#9 37.54 Unpacking automake (1:1.16.5-1.3ubuntu1) ...
#9 37.60 Selecting previously unselected package binutils-common:amd64.
#9 37.60 Preparing to unpack .../089-binutils-common_2.42-4ubuntu2.10_amd64.deb ...
#9 37.61 Unpacking binutils-common:amd64 (2.42-4ubuntu2.10) ...
#9 37.67 Selecting previously unselected package libsframe1:amd64.
#9 37.67 Preparing to unpack .../090-libsframe1_2.42-4ubuntu2.10_amd64.deb ...
#9 37.67 Unpacking libsframe1:amd64 (2.42-4ubuntu2.10) ...
#9 37.71 Selecting previously unselected package libbinutils:amd64.
#9 37.72 Preparing to unpack .../091-libbinutils_2.42-4ubuntu2.10_amd64.deb ...
#9 37.72 Unpacking libbinutils:amd64 (2.42-4ubuntu2.10) ...
#9 37.78 Selecting previously unselected package libctf-nobfd0:amd64.
#9 37.78 Preparing to unpack .../092-libctf-nobfd0_2.42-4ubuntu2.10_amd64.deb ...
#9 37.78 Unpacking libctf-nobfd0:amd64 (2.42-4ubuntu2.10) ...
#9 37.84 Selecting previously unselected package libctf0:amd64.
#9 37.84 Preparing to unpack .../093-libctf0_2.42-4ubuntu2.10_amd64.deb ...
#9 37.84 Unpacking libctf0:amd64 (2.42-4ubuntu2.10) ...
#9 37.89 Selecting previously unselected package libgprofng0:amd64.
#9 37.89 Preparing to unpack .../094-libgprofng0_2.42-4ubuntu2.10_amd64.deb ...
#9 37.90 Unpacking libgprofng0:amd64 (2.42-4ubuntu2.10) ...
#9 37.97 Selecting previously unselected package binutils-x86-64-linux-gnu.
#9 37.97 Preparing to unpack .../095-binutils-x86-64-linux-gnu_2.42-4ubuntu2.10_amd64.deb ...
#9 37.97 Unpacking binutils-x86-64-linux-gnu (2.42-4ubuntu2.10) ...
#9 38.12 Selecting previously unselected package binutils.
#9 38.12 Preparing to unpack .../096-binutils_2.42-4ubuntu2.10_amd64.deb ...
#9 38.12 Unpacking binutils (2.42-4ubuntu2.10) ...
#9 38.16 Selecting previously unselected package libc-dev-bin.
#9 38.16 Preparing to unpack .../097-libc-dev-bin_2.39-0ubuntu8.7_amd64.deb ...
#9 38.16 Unpacking libc-dev-bin (2.39-0ubuntu8.7) ...
#9 38.20 Selecting previously unselected package linux-libc-dev:amd64.
#9 38.20 Preparing to unpack .../098-linux-libc-dev_6.8.0-124.124_amd64.deb ...
#9 38.21 Unpacking linux-libc-dev:amd64 (6.8.0-124.124) ...
#9 38.45 Selecting previously unselected package libcrypt-dev:amd64.
#9 38.45 Preparing to unpack .../099-libcrypt-dev_1%3a4.4.36-4build1_amd64.deb ...
#9 38.46 Unpacking libcrypt-dev:amd64 (1:4.4.36-4build1) ...
#9 38.51 Selecting previously unselected package rpcsvc-proto.
#9 38.51 Preparing to unpack .../100-rpcsvc-proto_1.4.2-0ubuntu7_amd64.deb ...
#9 38.51 Unpacking rpcsvc-proto (1.4.2-0ubuntu7) ...
#9 38.56 Selecting previously unselected package libc6-dev:amd64.
#9 38.57 Preparing to unpack .../101-libc6-dev_2.39-0ubuntu8.7_amd64.deb ...
#9 38.57 Unpacking libc6-dev:amd64 (2.39-0ubuntu8.7) ...
#9 38.78 Selecting previously unselected package gcc-13-base:amd64.
#9 38.78 Preparing to unpack .../102-gcc-13-base_13.3.0-6ubuntu2~24.04.1_amd64.deb ...
#9 38.79 Unpacking gcc-13-base:amd64 (13.3.0-6ubuntu2~24.04.1) ...
#9 38.84 Selecting previously unselected package libisl23:amd64.
#9 38.84 Preparing to unpack .../103-libisl23_0.26-3build1.1_amd64.deb ...
#9 38.84 Unpacking libisl23:amd64 (0.26-3build1.1) ...
#9 38.91 Selecting previously unselected package libmpfr6:amd64.
#9 38.91 Preparing to unpack .../104-libmpfr6_4.2.1-1build1.1_amd64.deb ...
#9 38.91 Unpacking libmpfr6:amd64 (4.2.1-1build1.1) ...
#9 38.97 Selecting previously unselected package libmpc3:amd64.
#9 38.97 Preparing to unpack .../105-libmpc3_1.3.1-1build1.1_amd64.deb ...
#9 38.98 Unpacking libmpc3:amd64 (1.3.1-1build1.1) ...
#9 39.01 Selecting previously unselected package cpp-13-x86-64-linux-gnu.
#9 39.02 Preparing to unpack .../106-cpp-13-x86-64-linux-gnu_13.3.0-6ubuntu2~24.04.1_amd64.deb ...
#9 39.02 Unpacking cpp-13-x86-64-linux-gnu (13.3.0-6ubuntu2~24.04.1) ...
#9 39.28 Selecting previously unselected package cpp-13.
#9 39.28 Preparing to unpack .../107-cpp-13_13.3.0-6ubuntu2~24.04.1_amd64.deb ...
#9 39.30 Unpacking cpp-13 (13.3.0-6ubuntu2~24.04.1) ...
#9 39.34 Selecting previously unselected package cpp-x86-64-linux-gnu.
#9 39.34 Preparing to unpack .../108-cpp-x86-64-linux-gnu_4%3a13.2.0-7ubuntu1_amd64.deb ...
#9 39.35 Unpacking cpp-x86-64-linux-gnu (4:13.2.0-7ubuntu1) ...
#9 39.41 Selecting previously unselected package cpp.
#9 39.41 Preparing to unpack .../109-cpp_4%3a13.2.0-7ubuntu1_amd64.deb ...
#9 39.42 Unpacking cpp (4:13.2.0-7ubuntu1) ...
#9 39.48 Selecting previously unselected package libcc1-0:amd64.
#9 39.48 Preparing to unpack .../110-libcc1-0_14.2.0-4ubuntu2~24.04.1_amd64.deb ...
#9 39.49 Unpacking libcc1-0:amd64 (14.2.0-4ubuntu2~24.04.1) ...
#9 39.54 Selecting previously unselected package libgomp1:amd64.
#9 39.54 Preparing to unpack .../111-libgomp1_14.2.0-4ubuntu2~24.04.1_amd64.deb ...
#9 39.55 Unpacking libgomp1:amd64 (14.2.0-4ubuntu2~24.04.1) ...
#9 39.59 Selecting previously unselected package libitm1:amd64.
#9 39.59 Preparing to unpack .../112-libitm1_14.2.0-4ubuntu2~24.04.1_amd64.deb ...
#9 39.60 Unpacking libitm1:amd64 (14.2.0-4ubuntu2~24.04.1) ...
#9 39.66 Selecting previously unselected package libatomic1:amd64.
#9 39.67 Preparing to unpack .../113-libatomic1_14.2.0-4ubuntu2~24.04.1_amd64.deb ...
#9 39.68 Unpacking libatomic1:amd64 (14.2.0-4ubuntu2~24.04.1) ...
#9 39.74 Selecting previously unselected package libasan8:amd64.
#9 39.74 Preparing to unpack .../114-libasan8_14.2.0-4ubuntu2~24.04.1_amd64.deb ...
#9 39.75 Unpacking libasan8:amd64 (14.2.0-4ubuntu2~24.04.1) ...
#9 39.87 Selecting previously unselected package liblsan0:amd64.
#9 39.88 Preparing to unpack .../115-liblsan0_14.2.0-4ubuntu2~24.04.1_amd64.deb ...
#9 39.89 Unpacking liblsan0:amd64 (14.2.0-4ubuntu2~24.04.1) ...
#9 39.97 Selecting previously unselected package libtsan2:amd64.
#9 39.98 Preparing to unpack .../116-libtsan2_14.2.0-4ubuntu2~24.04.1_amd64.deb ...
#9 39.99 Unpacking libtsan2:amd64 (14.2.0-4ubuntu2~24.04.1) ...
#9 40.09 Selecting previously unselected package libubsan1:amd64.
#9 40.10 Preparing to unpack .../117-libubsan1_14.2.0-4ubuntu2~24.04.1_amd64.deb ...
#9 40.11 Unpacking libubsan1:amd64 (14.2.0-4ubuntu2~24.04.1) ...
#9 40.20 Selecting previously unselected package libhwasan0:amd64.
#9 40.21 Preparing to unpack .../118-libhwasan0_14.2.0-4ubuntu2~24.04.1_amd64.deb ...
#9 40.21 Unpacking libhwasan0:amd64 (14.2.0-4ubuntu2~24.04.1) ...
#9 40.31 Selecting previously unselected package libquadmath0:amd64.
#9 40.32 Preparing to unpack .../119-libquadmath0_14.2.0-4ubuntu2~24.04.1_amd64.deb ...
#9 40.32 Unpacking libquadmath0:amd64 (14.2.0-4ubuntu2~24.04.1) ...
#9 40.37 Selecting previously unselected package libgcc-13-dev:amd64.
#9 40.38 Preparing to unpack .../120-libgcc-13-dev_13.3.0-6ubuntu2~24.04.1_amd64.deb ...
#9 40.38 Unpacking libgcc-13-dev:amd64 (13.3.0-6ubuntu2~24.04.1) ...
#9 40.53 Selecting previously unselected package gcc-13-x86-64-linux-gnu.
#9 40.53 Preparing to unpack .../121-gcc-13-x86-64-linux-gnu_13.3.0-6ubuntu2~24.04.1_amd64.deb ...
#9 40.54 Unpacking gcc-13-x86-64-linux-gnu (13.3.0-6ubuntu2~24.04.1) ...
#9 41.01 Selecting previously unselected package gcc-13.
#9 41.01 Preparing to unpack .../122-gcc-13_13.3.0-6ubuntu2~24.04.1_amd64.deb ...
#9 41.02 Unpacking gcc-13 (13.3.0-6ubuntu2~24.04.1) ...
#9 41.06 Selecting previously unselected package gcc-x86-64-linux-gnu.
#9 41.07 Preparing to unpack .../123-gcc-x86-64-linux-gnu_4%3a13.2.0-7ubuntu1_amd64.deb ...
#9 41.07 Unpacking gcc-x86-64-linux-gnu (4:13.2.0-7ubuntu1) ...
#9 41.13 Selecting previously unselected package gcc.
#9 41.13 Preparing to unpack .../124-gcc_4%3a13.2.0-7ubuntu1_amd64.deb ...
#9 41.13 Unpacking gcc (4:13.2.0-7ubuntu1) ...
#9 41.17 Selecting previously unselected package libstdc++-13-dev:amd64.
#9 41.17 Preparing to unpack .../125-libstdc++-13-dev_13.3.0-6ubuntu2~24.04.1_amd64.deb ...
#9 41.18 Unpacking libstdc++-13-dev:amd64 (13.3.0-6ubuntu2~24.04.1) ...
#9 41.43 Selecting previously unselected package g++-13-x86-64-linux-gnu.
#9 41.43 Preparing to unpack .../126-g++-13-x86-64-linux-gnu_13.3.0-6ubuntu2~24.04.1_amd64.deb ...
#9 41.44 Unpacking g++-13-x86-64-linux-gnu (13.3.0-6ubuntu2~24.04.1) ...
#9 41.69 Selecting previously unselected package g++-13.
#9 41.70 Preparing to unpack .../127-g++-13_13.3.0-6ubuntu2~24.04.1_amd64.deb ...
#9 41.70 Unpacking g++-13 (13.3.0-6ubuntu2~24.04.1) ...
#9 41.75 Selecting previously unselected package g++-x86-64-linux-gnu.
#9 41.76 Preparing to unpack .../128-g++-x86-64-linux-gnu_4%3a13.2.0-7ubuntu1_amd64.deb ...
#9 41.76 Unpacking g++-x86-64-linux-gnu (4:13.2.0-7ubuntu1) ...
#9 41.80 Selecting previously unselected package g++.
#9 41.81 Preparing to unpack .../129-g++_4%3a13.2.0-7ubuntu1_amd64.deb ...
#9 41.81 Unpacking g++ (4:13.2.0-7ubuntu1) ...
#9 41.85 Selecting previously unselected package make.
#9 41.85 Preparing to unpack .../130-make_4.3-4.1build2_amd64.deb ...
#9 41.86 Unpacking make (4.3-4.1build2) ...
#9 41.91 Selecting previously unselected package libdpkg-perl.
#9 41.91 Preparing to unpack .../131-libdpkg-perl_1.22.6ubuntu6.6_all.deb ...
#9 41.92 Unpacking libdpkg-perl (1.22.6ubuntu6.6) ...
#9 41.99 Selecting previously unselected package bzip2.
#9 41.99 Preparing to unpack .../132-bzip2_1.0.8-5.1build0.1_amd64.deb ...
#9 42.00 Unpacking bzip2 (1.0.8-5.1build0.1) ...
#9 42.04 Selecting previously unselected package patch.
#9 42.04 Preparing to unpack .../133-patch_2.7.6-7build3_amd64.deb ...
#9 42.05 Unpacking patch (2.7.6-7build3) ...
#9 42.09 Selecting previously unselected package lto-disabled-list.
#9 42.10 Preparing to unpack .../134-lto-disabled-list_47_all.deb ...
#9 42.10 Unpacking lto-disabled-list (47) ...
#9 42.15 Selecting previously unselected package dpkg-dev.
#9 42.16 Preparing to unpack .../135-dpkg-dev_1.22.6ubuntu6.6_all.deb ...
#9 42.16 Unpacking dpkg-dev (1.22.6ubuntu6.6) ...
#9 42.23 Selecting previously unselected package build-essential.
#9 42.23 Preparing to unpack .../136-build-essential_12.10ubuntu1_amd64.deb ...
#9 42.24 Unpacking build-essential (12.10ubuntu1) ...
#9 42.29 Selecting previously unselected package libcurl4t64:amd64.
#9 42.29 Preparing to unpack .../137-libcurl4t64_8.5.0-2ubuntu10.9_amd64.deb ...
#9 42.30 Unpacking libcurl4t64:amd64 (8.5.0-2ubuntu10.9) ...
#9 42.35 Selecting previously unselected package libjsoncpp25:amd64.
#9 42.35 Preparing to unpack .../138-libjsoncpp25_1.9.5-6build1_amd64.deb ...
#9 42.35 Unpacking libjsoncpp25:amd64 (1.9.5-6build1) ...
#9 42.40 Selecting previously unselected package librhash0:amd64.
#9 42.40 Preparing to unpack .../139-librhash0_1.4.3-3build1_amd64.deb ...
#9 42.41 Unpacking librhash0:amd64 (1.4.3-3build1) ...
#9 42.46 Selecting previously unselected package cmake-data.
#9 42.46 Preparing to unpack .../140-cmake-data_3.28.3-1build7_all.deb ...
#9 42.47 Unpacking cmake-data (3.28.3-1build7) ...
#9 ...

#10 [runtime 2/8] RUN apt-get update && apt-get install -y --no-install-recommends     libarchive13 libavif16 libcairo2 libcolord2 libcolord-gtk1     libcurl3-gnutls libexiv2-27 libglib2.0-0 libgmic1     libgphoto2-6 libgraphicsmagick-q16-3 libgtk-3-0 libheif1     libjpeg8 libjson-glib-1.0-0 liblcms2-2 liblensfun1     liblua5.4-0 libopenexr-3-1-30 libopenjp2-7     libosmgpsmap-1.0-1 libpng16-16 libportmidi0 libpotrace0     libpugixml1v5 libraw23 librsvg2-2 libsqlite3-0 libtiff6     libwebp7 libx11-6 libxml2 zlib1g libsdl2-2.0-0     libsecret-1-0 lua5.4     pocl-opencl-icd     libgdk-pixbuf2.0-bin shared-mime-info     python3-xdg     xkb-data     && rm -rf /var/lib/apt/lists/*     && (/usr/lib/x86_64-linux-gnu/gdk-pixbuf-2.0/gdk-pixbuf-query-loaders --update-cache || true)     && update-mime-database /usr/share/mime
#10 33.11 Selecting previously unselected package ubuntu-mono.
#10 33.11 Preparing to unpack .../015-ubuntu-mono_24.04-0ubuntu1_all.deb ...
#10 33.12 Unpacking ubuntu-mono (24.04-0ubuntu1) ...
#10 33.62 Selecting previously unselected package adwaita-icon-theme.
#10 33.63 Preparing to unpack .../016-adwaita-icon-theme_46.0-1_all.deb ...
#10 33.63 Unpacking adwaita-icon-theme (46.0-1) ...
#10 33.84 Selecting previously unselected package at-spi2-common.
#10 33.84 Preparing to unpack .../017-at-spi2-common_2.52.0-1build1_all.deb ...
#10 33.85 Unpacking at-spi2-common (2.52.0-1build1) ...
#10 33.90 Selecting previously unselected package binutils-common:amd64.
#10 33.90 Preparing to unpack .../018-binutils-common_2.42-4ubuntu2.10_amd64.deb ...
#10 33.91 Unpacking binutils-common:amd64 (2.42-4ubuntu2.10) ...
#10 33.96 Selecting previously unselected package libsframe1:amd64.
#10 33.96 Preparing to unpack .../019-libsframe1_2.42-4ubuntu2.10_amd64.deb ...
#10 33.97 Unpacking libsframe1:amd64 (2.42-4ubuntu2.10) ...
#10 34.01 Selecting previously unselected package libbinutils:amd64.
#10 34.01 Preparing to unpack .../020-libbinutils_2.42-4ubuntu2.10_amd64.deb ...
#10 34.02 Unpacking libbinutils:amd64 (2.42-4ubuntu2.10) ...
#10 34.09 Selecting previously unselected package libctf-nobfd0:amd64.
#10 34.09 Preparing to unpack .../021-libctf-nobfd0_2.42-4ubuntu2.10_amd64.deb ...
#10 34.09 Unpacking libctf-nobfd0:amd64 (2.42-4ubuntu2.10) ...
#10 34.15 Selecting previously unselected package libctf0:amd64.
#10 34.15 Preparing to unpack .../022-libctf0_2.42-4ubuntu2.10_amd64.deb ...
#10 34.16 Unpacking libctf0:amd64 (2.42-4ubuntu2.10) ...
#10 34.21 Selecting previously unselected package libgprofng0:amd64.
#10 34.22 Preparing to unpack .../023-libgprofng0_2.42-4ubuntu2.10_amd64.deb ...
#10 34.22 Unpacking libgprofng0:amd64 (2.42-4ubuntu2.10) ...
#10 34.29 Selecting previously unselected package binutils-x86-64-linux-gnu.
#10 34.29 Preparing to unpack .../024-binutils-x86-64-linux-gnu_2.42-4ubuntu2.10_amd64.deb ...
#10 34.31 Unpacking binutils-x86-64-linux-gnu (2.42-4ubuntu2.10) ...
#10 34.44 Selecting previously unselected package binutils.
#10 34.44 Preparing to unpack .../025-binutils_2.42-4ubuntu2.10_amd64.deb ...
#10 34.45 Unpacking binutils (2.42-4ubuntu2.10) ...
#10 34.51 Selecting previously unselected package libllvm16t64:amd64.
#10 34.51 Preparing to unpack .../026-libllvm16t64_1%3a16.0.6-23ubuntu4_amd64.deb ...
#10 34.52 Unpacking libllvm16t64:amd64 (1:16.0.6-23ubuntu4) ...
#10 35.22 Selecting previously unselected package libclang-cpp16t64.
#10 35.22 Preparing to unpack .../027-libclang-cpp16t64_1%3a16.0.6-23ubuntu4_amd64.deb ...
#10 35.23 Unpacking libclang-cpp16t64 (1:16.0.6-23ubuntu4) ...
#10 35.58 Preparing to unpack .../028-cpp-13_13.3.0-6ubuntu2~24.04.1_amd64.deb ...
#10 35.60 Unpacking cpp-13 (13.3.0-6ubuntu2~24.04.1) over (13.3.0-6ubuntu2~24.04) ...
#10 35.65 Preparing to unpack .../029-cpp-13-x86-64-linux-gnu_13.3.0-6ubuntu2~24.04.1_amd64.deb ...
#10 35.66 Unpacking cpp-13-x86-64-linux-gnu (13.3.0-6ubuntu2~24.04.1) over (13.3.0-6ubuntu2~24.04) ...
#10 36.14 Preparing to unpack .../030-gcc-13-base_13.3.0-6ubuntu2~24.04.1_amd64.deb ...
#10 36.15 Unpacking gcc-13-base:amd64 (13.3.0-6ubuntu2~24.04.1) over (13.3.0-6ubuntu2~24.04) ...
#10 36.20 Selecting previously unselected package libitm1:amd64.
#10 36.21 Preparing to unpack .../031-libitm1_14.2.0-4ubuntu2~24.04.1_amd64.deb ...
#10 36.21 Unpacking libitm1:amd64 (14.2.0-4ubuntu2~24.04.1) ...
#10 36.26 Selecting previously unselected package libatomic1:amd64.
#10 36.26 Preparing to unpack .../032-libatomic1_14.2.0-4ubuntu2~24.04.1_amd64.deb ...
#10 36.27 Unpacking libatomic1:amd64 (14.2.0-4ubuntu2~24.04.1) ...
#10 36.32 Selecting previously unselected package libasan8:amd64.
#10 36.32 Preparing to unpack .../033-libasan8_14.2.0-4ubuntu2~24.04.1_amd64.deb ...
#10 36.32 Unpacking libasan8:amd64 (14.2.0-4ubuntu2~24.04.1) ...
#10 36.44 Selecting previously unselected package liblsan0:amd64.
#10 36.44 Preparing to unpack .../034-liblsan0_14.2.0-4ubuntu2~24.04.1_amd64.deb ...
#10 36.45 Unpacking liblsan0:amd64 (14.2.0-4ubuntu2~24.04.1) ...
#10 36.51 Selecting previously unselected package libtsan2:amd64.
#10 36.52 Preparing to unpack .../035-libtsan2_14.2.0-4ubuntu2~24.04.1_amd64.deb ...
#10 36.52 Unpacking libtsan2:amd64 (14.2.0-4ubuntu2~24.04.1) ...
#10 36.63 Selecting previously unselected package libubsan1:amd64.
#10 36.63 Preparing to unpack .../036-libubsan1_14.2.0-4ubuntu2~24.04.1_amd64.deb ...
#10 36.64 Unpacking libubsan1:amd64 (14.2.0-4ubuntu2~24.04.1) ...
#10 36.72 Selecting previously unselected package libhwasan0:amd64.
#10 36.73 Preparing to unpack .../037-libhwasan0_14.2.0-4ubuntu2~24.04.1_amd64.deb ...
#10 36.73 Unpacking libhwasan0:amd64 (14.2.0-4ubuntu2~24.04.1) ...
#10 36.82 Selecting previously unselected package libquadmath0:amd64.
#10 36.82 Preparing to unpack .../038-libquadmath0_14.2.0-4ubuntu2~24.04.1_amd64.deb ...
#10 36.83 Unpacking libquadmath0:amd64 (14.2.0-4ubuntu2~24.04.1) ...
#10 36.87 Selecting previously unselected package libgcc-13-dev:amd64.
#10 36.88 Preparing to unpack .../039-libgcc-13-dev_13.3.0-6ubuntu2~24.04.1_amd64.deb ...
#10 36.88 Unpacking libgcc-13-dev:amd64 (13.3.0-6ubuntu2~24.04.1) ...
#10 37.02 Selecting previously unselected package libc-dev-bin.
#10 37.02 Preparing to unpack .../040-libc-dev-bin_2.39-0ubuntu8.7_amd64.deb ...
#10 37.03 Unpacking libc-dev-bin (2.39-0ubuntu8.7) ...
#10 37.07 Selecting previously unselected package linux-libc-dev:amd64.
#10 37.08 Preparing to unpack .../041-linux-libc-dev_6.8.0-124.124_amd64.deb ...
#10 37.08 Unpacking linux-libc-dev:amd64 (6.8.0-124.124) ...
#10 37.35 Selecting previously unselected package libcrypt-dev:amd64.
#10 37.36 Preparing to unpack .../042-libcrypt-dev_1%3a4.4.36-4build1_amd64.deb ...
#10 37.37 Unpacking libcrypt-dev:amd64 (1:4.4.36-4build1) ...
#10 37.43 Selecting previously unselected package rpcsvc-proto.
#10 37.43 Preparing to unpack .../043-rpcsvc-proto_1.4.2-0ubuntu7_amd64.deb ...
#10 37.43 Unpacking rpcsvc-proto (1.4.2-0ubuntu7) ...
#10 37.48 Selecting previously unselected package libc6-dev:amd64.
#10 37.49 Preparing to unpack .../044-libc6-dev_2.39-0ubuntu8.7_amd64.deb ...
#10 37.49 Unpacking libc6-dev:amd64 (2.39-0ubuntu8.7) ...
#10 37.67 Selecting previously unselected package libstdc++-13-dev:amd64.
#10 37.68 Preparing to unpack .../045-libstdc++-13-dev_13.3.0-6ubuntu2~24.04.1_amd64.deb ...
#10 37.68 Unpacking libstdc++-13-dev:amd64 (13.3.0-6ubuntu2~24.04.1) ...
#10 37.96 Selecting previously unselected package libgc1:amd64.
#10 37.96 Preparing to unpack .../046-libgc1_1%3a8.2.6-1build1_amd64.deb ...
#10 37.97 Unpacking libgc1:amd64 (1:8.2.6-1build1) ...
#10 38.01 Selecting previously unselected package libobjc4:amd64.
#10 38.01 Preparing to unpack .../047-libobjc4_14.2.0-4ubuntu2~24.04.1_amd64.deb ...
#10 38.02 Unpacking libobjc4:amd64 (14.2.0-4ubuntu2~24.04.1) ...
#10 38.06 Selecting previously unselected package libobjc-13-dev:amd64.
#10 38.06 Preparing to unpack .../048-libobjc-13-dev_13.3.0-6ubuntu2~24.04.1_amd64.deb ...
#10 38.06 Unpacking libobjc-13-dev:amd64 (13.3.0-6ubuntu2~24.04.1) ...
#10 38.12 Selecting previously unselected package libclang-common-16-dev.
#10 38.13 Preparing to unpack .../049-libclang-common-16-dev_1%3a16.0.6-23ubuntu4_amd64.deb ...
#10 38.13 Unpacking libclang-common-16-dev (1:16.0.6-23ubuntu4) ...
#10 38.25 Selecting previously unselected package llvm-16-linker-tools.
#10 38.25 Preparing to unpack .../050-llvm-16-linker-tools_1%3a16.0.6-23ubuntu4_amd64.deb ...
#10 38.26 Unpacking llvm-16-linker-tools (1:16.0.6-23ubuntu4) ...
#10 38.33 Selecting previously unselected package libclang1-16t64.
#10 38.34 Preparing to unpack .../051-libclang1-16t64_1%3a16.0.6-23ubuntu4_amd64.deb ...
#10 38.34 Unpacking libclang1-16t64 (1:16.0.6-23ubuntu4) ...
#10 38.59 Selecting previously unselected package clang-16.
#10 38.60 Preparing to unpack .../052-clang-16_1%3a16.0.6-23ubuntu4_amd64.deb ...
#10 38.61 Unpacking clang-16 (1:16.0.6-23ubuntu4) ...
#10 38.66 Preparing to unpack .../053-curl_8.5.0-2ubuntu10.9_amd64.deb ...
#10 38.67 Unpacking curl (8.5.0-2ubuntu10.9) over (8.5.0-2ubuntu10.6) ...
#10 38.75 Preparing to unpack .../054-libcurl4t64_8.5.0-2ubuntu10.9_amd64.deb ...
#10 38.77 Unpacking libcurl4t64:amd64 (8.5.0-2ubuntu10.9) over (8.5.0-2ubuntu10.6) ...
#10 38.85 Selecting previously unselected package gdal-data.
#10 38.85 Preparing to unpack .../055-gdal-data_3.8.4+dfsg-3ubuntu3_all.deb ...
#10 38.86 Unpacking gdal-data (3.8.4+dfsg-3ubuntu3) ...
#10 38.93 Selecting previously unselected package gdal-plugins:amd64.
#10 38.93 Preparing to unpack .../056-gdal-plugins_3.8.4+dfsg-3ubuntu3_amd64.deb ...
#10 38.94 Unpacking gdal-plugins:amd64 (3.8.4+dfsg-3ubuntu3) ...
#10 38.99 Selecting previously unselected package libabsl20220623t64:amd64.
#10 38.99 Preparing to unpack .../057-libabsl20220623t64_20220623.1-3.1ubuntu3.2_amd64.deb ...
#10 39.00 Unpacking libabsl20220623t64:amd64 (20220623.1-3.1ubuntu3.2) ...
#10 39.07 Selecting previously unselected package libaec0:amd64.
#10 39.07 Preparing to unpack .../058-libaec0_1.1.2-1build1_amd64.deb ...
#10 39.07 Unpacking libaec0:amd64 (1.1.2-1build1) ...
#10 39.13 Selecting previously unselected package libarchive13t64:amd64.
#10 39.14 Preparing to unpack .../059-libarchive13t64_3.7.2-2ubuntu0.7_amd64.deb ...
#10 39.14 Unpacking libarchive13t64:amd64 (3.7.2-2ubuntu0.7) ...
#10 39.20 Selecting previously unselected package libarpack2t64:amd64.
#10 39.20 Preparing to unpack .../060-libarpack2t64_3.9.1-1.1build2_amd64.deb ...
#10 39.21 Unpacking libarpack2t64:amd64 (3.9.1-1.1build2) ...
#10 39.25 Selecting previously unselected package libsuperlu6:amd64.
#10 39.25 Preparing to unpack .../061-libsuperlu6_6.0.1+dfsg1-1build1_amd64.deb ...
#10 39.25 Unpacking libsuperlu6:amd64 (6.0.1+dfsg1-1build1) ...
#10 39.31 Selecting previously unselected package libarmadillo12.
#10 39.31 Preparing to unpack .../062-libarmadillo12_1%3a12.6.7+dfsg-1build2_amd64.deb ...
#10 39.32 Unpacking libarmadillo12 (1:12.6.7+dfsg-1build2) ...
#10 39.38 Selecting previously unselected package libatk1.0-0t64:amd64.
#10 39.39 Preparing to unpack .../063-libatk1.0-0t64_2.52.0-1build1_amd64.deb ...
#10 39.39 Unpacking libatk1.0-0t64:amd64 (2.52.0-1build1) ...
#10 39.45 Selecting previously unselected package libatspi2.0-0t64:amd64.
#10 39.45 Preparing to unpack .../064-libatspi2.0-0t64_2.52.0-1build1_amd64.deb ...
#10 39.46 Unpacking libatspi2.0-0t64:amd64 (2.52.0-1build1) ...
#10 39.52 Selecting previously unselected package libatk-bridge2.0-0t64:amd64.
#10 39.53 Preparing to unpack .../065-libatk-bridge2.0-0t64_2.52.0-1build1_amd64.deb ...
#10 39.53 Unpacking libatk-bridge2.0-0t64:amd64 (2.52.0-1build1) ...
#10 39.59 Selecting previously unselected package libgav1-1:amd64.
#10 39.59 Preparing to unpack .../066-libgav1-1_0.18.0-1build3_amd64.deb ...
#10 39.60 Unpacking libgav1-1:amd64 (0.18.0-1build3) ...
#10 39.66 Selecting previously unselected package libyuv0:amd64.
#10 39.67 Preparing to unpack .../067-libyuv0_0.0~git202401110.af6ac82-1_amd64.deb ...
#10 39.70 Unpacking libyuv0:amd64 (0.0~git202401110.af6ac82-1) ...
#10 39.77 Selecting previously unselected package libavif16:amd64.
#10 39.77 Preparing to unpack .../068-libavif16_1.0.4-1ubuntu3_amd64.deb ...
#10 39.78 Unpacking libavif16:amd64 (1.0.4-1ubuntu3) ...
#10 39.83 Selecting previously unselected package libblosc1:amd64.
#10 39.83 Preparing to unpack .../069-libblosc1_1.21.5+ds-1build1_amd64.deb ...
#10 39.84 Unpacking libblosc1:amd64 (1.21.5+ds-1build1) ...
#10 39.91 Preparing to unpack .../070-libcurl3t64-gnutls_8.5.0-2ubuntu10.9_amd64.deb ...
#10 39.92 Unpacking libcurl3t64-gnutls:amd64 (8.5.0-2ubuntu10.9) over (8.5.0-2ubuntu10.6) ...
#10 40.06 Selecting previously unselected package libcfitsio10t64:amd64.
#10 40.07 Preparing to unpack .../071-libcfitsio10t64_4.3.1-1.1build2_amd64.deb ...
#10 40.08 Unpacking libcfitsio10t64:amd64 (4.3.1-1.1build2) ...
#10 40.14 Selecting previously unselected package libcharls2:amd64.
#10 40.15 Preparing to unpack .../072-libcharls2_2.4.2-2build2_amd64.deb ...
#10 40.17 Unpacking libcharls2:amd64 (2.4.2-2build2) ...
#10 40.24 Preparing to unpack .../073-liblcms2-2_2.14-2ubuntu0.1_amd64.deb ...
#10 40.26 Unpacking liblcms2-2:amd64 (2.14-2ubuntu0.1) over (2.14-2build1) ...
#10 40.35 Selecting previously unselected package libcolord2:amd64.
#10 40.35 Preparing to unpack .../074-libcolord2_1.4.7-1build2_amd64.deb ...
#10 40.36 Unpacking libcolord2:amd64 (1.4.7-1build2) ...
#10 40.42 Selecting previously unselected package libgtk-3-common.
#10 40.42 Preparing to unpack .../075-libgtk-3-common_3.24.41-4ubuntu1.3_all.deb ...
#10 40.43 Unpacking libgtk-3-common (3.24.41-4ubuntu1.3) ...
#10 40.54 Selecting previously unselected package libgtk-3-0t64:amd64.
#10 40.54 Preparing to unpack .../076-libgtk-3-0t64_3.24.41-4ubuntu1.3_amd64.deb ...
#10 40.56 Unpacking libgtk-3-0t64:amd64 (3.24.41-4ubuntu1.3) ...
#10 40.67 Selecting previously unselected package libcolord-gtk1t64:amd64.
#10 40.68 Preparing to unpack .../077-libcolord-gtk1t64_0.3.1-1build2_amd64.deb ...
#10 40.68 Unpacking libcolord-gtk1t64:amd64 (0.3.1-1build2) ...
#10 40.72 Selecting previously unselected package libexiv2-27:amd64.
#10 40.73 Preparing to unpack .../078-libexiv2-27_0.27.6-1ubuntu0.3_amd64.deb ...
#10 40.74 Unpacking libexiv2-27:amd64 (0.27.6-1ubuntu0.3) ...
#10 40.81 Selecting previously unselected package libfyba0t64:amd64.
#10 40.81 Preparing to unpack .../079-libfyba0t64_4.1.1-11build1_amd64.deb ...
#10 40.81 Unpacking libfyba0t64:amd64 (4.1.1-11build1) ...
#10 40.86 Preparing to unpack .../080-libheif-plugin-libde265_1.17.6-1ubuntu4.3_amd64.deb ...
#10 40.87 Unpacking libheif-plugin-libde265:amd64 (1.17.6-1ubuntu4.3) over (1.17.6-1ubuntu4.1) ...
#10 40.94 Preparing to unpack .../081-libheif1_1.17.6-1ubuntu4.3_amd64.deb ...
#10 40.95 Unpacking libheif1:amd64 (1.17.6-1ubuntu4.3) over (1.17.6-1ubuntu4.1) ...
#10 41.04 Preparing to unpack .../082-libheif-plugin-aomdec_1.17.6-1ubuntu4.3_amd64.deb ...
#10 41.05 Unpacking libheif-plugin-aomdec:amd64 (1.17.6-1ubuntu4.3) over (1.17.6-1ubuntu4.1) ...
#10 41.13 Selecting previously unselected package libgd3:amd64.
#10 41.14 Preparing to unpack .../083-libgd3_2.3.3-9ubuntu5_amd64.deb ...
#10 41.14 Unpacking libgd3:amd64 (2.3.3-9ubuntu5) ...
#10 41.20 Selecting previously unselected package libminizip1t64:amd64.
#10 41.20 Preparing to unpack .../084-libminizip1t64_1%3a1.3.dfsg-3.1ubuntu2.1_amd64.deb ...
#10 41.20 Unpacking libminizip1t64:amd64 (1:1.3.dfsg-3.1ubuntu2.1) ...
#10 41.26 Selecting previously unselected package libfreexl1:amd64.
#10 41.26 Preparing to unpack .../085-libfreexl1_2.0.0-1build2_amd64.deb ...
#10 41.26 Unpacking libfreexl1:amd64 (2.0.0-1build2) ...
#10 41.31 Selecting previously unselected package libgeos3.12.1t64:amd64.
#10 41.31 Preparing to unpack .../086-libgeos3.12.1t64_3.12.1-3build1_amd64.deb ...
#10 41.32 Unpacking libgeos3.12.1t64:amd64 (3.12.1-3build1) ...
#10 41.37 Selecting previously unselected package libgeos-c1t64:amd64.
#10 41.38 Preparing to unpack .../087-libgeos-c1t64_3.12.1-3build1_amd64.deb ...
#10 41.38 Unpacking libgeos-c1t64:amd64 (3.12.1-3build1) ...
#10 41.43 Selecting previously unselected package proj-data.
#10 41.44 Preparing to unpack .../088-proj-data_9.4.0-1build2_all.deb ...
#10 41.44 Unpacking proj-data (9.4.0-1build2) ...
#10 41.63 Selecting previously unselected package libproj25:amd64.
#10 41.64 Preparing to unpack .../089-libproj25_9.4.0-1build2_amd64.deb ...
#10 41.64 Unpacking libproj25:amd64 (9.4.0-1build2) ...
#10 41.73 Selecting previously unselected package libgeotiff5:amd64.
#10 41.74 Preparing to unpack .../090-libgeotiff5_1.7.1-5build1_amd64.deb ...
#10 41.75 Unpacking libgeotiff5:amd64 (1.7.1-5build1) ...
#10 41.80 Selecting previously unselected package libhdf4-0-alt:amd64.
#10 41.80 Preparing to unpack .../091-libhdf4-0-alt_4.2.16-4build1_amd64.deb ...
#10 41.81 Unpacking libhdf4-0-alt:amd64 (4.2.16-4build1) ...
#10 41.87 Selecting previously unselected package libsz2:amd64.
#10 41.88 Preparing to unpack .../092-libsz2_1.1.2-1build1_amd64.deb ...
#10 41.88 Unpacking libsz2:amd64 (1.1.2-1build1) ...
#10 41.94 Selecting previously unselected package libhdf5-103-1t64:amd64.
#10 41.95 Preparing to unpack .../093-libhdf5-103-1t64_1.10.10+repack-3.1ubuntu4_amd64.deb ...
#10 41.95 Unpacking libhdf5-103-1t64:amd64 (1.10.10+repack-3.1ubuntu4) ...
#10 42.04 Selecting previously unselected package liburiparser1:amd64.
#10 42.04 Preparing to unpack .../094-liburiparser1_0.9.7+dfsg-2build1_amd64.deb ...
#10 42.05 Unpacking liburiparser1:amd64 (0.9.7+dfsg-2build1) ...
#10 42.10 Selecting previously unselected package libkmlbase1t64:amd64.
#10 42.10 Preparing to unpack .../095-libkmlbase1t64_1.3.0-12build1_amd64.deb ...
#10 42.11 Unpacking libkmlbase1t64:amd64 (1.3.0-12build1) ...
#10 42.17 Selecting previously unselected package libkmldom1t64:amd64.
#10 42.17 Preparing to unpack .../096-libkmldom1t64_1.3.0-12build1_amd64.deb ...
#10 42.17 Unpacking libkmldom1t64:amd64 (1.3.0-12build1) ...
#10 42.23 Selecting previously unselected package libkmlengine1t64:amd64.
#10 42.23 Preparing to unpack .../097-libkmlengine1t64_1.3.0-12build1_amd64.deb ...
#10 42.25 Unpacking libkmlengine1t64:amd64 (1.3.0-12build1) ...
#10 42.30 Selecting previously unselected package mysql-common.
#10 42.31 Preparing to unpack .../098-mysql-common_5.8+1.1.0build1_all.deb ...
#10 42.32 Unpacking mysql-common (5.8+1.1.0build1) ...
#10 42.38 Selecting previously unselected package libmysqlclient21:amd64.
#10 42.39 Preparing to unpack .../099-libmysqlclient21_8.0.45-0ubuntu0.24.04.1_amd64.deb ...
#10 42.39 Unpacking libmysqlclient21:amd64 (8.0.45-0ubuntu0.24.04.1) ...
#10 42.48 Selecting previously unselected package libhdf5-hl-100t64:amd64.
#10 42.48 Preparing to unpack .../100-libhdf5-hl-100t64_1.10.10+repack-3.1ubuntu4_amd64.deb ...
#10 42.49 Unpacking libhdf5-hl-100t64:amd64 (1.10.10+repack-3.1ubuntu4) ...
#10 42.53 Selecting previously unselected package libnetcdf19t64:amd64.
#10 42.54 Preparing to unpack .../101-libnetcdf19t64_1%3a4.9.2-5ubuntu4_amd64.deb ...
#10 42.54 Unpacking libnetcdf19t64:amd64 (1:4.9.2-5ubuntu4) ...
#10 42.59 Selecting previously unselected package libodbc2:amd64.
#10 42.60 Preparing to unpack .../102-libodbc2_2.3.12-1ubuntu0.24.04.1_amd64.deb ...
#10 42.60 Unpacking libodbc2:amd64 (2.3.12-1ubuntu0.24.04.1) ...
#10 42.65 Selecting previously unselected package unixodbc-common.
#10 42.65 Preparing to unpack .../103-unixodbc-common_2.3.12-1ubuntu0.24.04.1_all.deb ...
#10 42.66 Unpacking unixodbc-common (2.3.12-1ubuntu0.24.04.1) ...
#10 42.70 Selecting previously unselected package libodbcinst2:amd64.
#10 42.70 Preparing to unpack .../104-libodbcinst2_2.3.12-1ubuntu0.24.04.1_amd64.deb ...
#10 42.71 Unpacking libodbcinst2:amd64 (2.3.12-1ubuntu0.24.04.1) ...
#10 42.77 Selecting previously unselected package libogdi4.1:amd64.
#10 42.77 Preparing to unpack .../105-libogdi4.1_4.1.1+ds-3build1_amd64.deb ...
#10 42.77 Unpacking libogdi4.1:amd64 (4.1.1+ds-3build1) ...
#10 42.85 Preparing to unpack .../106-libopenjp2-7_2.5.0-2ubuntu0.5_amd64.deb ...
#10 42.86 Unpacking libopenjp2-7:amd64 (2.5.0-2ubuntu0.5) over (2.5.0-2ubuntu0.3) ...
#10 42.99 Selecting previously unselected package libpq5:amd64.
#10 42.99 Preparing to unpack .../107-libpq5_16.14-0ubuntu0.24.04.1_amd64.deb ...
#10 43.01 Unpacking libpq5:amd64 (16.14-0ubuntu0.24.04.1) ...
#10 43.17 Selecting previously unselected package libqhull-r8.0:amd64.
#10 43.17 Preparing to unpack .../108-libqhull-r8.0_2020.2-6build1_amd64.deb ...
#10 43.18 Unpacking libqhull-r8.0:amd64 (2020.2-6build1) ...
#10 43.23 Selecting previously unselected package librttopo1:amd64.
#10 43.24 Preparing to unpack .../109-librttopo1_1.1.0-3build2_amd64.deb ...
#10 43.24 Unpacking librttopo1:amd64 (1.1.0-3build2) ...
#10 43.28 Selecting previously unselected package libspatialite8t64:amd64.
#10 43.29 Preparing to unpack .../110-libspatialite8t64_5.1.0-3build1_amd64.deb ...
#10 43.29 Unpacking libspatialite8t64:amd64 (5.1.0-3build1) ...
#10 43.37 Selecting previously unselected package libxerces-c3.2t64:amd64.
#10 43.38 Preparing to unpack .../111-libxerces-c3.2t64_3.2.4+debian-1.2ubuntu2_amd64.deb ...
#10 43.38 Unpacking libxerces-c3.2t64:amd64 (3.2.4+debian-1.2ubuntu2) ...
#10 43.46 Selecting previously unselected package libgdal34t64:amd64.
#10 43.46 Preparing to unpack .../112-libgdal34t64_3.8.4+dfsg-3ubuntu3_amd64.deb ...
#10 43.47 Unpacking libgdal34t64:amd64 (3.8.4+dfsg-3ubuntu3) ...
#10 ...

#9 [builder 2/6] RUN apt-get update && apt-get install -y --no-install-recommends     build-essential cmake ninja-build git intltool gettext     appstream-util desktop-file-utils     libarchive-dev libatk1.0-dev libavif-dev libcairo2-dev     libcolord-dev libcolord-gtk-dev libcups2-dev libcurl4-gnutls-dev     libexiv2-dev libgdk-pixbuf-2.0-dev libglib2.0-dev libgmic-dev     libgphoto2-dev libgraphicsmagick1-dev libgtk-3-dev libheif-dev     libjpeg-dev libjson-glib-dev liblcms2-dev liblensfun-dev     liblua5.4-dev libopenexr-dev libopenjp2-7-dev     libosmgpsmap-1.0-dev libpango1.0-dev libpng-dev libportmidi-dev     libpotrace-dev libpugixml-dev libraw-dev librsvg2-dev     libsqlite3-dev libtiff5-dev libwebp-dev libx11-dev     libxml2-dev libxml2-utils zlib1g-dev libsdl2-dev     libsecret-1-dev po4a python3-jsonschema xsltproc perl     opencl-headers ocl-icd-opencl-dev     curl     && rm -rf /var/lib/apt/lists/*
#9 43.16 Selecting previously unselected package cmake.
#9 43.17 Preparing to unpack .../141-cmake_3.28.3-1build7_amd64.deb ...
#9 43.17 Unpacking cmake (3.28.3-1build7) ...
#9 43.44 Selecting previously unselected package curl.
#9 43.45 Preparing to unpack .../142-curl_8.5.0-2ubuntu10.9_amd64.deb ...
#9 43.45 Unpacking curl (8.5.0-2ubuntu10.9) ...
#9 43.50 Selecting previously unselected package libdconf1:amd64.
#9 43.50 Preparing to unpack .../143-libdconf1_0.40.0-4ubuntu0.1_amd64.deb ...
#9 43.50 Unpacking libdconf1:amd64 (0.40.0-4ubuntu0.1) ...
#9 43.54 Selecting previously unselected package dconf-service.
#9 43.54 Preparing to unpack .../144-dconf-service_0.40.0-4ubuntu0.1_amd64.deb ...
#9 43.55 Unpacking dconf-service (0.40.0-4ubuntu0.1) ...
#9 43.59 Selecting previously unselected package dconf-gsettings-backend:amd64.
#9 43.60 Preparing to unpack .../145-dconf-gsettings-backend_0.40.0-4ubuntu0.1_amd64.deb ...
#9 43.60 Unpacking dconf-gsettings-backend:amd64 (0.40.0-4ubuntu0.1) ...
#9 43.67 Selecting previously unselected package desktop-file-utils.
#9 43.67 Preparing to unpack .../146-desktop-file-utils_0.27-2build1_amd64.deb ...
#9 43.68 Unpacking desktop-file-utils (0.27-2build1) ...
#9 43.74 Selecting previously unselected package libfreetype6:amd64.
#9 43.75 Preparing to unpack .../147-libfreetype6_2.13.2+dfsg-1ubuntu0.1_amd64.deb ...
#9 43.76 Unpacking libfreetype6:amd64 (2.13.2+dfsg-1ubuntu0.1) ...
#9 43.80 Selecting previously unselected package fonts-dejavu-mono.
#9 43.80 Preparing to unpack .../148-fonts-dejavu-mono_2.37-8_all.deb ...
#9 43.81 Unpacking fonts-dejavu-mono (2.37-8) ...
#9 43.88 Selecting previously unselected package fonts-dejavu-core.
#9 43.88 Preparing to unpack .../149-fonts-dejavu-core_2.37-8_all.deb ...
#9 43.90 Unpacking fonts-dejavu-core (2.37-8) ...
#9 43.97 Selecting previously unselected package fontconfig-config.
#9 43.97 Preparing to unpack .../150-fontconfig-config_2.15.0-1.1ubuntu2_amd64.deb ...
#9 44.16 Unpacking fontconfig-config (2.15.0-1.1ubuntu2) ...
#9 44.24 Selecting previously unselected package libfontconfig1:amd64.
#9 44.24 Preparing to unpack .../151-libfontconfig1_2.15.0-1.1ubuntu2_amd64.deb ...
#9 44.25 Unpacking libfontconfig1:amd64 (2.15.0-1.1ubuntu2) ...
#9 44.31 Selecting previously unselected package fontconfig.
#9 44.31 Preparing to unpack .../152-fontconfig_2.15.0-1.1ubuntu2_amd64.deb ...
#9 44.32 Unpacking fontconfig (2.15.0-1.1ubuntu2) ...
#9 44.37 Selecting previously unselected package gdal-data.
#9 44.37 Preparing to unpack .../153-gdal-data_3.8.4+dfsg-3ubuntu3_all.deb ...
#9 44.38 Unpacking gdal-data (3.8.4+dfsg-3ubuntu3) ...
#9 44.46 Selecting previously unselected package gdal-plugins:amd64.
#9 44.46 Preparing to unpack .../154-gdal-plugins_3.8.4+dfsg-3ubuntu3_amd64.deb ...
#9 44.46 Unpacking gdal-plugins:amd64 (3.8.4+dfsg-3ubuntu3) ...
#9 44.52 Selecting previously unselected package gettext.
#9 44.52 Preparing to unpack .../155-gettext_0.21-14ubuntu2_amd64.deb ...
#9 44.53 Unpacking gettext (0.21-14ubuntu2) ...
#9 44.61 Selecting previously unselected package libatk1.0-0t64:amd64.
#9 44.61 Preparing to unpack .../156-libatk1.0-0t64_2.52.0-1build1_amd64.deb ...
#9 44.62 Unpacking libatk1.0-0t64:amd64 (2.52.0-1build1) ...
#9 44.66 Selecting previously unselected package gir1.2-atk-1.0:amd64.
#9 44.67 Preparing to unpack .../157-gir1.2-atk-1.0_2.52.0-1build1_amd64.deb ...
#9 44.68 Unpacking gir1.2-atk-1.0:amd64 (2.52.0-1build1) ...
#9 44.72 Selecting previously unselected package libpixman-1-0:amd64.
#9 44.73 Preparing to unpack .../158-libpixman-1-0_0.42.2-1build1_amd64.deb ...
#9 44.73 Unpacking libpixman-1-0:amd64 (0.42.2-1build1) ...
#9 44.79 Selecting previously unselected package libxcb-render0:amd64.
#9 44.79 Preparing to unpack .../159-libxcb-render0_1.15-1ubuntu2_amd64.deb ...
#9 44.79 Unpacking libxcb-render0:amd64 (1.15-1ubuntu2) ...
#9 44.85 Selecting previously unselected package libxcb-shm0:amd64.
#9 44.85 Preparing to unpack .../160-libxcb-shm0_1.15-1ubuntu2_amd64.deb ...
#9 44.85 Unpacking libxcb-shm0:amd64 (1.15-1ubuntu2) ...
#9 44.89 Selecting previously unselected package libxrender1:amd64.
#9 44.90 Preparing to unpack .../161-libxrender1_1%3a0.9.10-1.1build1_amd64.deb ...
#9 44.90 Unpacking libxrender1:amd64 (1:0.9.10-1.1build1) ...
#9 44.95 Selecting previously unselected package libcairo2:amd64.
#9 44.95 Preparing to unpack .../162-libcairo2_1.18.0-3build1_amd64.deb ...
#9 44.96 Unpacking libcairo2:amd64 (1.18.0-3build1) ...
#9 45.01 Selecting previously unselected package libcairo-gobject2:amd64.
#9 45.02 Preparing to unpack .../163-libcairo-gobject2_1.18.0-3build1_amd64.deb ...
#9 45.02 Unpacking libcairo-gobject2:amd64 (1.18.0-3build1) ...
#9 45.06 Selecting previously unselected package gir1.2-freedesktop:amd64.
#9 45.07 Preparing to unpack .../164-gir1.2-freedesktop_1.80.1-1_amd64.deb ...
#9 45.07 Unpacking gir1.2-freedesktop:amd64 (1.80.1-1) ...
#9 45.12 Selecting previously unselected package libxi6:amd64.
#9 45.12 Preparing to unpack .../165-libxi6_2%3a1.8.1-1build1_amd64.deb ...
#9 45.12 Unpacking libxi6:amd64 (2:1.8.1-1build1) ...
#9 45.16 Selecting previously unselected package libatspi2.0-0t64:amd64.
#9 45.17 Preparing to unpack .../166-libatspi2.0-0t64_2.52.0-1build1_amd64.deb ...
#9 45.18 Unpacking libatspi2.0-0t64:amd64 (2.52.0-1build1) ...
#9 45.23 Selecting previously unselected package gir1.2-atspi-2.0:amd64.
#9 45.23 Preparing to unpack .../167-gir1.2-atspi-2.0_2.52.0-1build1_amd64.deb ...
#9 45.26 Unpacking gir1.2-atspi-2.0:amd64 (2.52.0-1build1) ...
#9 45.33 Selecting previously unselected package liblcms2-2:amd64.
#9 45.33 Preparing to unpack .../168-liblcms2-2_2.14-2ubuntu0.1_amd64.deb ...
#9 45.34 Unpacking liblcms2-2:amd64 (2.14-2ubuntu0.1) ...
#9 45.41 Selecting previously unselected package libcolord2:amd64.
#9 45.41 Preparing to unpack .../169-libcolord2_1.4.7-1build2_amd64.deb ...
#9 45.42 Unpacking libcolord2:amd64 (1.4.7-1build2) ...
#9 45.46 Selecting previously unselected package gir1.2-colord-1.0:amd64.
#9 45.46 Preparing to unpack .../170-gir1.2-colord-1.0_1.4.7-1build2_amd64.deb ...
#9 45.47 Unpacking gir1.2-colord-1.0:amd64 (1.4.7-1build2) ...
#9 45.51 Selecting previously unselected package gir1.2-gdkpixbuf-2.0:amd64.
#9 45.52 Preparing to unpack .../171-gir1.2-gdkpixbuf-2.0_2.42.10+dfsg-3ubuntu3.3_amd64.deb ...
#9 45.52 Unpacking gir1.2-gdkpixbuf-2.0:amd64 (2.42.10+dfsg-3ubuntu3.3) ...
#9 45.57 Selecting previously unselected package libgraphite2-3:amd64.
#9 45.57 Preparing to unpack .../172-libgraphite2-3_1.3.14-2build1_amd64.deb ...
#9 45.58 Unpacking libgraphite2-3:amd64 (1.3.14-2build1) ...
#9 45.63 Selecting previously unselected package libharfbuzz0b:amd64.
#9 45.63 Preparing to unpack .../173-libharfbuzz0b_8.3.0-2build2_amd64.deb ...
#9 45.64 Unpacking libharfbuzz0b:amd64 (8.3.0-2build2) ...
#9 45.70 Selecting previously unselected package libharfbuzz-gobject0:amd64.
#9 45.70 Preparing to unpack .../174-libharfbuzz-gobject0_8.3.0-2build2_amd64.deb ...
#9 45.71 Unpacking libharfbuzz-gobject0:amd64 (8.3.0-2build2) ...
#9 45.74 Selecting previously unselected package gir1.2-harfbuzz-0.0:amd64.
#9 45.75 Preparing to unpack .../175-gir1.2-harfbuzz-0.0_8.3.0-2build2_amd64.deb ...
#9 45.75 Unpacking gir1.2-harfbuzz-0.0:amd64 (8.3.0-2build2) ...
#9 45.79 Selecting previously unselected package libthai-data.
#9 45.79 Preparing to unpack .../176-libthai-data_0.1.29-2build1_all.deb ...
#9 45.80 Unpacking libthai-data (0.1.29-2build1) ...
#9 45.84 Selecting previously unselected package libdatrie1:amd64.
#9 45.85 Preparing to unpack .../177-libdatrie1_0.2.13-3build1_amd64.deb ...
#9 45.88 Unpacking libdatrie1:amd64 (0.2.13-3build1) ...
#9 45.92 Selecting previously unselected package libthai0:amd64.
#9 45.92 Preparing to unpack .../178-libthai0_0.1.29-2build1_amd64.deb ...
#9 45.92 Unpacking libthai0:amd64 (0.1.29-2build1) ...
#9 45.96 Selecting previously unselected package libpango-1.0-0:amd64.
#9 45.96 Preparing to unpack .../179-libpango-1.0-0_1.52.1+ds-1build1_amd64.deb ...
#9 45.97 Unpacking libpango-1.0-0:amd64 (1.52.1+ds-1build1) ...
#9 46.01 Selecting previously unselected package libpangoft2-1.0-0:amd64.
#9 46.01 Preparing to unpack .../180-libpangoft2-1.0-0_1.52.1+ds-1build1_amd64.deb ...
#9 46.02 Unpacking libpangoft2-1.0-0:amd64 (1.52.1+ds-1build1) ...
#9 46.05 Selecting previously unselected package libpangocairo-1.0-0:amd64.
#9 46.06 Preparing to unpack .../181-libpangocairo-1.0-0_1.52.1+ds-1build1_amd64.deb ...
#9 46.06 Unpacking libpangocairo-1.0-0:amd64 (1.52.1+ds-1build1) ...
#9 46.10 Selecting previously unselected package libxft2:amd64.
#9 46.10 Preparing to unpack .../182-libxft2_2.3.6-1build1_amd64.deb ...
#9 46.10 Unpacking libxft2:amd64 (2.3.6-1build1) ...
#9 46.15 Selecting previously unselected package libpangoxft-1.0-0:amd64.
#9 46.16 Preparing to unpack .../183-libpangoxft-1.0-0_1.52.1+ds-1build1_amd64.deb ...
#9 46.16 Unpacking libpangoxft-1.0-0:amd64 (1.52.1+ds-1build1) ...
#9 46.20 Selecting previously unselected package gir1.2-pango-1.0:amd64.
#9 46.20 Preparing to unpack .../184-gir1.2-pango-1.0_1.52.1+ds-1build1_amd64.deb ...
#9 46.21 Unpacking gir1.2-pango-1.0:amd64 (1.52.1+ds-1build1) ...
#9 46.27 Selecting previously unselected package libatk-bridge2.0-0t64:amd64.
#9 46.27 Preparing to unpack .../185-libatk-bridge2.0-0t64_2.52.0-1build1_amd64.deb ...
#9 46.27 Unpacking libatk-bridge2.0-0t64:amd64 (2.52.0-1build1) ...
#9 46.34 Selecting previously unselected package libavahi-common-data:amd64.
#9 46.34 Preparing to unpack .../186-libavahi-common-data_0.8-13ubuntu6.2_amd64.deb ...
#9 46.35 Unpacking libavahi-common-data:amd64 (0.8-13ubuntu6.2) ...
#9 46.40 Selecting previously unselected package libavahi-common3:amd64.
#9 46.41 Preparing to unpack .../187-libavahi-common3_0.8-13ubuntu6.2_amd64.deb ...
#9 46.41 Unpacking libavahi-common3:amd64 (0.8-13ubuntu6.2) ...
#9 46.48 Selecting previously unselected package libavahi-client3:amd64.
#9 46.48 Preparing to unpack .../188-libavahi-client3_0.8-13ubuntu6.2_amd64.deb ...
#9 46.49 Unpacking libavahi-client3:amd64 (0.8-13ubuntu6.2) ...
#9 46.55 Selecting previously unselected package libcups2t64:amd64.
#9 46.55 Preparing to unpack .../189-libcups2t64_2.4.7-1.2ubuntu7.9_amd64.deb ...
#9 46.56 Unpacking libcups2t64:amd64 (2.4.7-1.2ubuntu7.9) ...
#9 46.63 Selecting previously unselected package libepoxy0:amd64.
#9 46.63 Preparing to unpack .../190-libepoxy0_1.5.10-1build1_amd64.deb ...
#9 46.64 Unpacking libepoxy0:amd64 (1.5.10-1build1) ...
#9 46.69 Selecting previously unselected package libwayland-client0:amd64.
#9 46.69 Preparing to unpack .../191-libwayland-client0_1.22.0-2.1build1_amd64.deb ...
#9 46.69 Unpacking libwayland-client0:amd64 (1.22.0-2.1build1) ...
#9 46.75 Selecting previously unselected package libwayland-cursor0:amd64.
#9 46.75 Preparing to unpack .../192-libwayland-cursor0_1.22.0-2.1build1_amd64.deb ...
#9 46.75 Unpacking libwayland-cursor0:amd64 (1.22.0-2.1build1) ...
#9 46.80 Selecting previously unselected package libwayland-egl1:amd64.
#9 46.81 Preparing to unpack .../193-libwayland-egl1_1.22.0-2.1build1_amd64.deb ...
#9 46.81 Unpacking libwayland-egl1:amd64 (1.22.0-2.1build1) ...
#9 46.88 Selecting previously unselected package libxcomposite1:amd64.
#9 46.88 Preparing to unpack .../194-libxcomposite1_1%3a0.4.5-1build3_amd64.deb ...
#9 46.88 Unpacking libxcomposite1:amd64 (1:0.4.5-1build3) ...
#9 46.94 Selecting previously unselected package libxfixes3:amd64.
#9 46.95 Preparing to unpack .../195-libxfixes3_1%3a6.0.0-2build1_amd64.deb ...
#9 46.96 Unpacking libxfixes3:amd64 (1:6.0.0-2build1) ...
#9 47.01 Selecting previously unselected package libxcursor1:amd64.
#9 47.02 Preparing to unpack .../196-libxcursor1_1%3a1.2.1-1build1_amd64.deb ...
#9 47.07 Unpacking libxcursor1:amd64 (1:1.2.1-1build1) ...
#9 47.20 Selecting previously unselected package libxdamage1:amd64.
#9 47.20 Preparing to unpack .../197-libxdamage1_1%3a1.1.6-1build1_amd64.deb ...
#9 47.20 Unpacking libxdamage1:amd64 (1:1.1.6-1build1) ...
#9 47.25 Selecting previously unselected package libxinerama1:amd64.
#9 47.25 Preparing to unpack .../198-libxinerama1_2%3a1.1.4-3build1_amd64.deb ...
#9 47.26 Unpacking libxinerama1:amd64 (2:1.1.4-3build1) ...
#9 47.31 Selecting previously unselected package libxrandr2:amd64.
#9 47.32 Preparing to unpack .../199-libxrandr2_2%3a1.5.2-2build1_amd64.deb ...
#9 47.32 Unpacking libxrandr2:amd64 (2:1.5.2-2build1) ...
#9 47.42 Selecting previously unselected package libgtk-3-common.
#9 47.43 Preparing to unpack .../200-libgtk-3-common_3.24.41-4ubuntu1.3_all.deb ...
#9 47.43 Unpacking libgtk-3-common (3.24.41-4ubuntu1.3) ...
#9 47.57 Selecting previously unselected package libgtk-3-0t64:amd64.
#9 47.57 Preparing to unpack .../201-libgtk-3-0t64_3.24.41-4ubuntu1.3_amd64.deb ...
#9 47.59 Unpacking libgtk-3-0t64:amd64 (3.24.41-4ubuntu1.3) ...
#9 47.73 Selecting previously unselected package gir1.2-gtk-3.0:amd64.
#9 47.74 Preparing to unpack .../202-gir1.2-gtk-3.0_3.24.41-4ubuntu1.3_amd64.deb ...
#9 47.74 Unpacking gir1.2-gtk-3.0:amd64 (3.24.41-4ubuntu1.3) ...
#9 47.81 Selecting previously unselected package libcolord-gtk1t64:amd64.
#9 47.81 Preparing to unpack .../203-libcolord-gtk1t64_0.3.1-1build2_amd64.deb ...
#9 47.82 Unpacking libcolord-gtk1t64:amd64 (0.3.1-1build2) ...
#9 47.88 Selecting previously unselected package gir1.2-colordgtk-1.0:amd64.
#9 47.88 Preparing to unpack .../204-gir1.2-colordgtk-1.0_0.3.1-1build2_amd64.deb ...
#9 47.88 Unpacking gir1.2-colordgtk-1.0:amd64 (0.3.1-1build2) ...
#9 47.93 Selecting previously unselected package gir1.2-glib-2.0-dev:amd64.
#9 47.94 Preparing to unpack .../205-gir1.2-glib-2.0-dev_2.80.0-6ubuntu3.8_amd64.deb ...
#9 47.94 Unpacking gir1.2-glib-2.0-dev:amd64 (2.80.0-6ubuntu3.8) ...
#9 48.04 Selecting previously unselected package gir1.2-freedesktop-dev:amd64.
#9 48.05 Preparing to unpack .../206-gir1.2-freedesktop-dev_1.80.1-1_amd64.deb ...
#9 48.06 Unpacking gir1.2-freedesktop-dev:amd64 (1.80.1-1) ...
#9 48.11 Selecting previously unselected package gir1.2-girepository-2.0-dev:amd64.
#9 48.11 Preparing to unpack .../207-gir1.2-girepository-2.0-dev_1.80.1-1_amd64.deb ...
#9 48.11 Unpacking gir1.2-girepository-2.0-dev:amd64 (1.80.1-1) ...
#9 48.17 Selecting previously unselected package libibus-1.0-5:amd64.
#9 48.18 Preparing to unpack .../208-libibus-1.0-5_1.5.29-2_amd64.deb ...
#9 48.18 Unpacking libibus-1.0-5:amd64 (1.5.29-2) ...
#9 48.22 Selecting previously unselected package gir1.2-ibus-1.0:amd64.
#9 48.23 Preparing to unpack .../209-gir1.2-ibus-1.0_1.5.29-2_amd64.deb ...
#9 48.24 Unpacking gir1.2-ibus-1.0:amd64 (1.5.29-2) ...
#9 48.29 Selecting previously unselected package libjson-glib-1.0-common.
#9 48.29 Preparing to unpack .../210-libjson-glib-1.0-common_1.8.0-2build2_all.deb ...
#9 48.30 Unpacking libjson-glib-1.0-common (1.8.0-2build2) ...
#9 48.35 Selecting previously unselected package libjson-glib-1.0-0:amd64.
#9 48.36 Preparing to unpack .../211-libjson-glib-1.0-0_1.8.0-2build2_amd64.deb ...
#9 48.37 Unpacking libjson-glib-1.0-0:amd64 (1.8.0-2build2) ...
#9 48.42 Selecting previously unselected package gir1.2-json-1.0:amd64.
#9 48.42 Preparing to unpack .../212-gir1.2-json-1.0_1.8.0-2build2_amd64.deb ...
#9 48.43 Unpacking gir1.2-json-1.0:amd64 (1.8.0-2build2) ...
#9 48.50 Selecting previously unselected package libduktape207:amd64.
#9 48.51 Preparing to unpack .../213-libduktape207_2.7.0+tests-0ubuntu3_amd64.deb ...
#9 48.51 Unpacking libduktape207:amd64 (2.7.0+tests-0ubuntu3) ...
#9 48.58 Selecting previously unselected package libproxy1v5:amd64.
#9 48.59 Preparing to unpack .../214-libproxy1v5_0.5.4-4build1_amd64.deb ...
#9 48.59 Unpacking libproxy1v5:amd64 (0.5.4-4build1) ...
#9 48.64 Selecting previously unselected package glib-networking-common.
#9 48.64 Preparing to unpack .../215-glib-networking-common_2.80.0-1build1_all.deb ...
#9 48.65 Unpacking glib-networking-common (2.80.0-1build1) ...
#9 48.70 Selecting previously unselected package glib-networking-services.
#9 48.71 Preparing to unpack .../216-glib-networking-services_2.80.0-1build1_amd64.deb ...
#9 48.71 Unpacking glib-networking-services (2.80.0-1build1) ...
#9 48.77 Selecting previously unselected package session-migration.
#9 48.77 Preparing to unpack .../217-session-migration_0.3.9build1_amd64.deb ...
#9 48.78 Unpacking session-migration (0.3.9build1) ...
#9 48.83 Selecting previously unselected package gsettings-desktop-schemas.
#9 48.83 Preparing to unpack .../218-gsettings-desktop-schemas_46.1-0ubuntu1_all.deb ...
#9 48.84 Unpacking gsettings-desktop-schemas (46.1-0ubuntu1) ...
#9 48.89 Selecting previously unselected package glib-networking:amd64.
#9 48.89 Preparing to unpack .../219-glib-networking_2.80.0-1build1_amd64.deb ...
#9 48.90 Unpacking glib-networking:amd64 (2.80.0-1build1) ...
#9 48.95 Selecting previously unselected package libsoup2.4-common.
#9 48.95 Preparing to unpack .../220-libsoup2.4-common_2.74.3-6ubuntu1.6_all.deb ...
#9 48.96 Unpacking libsoup2.4-common (2.74.3-6ubuntu1.6) ...
#9 49.01 Selecting previously unselected package libsoup-2.4-1:amd64.
#9 49.01 Preparing to unpack .../221-libsoup-2.4-1_2.74.3-6ubuntu1.6_amd64.deb ...
#9 49.02 Unpacking libsoup-2.4-1:amd64 (2.74.3-6ubuntu1.6) ...
#9 49.08 Selecting previously unselected package libosmgpsmap-1.0-1:amd64.
#9 49.08 Preparing to unpack .../222-libosmgpsmap-1.0-1_1.2.0-2build2_amd64.deb ...
#9 49.09 Unpacking libosmgpsmap-1.0-1:amd64 (1.2.0-2build2) ...
#9 49.14 Selecting previously unselected package gir1.2-osmgpsmap-1.0:amd64.
#9 49.14 Preparing to unpack .../223-gir1.2-osmgpsmap-1.0_1.2.0-2build2_amd64.deb ...
#9 49.14 Unpacking gir1.2-osmgpsmap-1.0:amd64 (1.2.0-2build2) ...
#9 49.20 Selecting previously unselected package librsvg2-2:amd64.
#9 49.21 Preparing to unpack .../224-librsvg2-2_2.58.0+dfsg-1build1_amd64.deb ...
#9 49.21 Unpacking librsvg2-2:amd64 (2.58.0+dfsg-1build1) ...
#9 49.30 Selecting previously unselected package gir1.2-rsvg-2.0:amd64.
#9 49.30 Preparing to unpack .../225-gir1.2-rsvg-2.0_2.58.0+dfsg-1build1_amd64.deb ...
#9 49.31 Unpacking gir1.2-rsvg-2.0:amd64 (2.58.0+dfsg-1build1) ...
#9 49.38 Selecting previously unselected package libsecret-common.
#9 49.38 Preparing to unpack .../226-libsecret-common_0.21.4-1build3_all.deb ...
#9 49.39 Unpacking libsecret-common (0.21.4-1build3) ...
#9 49.45 Selecting previously unselected package libsecret-1-0:amd64.
#9 49.46 Preparing to unpack .../227-libsecret-1-0_0.21.4-1build3_amd64.deb ...
#9 49.46 Unpacking libsecret-1-0:amd64 (0.21.4-1build3) ...
#9 49.53 Selecting previously unselected package gir1.2-secret-1:amd64.
#9 49.53 Preparing to unpack .../228-gir1.2-secret-1_0.21.4-1build3_amd64.deb ...
#9 49.54 Unpacking gir1.2-secret-1:amd64 (0.21.4-1build3) ...
#9 49.59 Selecting previously unselected package libsoup-gnome-2.4-1:amd64.
#9 49.60 Preparing to unpack .../229-libsoup-gnome-2.4-1_2.74.3-6ubuntu1.6_amd64.deb ...
#9 49.60 Unpacking libsoup-gnome-2.4-1:amd64 (2.74.3-6ubuntu1.6) ...
#9 49.65 Selecting previously unselected package gir1.2-soup-2.4:amd64.
#9 49.65 Preparing to unpack .../230-gir1.2-soup-2.4_2.74.3-6ubuntu1.6_amd64.deb ...
#9 49.66 Unpacking gir1.2-soup-2.4:amd64 (2.74.3-6ubuntu1.6) ...
#9 49.70 Selecting previously unselected package liberror-perl.
#9 49.71 Preparing to unpack .../231-liberror-perl_0.17029-2_all.deb ...
#9 49.71 Unpacking liberror-perl (0.17029-2) ...
#9 49.76 Selecting previously unselected package git-man.
#9 49.76 Preparing to unpack .../232-git-man_1%3a2.43.0-1ubuntu7.3_all.deb ...
#9 49.77 Unpacking git-man (1:2.43.0-1ubuntu7.3) ...
#9 49.87 Selecting previously unselected package git.
#9 49.87 Preparing to unpack .../233-git_1%3a2.43.0-1ubuntu7.3_amd64.deb ...
#9 49.88 Unpacking git (1:2.43.0-1ubuntu7.3) ...
#9 50.09 Selecting previously unselected package python3-markupsafe.
#9 50.09 Preparing to unpack .../234-python3-markupsafe_2.1.5-1build2_amd64.deb ...
#9 50.10 Unpacking python3-markupsafe (2.1.5-1build2) ...
#9 50.16 Selecting previously unselected package python3-mako.
#9 50.16 Preparing to unpack .../235-python3-mako_1.3.2-1ubuntu0.1_all.deb ...
#9 50.17 Unpacking python3-mako (1.3.2-1ubuntu0.1) ...
#9 50.23 Selecting previously unselected package python3-markdown.
#9 50.23 Preparing to unpack .../236-python3-markdown_3.5.2-1_all.deb ...
#9 50.24 Unpacking python3-markdown (3.5.2-1) ...
#9 50.29 Selecting previously unselected package python3-setuptools.
#9 50.30 Preparing to unpack .../237-python3-setuptools_68.1.2-2ubuntu1.2_all.deb ...
#9 50.30 Unpacking python3-setuptools (68.1.2-2ubuntu1.2) ...
#9 50.40 Selecting previously unselected package gobject-introspection-bin.
#9 50.40 Preparing to unpack .../238-gobject-introspection-bin_1.80.1-1_amd64.deb ...
#9 50.41 Unpacking gobject-introspection-bin (1.80.1-1) ...
#9 50.49 Selecting previously unselected package libffi-dev:amd64.
#9 50.50 Preparing to unpack .../239-libffi-dev_3.4.6-1build1_amd64.deb ...
#9 50.50 Unpacking libffi-dev:amd64 (3.4.6-1build1) ...
#9 50.56 Selecting previously unselected package libglib2.0-bin.
#9 50.56 Preparing to unpack .../240-libglib2.0-bin_2.80.0-6ubuntu3.8_amd64.deb ...
#9 50.57 Unpacking libglib2.0-bin (2.80.0-6ubuntu3.8) ...
#9 50.63 Selecting previously unselected package python3-packaging.
#9 50.63 Preparing to unpack .../241-python3-packaging_24.0-1_all.deb ...
#9 50.64 Unpacking python3-packaging (24.0-1) ...
#9 50.70 Selecting previously unselected package libglib2.0-dev-bin.
#9 50.70 Preparing to unpack .../242-libglib2.0-dev-bin_2.80.0-6ubuntu3.8_amd64.deb ...
#9 50.71 Unpacking libglib2.0-dev-bin (2.80.0-6ubuntu3.8) ...
#9 50.76 Selecting previously unselected package uuid-dev:amd64.
#9 50.76 Preparing to unpack .../243-uuid-dev_2.39.3-9ubuntu6.5_amd64.deb ...
#9 50.77 Unpacking uuid-dev:amd64 (2.39.3-9ubuntu6.5) ...
#9 50.83 Selecting previously unselected package libblkid-dev:amd64.
#9 50.83 Preparing to unpack .../244-libblkid-dev_2.39.3-9ubuntu6.5_amd64.deb ...
#9 50.84 Unpacking libblkid-dev:amd64 (2.39.3-9ubuntu6.5) ...
#9 50.90 Selecting previously unselected package libsepol-dev:amd64.
#9 50.90 Preparing to unpack .../245-libsepol-dev_3.5-2build1_amd64.deb ...
#9 50.91 Unpacking libsepol-dev:amd64 (3.5-2build1) ...
#9 50.98 Selecting previously unselected package libpcre2-16-0:amd64.
#9 50.99 Preparing to unpack .../246-libpcre2-16-0_10.42-4ubuntu2.1_amd64.deb ...
#9 50.99 Unpacking libpcre2-16-0:amd64 (10.42-4ubuntu2.1) ...
#9 51.04 Selecting previously unselected package libpcre2-32-0:amd64.
#9 51.04 Preparing to unpack .../247-libpcre2-32-0_10.42-4ubuntu2.1_amd64.deb ...
#9 51.06 Unpacking libpcre2-32-0:amd64 (10.42-4ubuntu2.1) ...
#9 51.11 Selecting previously unselected package libpcre2-posix3:amd64.
#9 51.12 Preparing to unpack .../248-libpcre2-posix3_10.42-4ubuntu2.1_amd64.deb ...
#9 51.12 Unpacking libpcre2-posix3:amd64 (10.42-4ubuntu2.1) ...
#9 51.17 Selecting previously unselected package libpcre2-dev:amd64.
#9 51.18 Preparing to unpack .../249-libpcre2-dev_10.42-4ubuntu2.1_amd64.deb ...
#9 51.18 Unpacking libpcre2-dev:amd64 (10.42-4ubuntu2.1) ...
#9 51.26 Selecting previously unselected package libselinux1-dev:amd64.
#9 51.26 Preparing to unpack .../250-libselinux1-dev_3.5-2ubuntu2.1_amd64.deb ...
#9 51.27 Unpacking libselinux1-dev:amd64 (3.5-2ubuntu2.1) ...
#9 51.36 Selecting previously unselected package libmount-dev:amd64.
#9 51.36 Preparing to unpack .../251-libmount-dev_2.39.3-9ubuntu6.5_amd64.deb ...
#9 51.37 Unpacking libmount-dev:amd64 (2.39.3-9ubuntu6.5) ...
#9 51.44 Selecting previously unselected package libpkgconf3:amd64.
#9 51.44 Preparing to unpack .../252-libpkgconf3_1.8.1-2build1_amd64.deb ...
#9 51.45 Unpacking libpkgconf3:amd64 (1.8.1-2build1) ...
#9 51.51 Selecting previously unselected package pkgconf-bin.
#9 51.51 Preparing to unpack .../253-pkgconf-bin_1.8.1-2build1_amd64.deb ...
#9 51.52 Unpacking pkgconf-bin (1.8.1-2build1) ...
#9 51.57 Selecting previously unselected package pkgconf:amd64.
#9 51.58 Preparing to unpack .../254-pkgconf_1.8.1-2build1_amd64.deb ...
#9 51.59 Unpacking pkgconf:amd64 (1.8.1-2build1) ...
#9 51.62 Selecting previously unselected package zlib1g-dev:amd64.
#9 51.63 Preparing to unpack .../255-zlib1g-dev_1%3a1.3.dfsg-3.1ubuntu2.1_amd64.deb ...
#9 51.63 Unpacking zlib1g-dev:amd64 (1:1.3.dfsg-3.1ubuntu2.1) ...
#9 51.70 Selecting previously unselected package libgirepository-2.0-0:amd64.
#9 51.71 Preparing to unpack .../256-libgirepository-2.0-0_2.80.0-6ubuntu3.8_amd64.deb ...
#9 51.71 Unpacking libgirepository-2.0-0:amd64 (2.80.0-6ubuntu3.8) ...
#9 51.76 Selecting previously unselected package libglib2.0-dev:amd64.
#9 51.77 Preparing to unpack .../257-libglib2.0-dev_2.80.0-6ubuntu3.8_amd64.deb ...
#9 51.77 Unpacking libglib2.0-dev:amd64 (2.80.0-6ubuntu3.8) ...
#9 51.93 Selecting previously unselected package gobject-introspection:amd64.
#9 51.93 Preparing to unpack .../258-gobject-introspection_1.80.1-1_amd64.deb ...
#9 51.94 Unpacking gobject-introspection:amd64 (1.80.1-1) ...
#9 51.99 Selecting previously unselected package icu-devtools.
#9 51.99 Preparing to unpack .../259-icu-devtools_74.2-1ubuntu3.1_amd64.deb ...
#9 52.00 Unpacking icu-devtools (74.2-1ubuntu3.1) ...
#9 52.05 Selecting previously unselected package liburi-perl.
#9 52.06 Preparing to unpack .../260-liburi-perl_5.27-1_all.deb ...
#9 52.06 Unpacking liburi-perl (5.27-1) ...
#9 52.22 Selecting previously unselected package libencode-locale-perl.
#9 52.22 Preparing to unpack .../261-libencode-locale-perl_1.05-3_all.deb ...
#9 52.23 Unpacking libencode-locale-perl (1.05-3) ...
#9 52.30 Selecting previously unselected package libtimedate-perl.
#9 52.30 Preparing to unpack .../262-libtimedate-perl_2.3300-2_all.deb ...
#9 52.31 Unpacking libtimedate-perl (2.3300-2) ...
#9 52.36 Selecting previously unselected package libhttp-date-perl.
#9 52.37 Preparing to unpack .../263-libhttp-date-perl_6.06-1_all.deb ...
#9 52.37 Unpacking libhttp-date-perl (6.06-1) ...
#9 52.42 Selecting previously unselected package libfile-listing-perl.
#9 52.43 Preparing to unpack .../264-libfile-listing-perl_6.16-1_all.deb ...
#9 52.43 Unpacking libfile-listing-perl (6.16-1) ...
#9 52.48 Selecting previously unselected package libhtml-tagset-perl.
#9 52.48 Preparing to unpack .../265-libhtml-tagset-perl_3.20-6_all.deb ...
#9 52.49 Unpacking libhtml-tagset-perl (3.20-6) ...
#9 52.53 Selecting previously unselected package libhtml-parser-perl:amd64.
#9 52.53 Preparing to unpack .../266-libhtml-parser-perl_3.81-1build3_amd64.deb ...
#9 52.54 Unpacking libhtml-parser-perl:amd64 (3.81-1build3) ...
#9 52.59 Selecting previously unselected package libhtml-tree-perl.
#9 52.59 Preparing to unpack .../267-libhtml-tree-perl_5.07-3_all.deb ...
#9 52.60 Unpacking libhtml-tree-perl (5.07-3) ...
#9 52.65 Selecting previously unselected package libclone-perl:amd64.
#9 52.65 Preparing to unpack .../268-libclone-perl_0.46-1build3_amd64.deb ...
#9 52.66 Unpacking libclone-perl:amd64 (0.46-1build3) ...
#9 52.70 Selecting previously unselected package libio-html-perl.
#9 52.70 Preparing to unpack .../269-libio-html-perl_1.004-3_all.deb ...
#9 52.71 Unpacking libio-html-perl (1.004-3) ...
#9 52.76 Selecting previously unselected package liblwp-mediatypes-perl.
#9 52.76 Preparing to unpack .../270-liblwp-mediatypes-perl_6.04-2_all.deb ...
#9 52.77 Unpacking liblwp-mediatypes-perl (6.04-2) ...
#9 52.82 Selecting previously unselected package libhttp-message-perl.
#9 52.82 Preparing to unpack .../271-libhttp-message-perl_6.45-1ubuntu1_all.deb ...
#9 52.83 Unpacking libhttp-message-perl (6.45-1ubuntu1) ...
#9 52.88 Selecting previously unselected package libhttp-cookies-perl.
#9 52.88 Preparing to unpack .../272-libhttp-cookies-perl_6.11-1_all.deb ...
#9 52.89 Unpacking libhttp-cookies-perl (6.11-1) ...
#9 52.94 Selecting previously unselected package libhttp-negotiate-perl.
#9 52.94 Preparing to unpack .../273-libhttp-negotiate-perl_6.01-2_all.deb ...
#9 52.94 Unpacking libhttp-negotiate-perl (6.01-2) ...
#9 52.99 Selecting previously unselected package perl-openssl-defaults:amd64.
#9 53.00 Preparing to unpack .../274-perl-openssl-defaults_7build3_amd64.deb ...
#9 53.00 Unpacking perl-openssl-defaults:amd64 (7build3) ...
#9 53.05 Selecting previously unselected package libnet-ssleay-perl:amd64.
#9 53.06 Preparing to unpack .../275-libnet-ssleay-perl_1.94-1build4_amd64.deb ...
#9 53.06 Unpacking libnet-ssleay-perl:amd64 (1.94-1build4) ...
#9 53.14 Selecting previously unselected package libio-socket-ssl-perl.
#9 53.15 Preparing to unpack .../276-libio-socket-ssl-perl_2.085-1_all.deb ...
#9 53.15 Unpacking libio-socket-ssl-perl (2.085-1) ...
#9 53.22 Selecting previously unselected package libnet-http-perl.
#9 53.23 Preparing to unpack .../277-libnet-http-perl_6.23-1_all.deb ...
#9 53.23 Unpacking libnet-http-perl (6.23-1) ...
#9 53.28 Selecting previously unselected package liblwp-protocol-https-perl.
#9 53.28 Preparing to unpack .../278-liblwp-protocol-https-perl_6.13-1_all.deb ...
#9 53.30 Unpacking liblwp-protocol-https-perl (6.13-1) ...
#9 53.34 Selecting previously unselected package libtry-tiny-perl.
#9 53.34 Preparing to unpack .../279-libtry-tiny-perl_0.31-2_all.deb ...
#9 53.35 Unpacking libtry-tiny-perl (0.31-2) ...
#9 53.40 Selecting previously unselected package libwww-robotrules-perl.
#9 53.40 Preparing to unpack .../280-libwww-robotrules-perl_6.02-1_all.deb ...
#9 53.41 Unpacking libwww-robotrules-perl (6.02-1) ...
#9 53.47 Selecting previously unselected package libwww-perl.
#9 53.47 Preparing to unpack .../281-libwww-perl_6.76-1_all.deb ...
#9 53.48 Unpacking libwww-perl (6.76-1) ...
#9 53.54 Selecting previously unselected package libxml-parser-perl.
#9 53.55 Preparing to unpack .../282-libxml-parser-perl_2.47-1ubuntu0.24.04.1_amd64.deb ...
#9 53.56 Unpacking libxml-parser-perl (2.47-1ubuntu0.24.04.1) ...
#9 53.62 Selecting previously unselected package intltool.
#9 53.63 Preparing to unpack .../283-intltool_0.51.0-6_all.deb ...
#9 53.64 Unpacking intltool (0.51.0-6) ...
#9 53.70 Selecting previously unselected package libabsl20220623t64:amd64.
#9 53.70 Preparing to unpack .../284-libabsl20220623t64_20220623.1-3.1ubuntu3.2_amd64.deb ...
#9 53.71 Unpacking libabsl20220623t64:amd64 (20220623.1-3.1ubuntu3.2) ...
#9 53.80 Selecting previously unselected package libaec0:amd64.
#9 ...

#10 [runtime 2/8] RUN apt-get update && apt-get install -y --no-install-recommends     libarchive13 libavif16 libcairo2 libcolord2 libcolord-gtk1     libcurl3-gnutls libexiv2-27 libglib2.0-0 libgmic1     libgphoto2-6 libgraphicsmagick-q16-3 libgtk-3-0 libheif1     libjpeg8 libjson-glib-1.0-0 liblcms2-2 liblensfun1     liblua5.4-0 libopenexr-3-1-30 libopenjp2-7     libosmgpsmap-1.0-1 libpng16-16 libportmidi0 libpotrace0     libpugixml1v5 libraw23 librsvg2-2 libsqlite3-0 libtiff6     libwebp7 libx11-6 libxml2 zlib1g libsdl2-2.0-0     libsecret-1-0 lua5.4     pocl-opencl-icd     libgdk-pixbuf2.0-bin shared-mime-info     python3-xdg     xkb-data     && rm -rf /var/lib/apt/lists/*     && (/usr/lib/x86_64-linux-gnu/gdk-pixbuf-2.0/gdk-pixbuf-query-loaders --update-cache || true)     && update-mime-database /usr/share/mime
#10 43.70 Selecting previously unselected package libsocket++1:amd64.
#10 43.71 Preparing to unpack .../113-libsocket++1_1.12.13+git20131030.5d039ba-1build1_amd64.deb ...
#10 43.71 Unpacking libsocket++1:amd64 (1.12.13+git20131030.5d039ba-1build1) ...
#10 43.77 Selecting previously unselected package libgdcm3.0t64:amd64.
#10 43.77 Preparing to unpack .../114-libgdcm3.0t64_3.0.22-2.1ubuntu1_amd64.deb ...
#10 43.78 Unpacking libgdcm3.0t64:amd64 (3.0.22-2.1ubuntu1) ...
#10 43.88 Selecting previously unselected package libgdk-pixbuf2.0-bin.
#10 43.89 Preparing to unpack .../115-libgdk-pixbuf2.0-bin_2.42.10+dfsg-3ubuntu3.3_amd64.deb ...
#10 43.89 Unpacking libgdk-pixbuf2.0-bin (2.42.10+dfsg-3ubuntu3.3) ...
#10 43.94 Selecting previously unselected package libwmflite-0.2-7:amd64.
#10 43.95 Preparing to unpack .../116-libwmflite-0.2-7_0.2.13-1.1build3_amd64.deb ...
#10 43.95 Unpacking libwmflite-0.2-7:amd64 (0.2.13-1.1build3) ...
#10 44.00 Selecting previously unselected package libgraphicsmagick-q16-3t64.
#10 44.00 Preparing to unpack .../117-libgraphicsmagick-q16-3t64_1.4+really1.3.42-1.1build3_amd64.deb ...
#10 44.01 Unpacking libgraphicsmagick-q16-3t64 (1.4+really1.3.42-1.1build3) ...
#10 44.07 Selecting previously unselected package libgraphicsmagick++-q16-12t64.
#10 44.08 Preparing to unpack .../118-libgraphicsmagick++-q16-12t64_1.4+really1.3.42-1.1build3_amd64.deb ...
#10 44.08 Unpacking libgraphicsmagick++-q16-12t64 (1.4+really1.3.42-1.1build3) ...
#10 44.14 Selecting previously unselected package libimath-3-1-29t64:amd64.
#10 44.14 Preparing to unpack .../119-libimath-3-1-29t64_3.1.9-3.1ubuntu2_amd64.deb ...
#10 44.15 Unpacking libimath-3-1-29t64:amd64 (3.1.9-3.1ubuntu2) ...
#10 44.20 Selecting previously unselected package libtbbmalloc2:amd64.
#10 44.21 Preparing to unpack .../120-libtbbmalloc2_2021.11.0-2ubuntu2_amd64.deb ...
#10 44.23 Unpacking libtbbmalloc2:amd64 (2021.11.0-2ubuntu2) ...
#10 44.29 Selecting previously unselected package libhwloc15:amd64.
#10 44.29 Preparing to unpack .../121-libhwloc15_2.10.0-1build1_amd64.deb ...
#10 44.30 Unpacking libhwloc15:amd64 (2.10.0-1build1) ...
#10 44.36 Selecting previously unselected package libtbbbind-2-5:amd64.
#10 44.36 Preparing to unpack .../122-libtbbbind-2-5_2021.11.0-2ubuntu2_amd64.deb ...
#10 44.37 Unpacking libtbbbind-2-5:amd64 (2021.11.0-2ubuntu2) ...
#10 44.41 Selecting previously unselected package libtbb12:amd64.
#10 44.42 Preparing to unpack .../123-libtbb12_2021.11.0-2ubuntu2_amd64.deb ...
#10 44.43 Unpacking libtbb12:amd64 (2021.11.0-2ubuntu2) ...
#10 44.49 Selecting previously unselected package libopencv-core406t64:amd64.
#10 44.49 Preparing to unpack .../124-libopencv-core406t64_4.6.0+dfsg-13.1ubuntu1_amd64.deb ...
#10 44.50 Unpacking libopencv-core406t64:amd64 (4.6.0+dfsg-13.1ubuntu1) ...
#10 44.58 Selecting previously unselected package libgphoto2-port12t64:amd64.
#10 44.58 Preparing to unpack .../125-libgphoto2-port12t64_2.5.31-2.1ubuntu1_amd64.deb ...
#10 44.59 Unpacking libgphoto2-port12t64:amd64 (2.5.31-2.1ubuntu1) ...
#10 44.66 Selecting previously unselected package libgphoto2-6t64:amd64.
#10 44.66 Preparing to unpack .../126-libgphoto2-6t64_2.5.31-2.1ubuntu1_amd64.deb ...
#10 44.67 Unpacking libgphoto2-6t64:amd64 (2.5.31-2.1ubuntu1) ...
#10 44.76 Selecting previously unselected package libopencv-imgproc406t64:amd64.
#10 44.76 Preparing to unpack .../127-libopencv-imgproc406t64_4.6.0+dfsg-13.1ubuntu1_amd64.deb ...
#10 44.77 Unpacking libopencv-imgproc406t64:amd64 (4.6.0+dfsg-13.1ubuntu1) ...
#10 44.85 Selecting previously unselected package libopenexr-3-1-30:amd64.
#10 44.85 Preparing to unpack .../128-libopenexr-3-1-30_3.1.5-5.1build3_amd64.deb ...
#10 44.86 Unpacking libopenexr-3-1-30:amd64 (3.1.5-5.1build3) ...
#10 44.94 Selecting previously unselected package libopencv-imgcodecs406t64:amd64.
#10 44.94 Preparing to unpack .../129-libopencv-imgcodecs406t64_4.6.0+dfsg-13.1ubuntu1_amd64.deb ...
#10 44.95 Unpacking libopencv-imgcodecs406t64:amd64 (4.6.0+dfsg-13.1ubuntu1) ...
#10 45.00 Selecting previously unselected package libopencv-videoio406t64:amd64.
#10 45.00 Preparing to unpack .../130-libopencv-videoio406t64_4.6.0+dfsg-13.1ubuntu1_amd64.deb ...
#10 45.01 Unpacking libopencv-videoio406t64:amd64 (4.6.0+dfsg-13.1ubuntu1) ...
#10 45.06 Selecting previously unselected package libgmic1:amd64.
#10 45.07 Preparing to unpack .../131-libgmic1_2.9.4-4build11_amd64.deb ...
#10 45.07 Unpacking libgmic1:amd64 (2.9.4-4build11) ...
#10 45.18 Selecting previously unselected package liblensfun-data-v1.
#10 45.19 Preparing to unpack .../132-liblensfun-data-v1_0.3.4-1build2_all.deb ...
#10 45.20 Unpacking liblensfun-data-v1 (0.3.4-1build2) ...
#10 45.30 Selecting previously unselected package liblensfun1:amd64.
#10 45.30 Preparing to unpack .../133-liblensfun1_0.3.4-1build2_amd64.deb ...
#10 45.31 Unpacking liblensfun1:amd64 (0.3.4-1build2) ...
#10 45.38 Selecting previously unselected package liblua5.4-0:amd64.
#10 45.38 Preparing to unpack .../134-liblua5.4-0_5.4.6-3build2_amd64.deb ...
#10 45.39 Unpacking liblua5.4-0:amd64 (5.4.6-3build2) ...
#10 45.44 Selecting previously unselected package libsoup2.4-common.
#10 45.45 Preparing to unpack .../135-libsoup2.4-common_2.74.3-6ubuntu1.6_all.deb ...
#10 45.45 Unpacking libsoup2.4-common (2.74.3-6ubuntu1.6) ...
#10 45.51 Selecting previously unselected package libsoup-2.4-1:amd64.
#10 45.51 Preparing to unpack .../136-libsoup-2.4-1_2.74.3-6ubuntu1.6_amd64.deb ...
#10 45.52 Unpacking libsoup-2.4-1:amd64 (2.74.3-6ubuntu1.6) ...
#10 45.58 Selecting previously unselected package libosmgpsmap-1.0-1:amd64.
#10 45.58 Preparing to unpack .../137-libosmgpsmap-1.0-1_1.2.0-2build2_amd64.deb ...
#10 45.59 Unpacking libosmgpsmap-1.0-1:amd64 (1.2.0-2build2) ...
#10 45.63 Selecting previously unselected package libpocl2-common.
#10 45.64 Preparing to unpack .../138-libpocl2-common_5.0-2.1build3_all.deb ...
#10 45.64 Unpacking libpocl2-common (5.0-2.1build3) ...
#10 45.71 Selecting previously unselected package libpocl2t64:amd64.
#10 45.71 Preparing to unpack .../139-libpocl2t64_5.0-2.1build3_amd64.deb ...
#10 45.72 Unpacking libpocl2t64:amd64 (5.0-2.1build3) ...
#10 46.16 Selecting previously unselected package libportmidi0:amd64.
#10 46.16 Preparing to unpack .../140-libportmidi0_1%3a217-6.1build3_amd64.deb ...
#10 46.17 Unpacking libportmidi0:amd64 (1:217-6.1build3) ...
#10 46.21 Selecting previously unselected package libpotrace0:amd64.
#10 46.22 Preparing to unpack .../141-libpotrace0_1.16-2build1_amd64.deb ...
#10 46.23 Unpacking libpotrace0:amd64 (1.16-2build1) ...
#10 46.28 Selecting previously unselected package libpugixml1v5:amd64.
#10 46.28 Preparing to unpack .../142-libpugixml1v5_1.14-0.1build1_amd64.deb ...
#10 46.29 Unpacking libpugixml1v5:amd64 (1.14-0.1build1) ...
#10 46.36 Selecting previously unselected package libraw23t64:amd64.
#10 46.37 Preparing to unpack .../143-libraw23t64_0.21.2-2.1ubuntu0.24.04.1_amd64.deb ...
#10 46.38 Unpacking libraw23t64:amd64 (0.21.2-2.1ubuntu0.24.04.1) ...
#10 46.45 Selecting previously unselected package libsecret-common.
#10 46.45 Preparing to unpack .../144-libsecret-common_0.21.4-1build3_all.deb ...
#10 46.46 Unpacking libsecret-common (0.21.4-1build3) ...
#10 46.54 Selecting previously unselected package libsecret-1-0:amd64.
#10 46.55 Preparing to unpack .../145-libsecret-1-0_0.21.4-1build3_amd64.deb ...
#10 46.56 Unpacking libsecret-1-0:amd64 (0.21.4-1build3) ...
#10 46.63 Selecting previously unselected package lua5.4.
#10 46.63 Preparing to unpack .../146-lua5.4_5.4.6-3build2_amd64.deb ...
#10 46.64 Unpacking lua5.4 (5.4.6-3build2) ...
#10 46.69 Selecting previously unselected package python3-xdg.
#10 46.69 Preparing to unpack .../147-python3-xdg_0.28-2_all.deb ...
#10 46.70 Unpacking python3-xdg (0.28-2) ...
#10 46.76 Preparing to unpack .../148-locales-all_2.39-0ubuntu8.7_amd64.deb ...
#10 46.78 Unpacking locales-all (2.39-0ubuntu8.7) over (2.39-0ubuntu8.4) ...
#10 ...

#9 [builder 2/6] RUN apt-get update && apt-get install -y --no-install-recommends     build-essential cmake ninja-build git intltool gettext     appstream-util desktop-file-utils     libarchive-dev libatk1.0-dev libavif-dev libcairo2-dev     libcolord-dev libcolord-gtk-dev libcups2-dev libcurl4-gnutls-dev     libexiv2-dev libgdk-pixbuf-2.0-dev libglib2.0-dev libgmic-dev     libgphoto2-dev libgraphicsmagick1-dev libgtk-3-dev libheif-dev     libjpeg-dev libjson-glib-dev liblcms2-dev liblensfun-dev     liblua5.4-dev libopenexr-dev libopenjp2-7-dev     libosmgpsmap-1.0-dev libpango1.0-dev libpng-dev libportmidi-dev     libpotrace-dev libpugixml-dev libraw-dev librsvg2-dev     libsqlite3-dev libtiff5-dev libwebp-dev libx11-dev     libxml2-dev libxml2-utils zlib1g-dev libsdl2-dev     libsecret-1-dev po4a python3-jsonschema xsltproc perl     opencl-headers ocl-icd-opencl-dev     curl     && rm -rf /var/lib/apt/lists/*
#9 53.81 Preparing to unpack .../285-libaec0_1.1.2-1build1_amd64.deb ...
#9 53.82 Unpacking libaec0:amd64 (1.1.2-1build1) ...
#9 53.88 Selecting previously unselected package libaom3:amd64.
#9 53.89 Preparing to unpack .../286-libaom3_3.8.2-2ubuntu0.1_amd64.deb ...
#9 53.90 Unpacking libaom3:amd64 (3.8.2-2ubuntu0.1) ...
#9 53.99 Selecting previously unselected package libaom-dev:amd64.
#9 54.00 Preparing to unpack .../287-libaom-dev_3.8.2-2ubuntu0.1_amd64.deb ...
#9 54.00 Unpacking libaom-dev:amd64 (3.8.2-2ubuntu0.1) ...
#9 54.11 Selecting previously unselected package libbz2-dev:amd64.
#9 54.11 Preparing to unpack .../288-libbz2-dev_1.0.8-5.1build0.1_amd64.deb ...
#9 54.12 Unpacking libbz2-dev:amd64 (1.0.8-5.1build0.1) ...
#9 54.18 Selecting previously unselected package liblz4-dev:amd64.
#9 54.18 Preparing to unpack .../289-liblz4-dev_1.9.4-1build1.1_amd64.deb ...
#9 54.19 Unpacking liblz4-dev:amd64 (1.9.4-1build1.1) ...
#9 54.24 Selecting previously unselected package liblzma-dev:amd64.
#9 54.25 Preparing to unpack .../290-liblzma-dev_5.6.1+really5.4.5-1ubuntu0.2_amd64.deb ...
#9 54.26 Unpacking liblzma-dev:amd64 (5.6.1+really5.4.5-1ubuntu0.2) ...
#9 54.41 Selecting previously unselected package libicu-dev:amd64.
#9 54.42 Preparing to unpack .../291-libicu-dev_74.2-1ubuntu3.1_amd64.deb ...
#9 54.42 Unpacking libicu-dev:amd64 (74.2-1ubuntu3.1) ...
#9 54.84 Selecting previously unselected package libxml2-dev:amd64.
#9 54.84 Preparing to unpack .../292-libxml2-dev_2.9.14+dfsg-1.3ubuntu3.7_amd64.deb ...
#9 54.85 Unpacking libxml2-dev:amd64 (2.9.14+dfsg-1.3ubuntu3.7) ...
#9 54.93 Selecting previously unselected package libzstd-dev:amd64.
#9 54.93 Preparing to unpack .../293-libzstd-dev_1.5.5+dfsg2-2build1.1_amd64.deb ...
#9 54.94 Unpacking libzstd-dev:amd64 (1.5.5+dfsg2-2build1.1) ...
#9 55.00 Selecting previously unselected package libattr1-dev:amd64.
#9 55.01 Preparing to unpack .../294-libattr1-dev_1%3a2.5.2-1build1.1_amd64.deb ...
#9 55.01 Unpacking libattr1-dev:amd64 (1:2.5.2-1build1.1) ...
#9 55.05 Selecting previously unselected package libacl1-dev:amd64.
#9 55.06 Preparing to unpack .../295-libacl1-dev_2.3.2-1build1.1_amd64.deb ...
#9 55.06 Unpacking libacl1-dev:amd64 (2.3.2-1build1.1) ...
#9 55.12 Selecting previously unselected package comerr-dev:amd64.
#9 55.12 Preparing to unpack .../296-comerr-dev_2.1-1.47.0-2.4~exp1ubuntu4.1_amd64.deb ...
#9 55.13 Unpacking comerr-dev:amd64 (2.1-1.47.0-2.4~exp1ubuntu4.1) ...
#9 55.18 Selecting previously unselected package libext2fs-dev.
#9 55.19 Preparing to unpack .../297-libext2fs-dev_1.47.0-2.4~exp1ubuntu4.1_amd64.deb ...
#9 55.19 Unpacking libext2fs-dev (1.47.0-2.4~exp1ubuntu4.1) ...
#9 55.25 Selecting previously unselected package libgmpxx4ldbl:amd64.
#9 55.26 Preparing to unpack .../298-libgmpxx4ldbl_2%3a6.3.0+dfsg-2ubuntu6.1_amd64.deb ...
#9 55.28 Unpacking libgmpxx4ldbl:amd64 (2:6.3.0+dfsg-2ubuntu6.1) ...
#9 55.33 Selecting previously unselected package libgmp-dev:amd64.
#9 55.33 Preparing to unpack .../299-libgmp-dev_2%3a6.3.0+dfsg-2ubuntu6.1_amd64.deb ...
#9 55.33 Unpacking libgmp-dev:amd64 (2:6.3.0+dfsg-2ubuntu6.1) ...
#9 55.40 Selecting previously unselected package nettle-dev:amd64.
#9 55.40 Preparing to unpack .../300-nettle-dev_3.9.1-2.2build1.1_amd64.deb ...
#9 55.40 Unpacking nettle-dev:amd64 (3.9.1-2.2build1.1) ...
#9 55.48 Selecting previously unselected package libarchive-dev:amd64.
#9 55.48 Preparing to unpack .../301-libarchive-dev_3.7.2-2ubuntu0.7_amd64.deb ...
#9 55.49 Unpacking libarchive-dev:amd64 (3.7.2-2ubuntu0.7) ...
#9 55.85 Selecting previously unselected package libblas3:amd64.
#9 55.85 Preparing to unpack .../302-libblas3_3.12.0-3build1.1_amd64.deb ...
#9 55.90 Unpacking libblas3:amd64 (3.12.0-3build1.1) ...
#9 56.31 Selecting previously unselected package libgfortran5:amd64.
#9 56.31 Preparing to unpack .../303-libgfortran5_14.2.0-4ubuntu2~24.04.1_amd64.deb ...
#9 56.33 Unpacking libgfortran5:amd64 (14.2.0-4ubuntu2~24.04.1) ...
#9 56.75 Selecting previously unselected package liblapack3:amd64.
#9 56.76 Preparing to unpack .../304-liblapack3_3.12.0-3build1.1_amd64.deb ...
#9 56.76 Unpacking liblapack3:amd64 (3.12.0-3build1.1) ...
#9 56.88 Selecting previously unselected package libarpack2t64:amd64.
#9 56.88 Preparing to unpack .../305-libarpack2t64_3.9.1-1.1build2_amd64.deb ...
#9 56.89 Unpacking libarpack2t64:amd64 (3.9.1-1.1build2) ...
#9 56.94 Selecting previously unselected package libsuperlu6:amd64.
#9 56.95 Preparing to unpack .../306-libsuperlu6_6.0.1+dfsg1-1build1_amd64.deb ...
#9 56.95 Unpacking libsuperlu6:amd64 (6.0.1+dfsg1-1build1) ...
#9 57.01 Selecting previously unselected package libarmadillo12.
#9 57.02 Preparing to unpack .../307-libarmadillo12_1%3a12.6.7+dfsg-1build2_amd64.deb ...
#9 57.02 Unpacking libarmadillo12 (1:12.6.7+dfsg-1build2) ...
#9 57.07 Selecting previously unselected package libasound2-data.
#9 57.07 Preparing to unpack .../308-libasound2-data_1.2.11-1ubuntu0.2_all.deb ...
#9 57.08 Unpacking libasound2-data (1.2.11-1ubuntu0.2) ...
#9 57.15 Selecting previously unselected package libasound2t64:amd64.
#9 57.16 Preparing to unpack .../309-libasound2t64_1.2.11-1ubuntu0.2_amd64.deb ...
#9 57.17 Unpacking libasound2t64:amd64 (1.2.11-1ubuntu0.2) ...
#9 57.23 Selecting previously unselected package libasound2-dev:amd64.
#9 57.23 Preparing to unpack .../310-libasound2-dev_1.2.11-1ubuntu0.2_amd64.deb ...
#9 57.24 Unpacking libasound2-dev:amd64 (1.2.11-1ubuntu0.2) ...
#9 57.32 Selecting previously unselected package libasyncns0:amd64.
#9 57.32 Preparing to unpack .../311-libasyncns0_0.8-6build4_amd64.deb ...
#9 57.33 Unpacking libasyncns0:amd64 (0.8-6build4) ...
#9 57.38 Selecting previously unselected package libatk1.0-dev:amd64.
#9 57.38 Preparing to unpack .../312-libatk1.0-dev_2.52.0-1build1_amd64.deb ...
#9 57.39 Unpacking libatk1.0-dev:amd64 (2.52.0-1build1) ...
#9 57.46 Selecting previously unselected package xml-core.
#9 57.47 Preparing to unpack .../313-xml-core_0.19_all.deb ...
#9 57.47 Unpacking xml-core (0.19) ...
#9 57.54 Selecting previously unselected package libdbus-1-dev:amd64.
#9 57.54 Preparing to unpack .../314-libdbus-1-dev_1.14.10-4ubuntu4.1_amd64.deb ...
#9 57.54 Unpacking libdbus-1-dev:amd64 (1.14.10-4ubuntu4.1) ...
#9 57.62 Selecting previously unselected package x11-common.
#9 57.62 Preparing to unpack .../315-x11-common_1%3a7.7+23ubuntu3_all.deb ...
#9 57.63 Unpacking x11-common (1:7.7+23ubuntu3) ...
#9 57.70 Selecting previously unselected package libxtst6:amd64.
#9 57.70 Preparing to unpack .../316-libxtst6_2%3a1.2.3-1.1build1_amd64.deb ...
#9 57.72 Unpacking libxtst6:amd64 (2:1.2.3-1.1build1) ...
#9 57.77 Selecting previously unselected package xorg-sgml-doctools.
#9 57.77 Preparing to unpack .../317-xorg-sgml-doctools_1%3a1.11-1.1_all.deb ...
#9 57.78 Unpacking xorg-sgml-doctools (1:1.11-1.1) ...
#9 57.83 Selecting previously unselected package x11proto-dev.
#9 57.83 Preparing to unpack .../318-x11proto-dev_2023.2-1_all.deb ...
#9 57.84 Unpacking x11proto-dev (2023.2-1) ...
#9 57.92 Selecting previously unselected package libxau-dev:amd64.
#9 57.92 Preparing to unpack .../319-libxau-dev_1%3a1.0.9-1build6_amd64.deb ...
#9 57.93 Unpacking libxau-dev:amd64 (1:1.0.9-1build6) ...
#9 57.98 Selecting previously unselected package x11proto-core-dev.
#9 57.98 Preparing to unpack .../320-x11proto-core-dev_2023.2-1_all.deb ...
#9 57.99 Unpacking x11proto-core-dev (2023.2-1) ...
#9 58.04 Selecting previously unselected package libxdmcp-dev:amd64.
#9 58.04 Preparing to unpack .../321-libxdmcp-dev_1%3a1.1.3-0ubuntu6_amd64.deb ...
#9 58.04 Unpacking libxdmcp-dev:amd64 (1:1.1.3-0ubuntu6) ...
#9 58.09 Selecting previously unselected package xtrans-dev.
#9 58.09 Preparing to unpack .../322-xtrans-dev_1.4.0-1_all.deb ...
#9 58.09 Unpacking xtrans-dev (1.4.0-1) ...
#9 58.16 Selecting previously unselected package libpthread-stubs0-dev:amd64.
#9 58.16 Preparing to unpack .../323-libpthread-stubs0-dev_0.4-1build3_amd64.deb ...
#9 58.17 Unpacking libpthread-stubs0-dev:amd64 (0.4-1build3) ...
#9 58.21 Selecting previously unselected package libxcb1-dev:amd64.
#9 58.21 Preparing to unpack .../324-libxcb1-dev_1.15-1ubuntu2_amd64.deb ...
#9 58.22 Unpacking libxcb1-dev:amd64 (1.15-1ubuntu2) ...
#9 58.27 Selecting previously unselected package libx11-dev:amd64.
#9 58.28 Preparing to unpack .../325-libx11-dev_2%3a1.8.7-1build1_amd64.deb ...
#9 58.28 Unpacking libx11-dev:amd64 (2:1.8.7-1build1) ...
#9 58.35 Selecting previously unselected package libxext-dev:amd64.
#9 58.36 Preparing to unpack .../326-libxext-dev_2%3a1.3.4-1build2_amd64.deb ...
#9 58.36 Unpacking libxext-dev:amd64 (2:1.3.4-1build2) ...
#9 58.41 Selecting previously unselected package libxfixes-dev:amd64.
#9 58.42 Preparing to unpack .../327-libxfixes-dev_1%3a6.0.0-2build1_amd64.deb ...
#9 58.42 Unpacking libxfixes-dev:amd64 (1:6.0.0-2build1) ...
#9 58.47 Selecting previously unselected package libxi-dev:amd64.
#9 58.47 Preparing to unpack .../328-libxi-dev_2%3a1.8.1-1build1_amd64.deb ...
#9 58.48 Unpacking libxi-dev:amd64 (2:1.8.1-1build1) ...
#9 58.53 Selecting previously unselected package libxtst-dev:amd64.
#9 58.54 Preparing to unpack .../329-libxtst-dev_2%3a1.2.3-1.1build1_amd64.deb ...
#9 58.55 Unpacking libxtst-dev:amd64 (2:1.2.3-1.1build1) ...
#9 58.61 Selecting previously unselected package libatspi2.0-dev:amd64.
#9 58.62 Preparing to unpack .../330-libatspi2.0-dev_2.52.0-1build1_amd64.deb ...
#9 58.62 Unpacking libatspi2.0-dev:amd64 (2.52.0-1build1) ...
#9 58.68 Selecting previously unselected package libatk-bridge2.0-dev:amd64.
#9 58.68 Preparing to unpack .../331-libatk-bridge2.0-dev_2.52.0-1build1_amd64.deb ...
#9 58.69 Unpacking libatk-bridge2.0-dev:amd64 (2.52.0-1build1) ...
#9 58.74 Selecting previously unselected package libva2:amd64.
#9 58.74 Preparing to unpack .../332-libva2_2.20.0-2ubuntu0.1_amd64.deb ...
#9 58.75 Unpacking libva2:amd64 (2.20.0-2ubuntu0.1) ...
#9 58.81 Selecting previously unselected package libva-drm2:amd64.
#9 58.82 Preparing to unpack .../333-libva-drm2_2.20.0-2ubuntu0.1_amd64.deb ...
#9 58.82 Unpacking libva-drm2:amd64 (2.20.0-2ubuntu0.1) ...
#9 58.88 Selecting previously unselected package libx11-xcb1:amd64.
#9 58.88 Preparing to unpack .../334-libx11-xcb1_2%3a1.8.7-1build1_amd64.deb ...
#9 58.89 Unpacking libx11-xcb1:amd64 (2:1.8.7-1build1) ...
#9 58.99 Selecting previously unselected package libxcb-dri3-0:amd64.
#9 58.99 Preparing to unpack .../335-libxcb-dri3-0_1.15-1ubuntu2_amd64.deb ...
#9 59.00 Unpacking libxcb-dri3-0:amd64 (1.15-1ubuntu2) ...
#9 59.07 Selecting previously unselected package libva-x11-2:amd64.
#9 59.08 Preparing to unpack .../336-libva-x11-2_2.20.0-2ubuntu0.1_amd64.deb ...
#9 59.09 Unpacking libva-x11-2:amd64 (2.20.0-2ubuntu0.1) ...
#9 59.15 Selecting previously unselected package libvdpau1:amd64.
#9 59.16 Preparing to unpack .../337-libvdpau1_1.5-2build1_amd64.deb ...
#9 59.17 Unpacking libvdpau1:amd64 (1.5-2build1) ...
#9 59.24 Selecting previously unselected package libpciaccess0:amd64.
#9 59.25 Preparing to unpack .../338-libpciaccess0_0.17-3ubuntu0.24.04.2_amd64.deb ...
#9 59.25 Unpacking libpciaccess0:amd64 (0.17-3ubuntu0.24.04.2) ...
#9 59.31 Selecting previously unselected package libdrm-intel1:amd64.
#9 59.32 Preparing to unpack .../339-libdrm-intel1_2.4.125-1ubuntu0.1~24.04.1_amd64.deb ...
#9 59.32 Unpacking libdrm-intel1:amd64 (2.4.125-1ubuntu0.1~24.04.1) ...
#9 59.38 Selecting previously unselected package libvpl2.
#9 59.38 Preparing to unpack .../340-libvpl2_2023.3.0-1build1_amd64.deb ...
#9 59.39 Unpacking libvpl2 (2023.3.0-1build1) ...
#9 59.44 Selecting previously unselected package ocl-icd-libopencl1:amd64.
#9 59.45 Preparing to unpack .../341-ocl-icd-libopencl1_2.3.2-1build1_amd64.deb ...
#9 59.45 Unpacking ocl-icd-libopencl1:amd64 (2.3.2-1build1) ...
#9 59.51 Selecting previously unselected package libavutil58:amd64.
#9 59.51 Preparing to unpack .../342-libavutil58_7%3a6.1.1-3ubuntu5_amd64.deb ...
#9 59.52 Unpacking libavutil58:amd64 (7:6.1.1-3ubuntu5) ...
#9 59.60 Selecting previously unselected package libcodec2-1.2:amd64.
#9 59.60 Preparing to unpack .../343-libcodec2-1.2_1.2.0-2build1_amd64.deb ...
#9 59.61 Unpacking libcodec2-1.2:amd64 (1.2.0-2build1) ...
#9 59.79 Selecting previously unselected package libdav1d7:amd64.
#9 59.80 Preparing to unpack .../344-libdav1d7_1.4.1-1build1_amd64.deb ...
#9 59.80 Unpacking libdav1d7:amd64 (1.4.1-1build1) ...
#9 59.88 Selecting previously unselected package libgsm1:amd64.
#9 59.88 Preparing to unpack .../345-libgsm1_1.0.22-1build1_amd64.deb ...
#9 59.89 Unpacking libgsm1:amd64 (1.0.22-1build1) ...
#9 59.95 Selecting previously unselected package libhwy1t64:amd64.
#9 59.95 Preparing to unpack .../346-libhwy1t64_1.0.7-8.1build1_amd64.deb ...
#9 59.96 Unpacking libhwy1t64:amd64 (1.0.7-8.1build1) ...
#9 60.06 Selecting previously unselected package libjxl0.7:amd64.
#9 60.06 Preparing to unpack .../347-libjxl0.7_0.7.0-10.2ubuntu6.1_amd64.deb ...
#9 60.07 Unpacking libjxl0.7:amd64 (0.7.0-10.2ubuntu6.1) ...
#9 60.16 Selecting previously unselected package libmp3lame0:amd64.
#9 60.17 Preparing to unpack .../348-libmp3lame0_3.100-6build1_amd64.deb ...
#9 60.18 Unpacking libmp3lame0:amd64 (3.100-6build1) ...
#9 60.32 Selecting previously unselected package libopenjp2-7:amd64.
#9 60.32 Preparing to unpack .../349-libopenjp2-7_2.5.0-2ubuntu0.5_amd64.deb ...
#9 60.34 Unpacking libopenjp2-7:amd64 (2.5.0-2ubuntu0.5) ...
#9 60.48 Selecting previously unselected package libopus0:amd64.
#9 60.49 Preparing to unpack .../350-libopus0_1.4-1build1_amd64.deb ...
#9 60.50 Unpacking libopus0:amd64 (1.4-1build1) ...
#9 60.65 Selecting previously unselected package librav1e0:amd64.
#9 60.66 Preparing to unpack .../351-librav1e0_0.7.1-2_amd64.deb ...
#9 60.67 Unpacking librav1e0:amd64 (0.7.1-2) ...
#9 60.87 Selecting previously unselected package libshine3:amd64.
#9 60.87 Preparing to unpack .../352-libshine3_3.1.1-2build1_amd64.deb ...
#9 60.90 Unpacking libshine3:amd64 (3.1.1-2build1) ...
#9 61.11 Selecting previously unselected package libsnappy1v5:amd64.
#9 61.11 Preparing to unpack .../353-libsnappy1v5_1.1.10-1build1_amd64.deb ...
#9 61.13 Unpacking libsnappy1v5:amd64 (1.1.10-1build1) ...
#9 61.31 Selecting previously unselected package libspeex1:amd64.
#9 61.31 Preparing to unpack .../354-libspeex1_1.2.1-2ubuntu2.24.04.1_amd64.deb ...
#9 61.34 Unpacking libspeex1:amd64 (1.2.1-2ubuntu2.24.04.1) ...
#9 61.50 Selecting previously unselected package libsvtav1enc1d1:amd64.
#9 61.50 Preparing to unpack .../355-libsvtav1enc1d1_1.7.0+dfsg-2build1_amd64.deb ...
#9 61.52 Unpacking libsvtav1enc1d1:amd64 (1.7.0+dfsg-2build1) ...
#9 61.78 Selecting previously unselected package libsoxr0:amd64.
#9 61.79 Preparing to unpack .../356-libsoxr0_0.1.3-4build3_amd64.deb ...
#9 61.81 Unpacking libsoxr0:amd64 (0.1.3-4build3) ...
#9 61.98 Selecting previously unselected package libswresample4:amd64.
#9 61.98 Preparing to unpack .../357-libswresample4_7%3a6.1.1-3ubuntu5_amd64.deb ...
#9 62.00 Unpacking libswresample4:amd64 (7:6.1.1-3ubuntu5) ...
#9 62.18 Selecting previously unselected package libogg0:amd64.
#9 62.19 Preparing to unpack .../358-libogg0_1.3.5-3build1_amd64.deb ...
#9 62.21 Unpacking libogg0:amd64 (1.3.5-3build1) ...
#9 62.34 Selecting previously unselected package libtheora0:amd64.
#9 62.35 Preparing to unpack .../359-libtheora0_1.1.1+dfsg.1-16.1build3_amd64.deb ...
#9 62.37 Unpacking libtheora0:amd64 (1.1.1+dfsg.1-16.1build3) ...
#9 62.58 Selecting previously unselected package libtwolame0:amd64.
#9 62.58 Preparing to unpack .../360-libtwolame0_0.4.0-2build3_amd64.deb ...
#9 62.61 Unpacking libtwolame0:amd64 (0.4.0-2build3) ...
#9 62.78 Selecting previously unselected package libvorbis0a:amd64.
#9 62.79 Preparing to unpack .../361-libvorbis0a_1.3.7-1build3_amd64.deb ...
#9 62.82 Unpacking libvorbis0a:amd64 (1.3.7-1build3) ...
#9 62.99 Selecting previously unselected package libvorbisenc2:amd64.
#9 63.00 Preparing to unpack .../362-libvorbisenc2_1.3.7-1build3_amd64.deb ...
#9 63.01 Unpacking libvorbisenc2:amd64 (1.3.7-1build3) ...
#9 63.19 Selecting previously unselected package libvpx9:amd64.
#9 63.20 Preparing to unpack .../363-libvpx9_1.14.0-1ubuntu2.3_amd64.deb ...
#9 63.24 Unpacking libvpx9:amd64 (1.14.0-1ubuntu2.3) ...
#9 63.43 Selecting previously unselected package libwebpmux3:amd64.
#9 63.43 Preparing to unpack .../364-libwebpmux3_1.3.2-0.4build3_amd64.deb ...
#9 63.45 Unpacking libwebpmux3:amd64 (1.3.2-0.4build3) ...
#9 63.59 Selecting previously unselected package libx264-164:amd64.
#9 63.59 Preparing to unpack .../365-libx264-164_2%3a0.164.3108+git31e19f9-1_amd64.deb ...
#9 63.61 Unpacking libx264-164:amd64 (2:0.164.3108+git31e19f9-1) ...
#9 63.79 Selecting previously unselected package libx265-199:amd64.
#9 63.80 Preparing to unpack .../366-libx265-199_3.5-2build1_amd64.deb ...
#9 63.81 Unpacking libx265-199:amd64 (3.5-2build1) ...
#9 64.09 Selecting previously unselected package libxvidcore4:amd64.
#9 64.09 Preparing to unpack .../367-libxvidcore4_2%3a1.3.7-1build1_amd64.deb ...
#9 64.11 Unpacking libxvidcore4:amd64 (2:1.3.7-1build1) ...
#9 64.27 Selecting previously unselected package libzvbi-common.
#9 64.27 Preparing to unpack .../368-libzvbi-common_0.2.42-2_all.deb ...
#9 64.29 Unpacking libzvbi-common (0.2.42-2) ...
#9 64.48 Selecting previously unselected package libzvbi0t64:amd64.
#9 64.48 Preparing to unpack .../369-libzvbi0t64_0.2.42-2_amd64.deb ...
#9 64.50 Unpacking libzvbi0t64:amd64 (0.2.42-2) ...
#9 64.70 Selecting previously unselected package libavcodec60:amd64.
#9 64.70 Preparing to unpack .../370-libavcodec60_7%3a6.1.1-3ubuntu5_amd64.deb ...
#9 64.72 Unpacking libavcodec60:amd64 (7:6.1.1-3ubuntu5) ...
#9 65.05 Selecting previously unselected package libudfread0:amd64.
#9 65.06 Preparing to unpack .../371-libudfread0_1.1.2-1build1_amd64.deb ...
#9 65.08 Unpacking libudfread0:amd64 (1.1.2-1build1) ...
#9 65.22 Selecting previously unselected package libbluray2:amd64.
#9 65.22 Preparing to unpack .../372-libbluray2_1%3a1.3.4-1build1_amd64.deb ...
#9 65.24 Unpacking libbluray2:amd64 (1:1.3.4-1build1) ...
#9 65.41 Selecting previously unselected package libchromaprint1:amd64.
#9 65.41 Preparing to unpack .../373-libchromaprint1_1.5.1-5_amd64.deb ...
#9 65.44 Unpacking libchromaprint1:amd64 (1.5.1-5) ...
#9 65.59 Selecting previously unselected package libgme0:amd64.
#9 65.59 Preparing to unpack .../374-libgme0_0.6.3-7build1_amd64.deb ...
#9 65.63 Unpacking libgme0:amd64 (0.6.3-7build1) ...
#9 65.79 Selecting previously unselected package libmpg123-0t64:amd64.
#9 65.80 Preparing to unpack .../375-libmpg123-0t64_1.32.5-1ubuntu1.1_amd64.deb ...
#9 65.83 Unpacking libmpg123-0t64:amd64 (1.32.5-1ubuntu1.1) ...
#9 66.01 Selecting previously unselected package libvorbisfile3:amd64.
#9 66.01 Preparing to unpack .../376-libvorbisfile3_1.3.7-1build3_amd64.deb ...
#9 66.03 Unpacking libvorbisfile3:amd64 (1.3.7-1build3) ...
#9 66.18 Selecting previously unselected package libopenmpt0t64:amd64.
#9 66.18 Preparing to unpack .../377-libopenmpt0t64_0.7.3-1.1build3_amd64.deb ...
#9 66.22 Unpacking libopenmpt0t64:amd64 (0.7.3-1.1build3) ...
#9 66.39 Selecting previously unselected package librabbitmq4:amd64.
#9 66.39 Preparing to unpack .../378-librabbitmq4_0.11.0-1build2_amd64.deb ...
#9 66.41 Unpacking librabbitmq4:amd64 (0.11.0-1build2) ...
#9 66.59 Selecting previously unselected package libcjson1:amd64.
#9 66.59 Preparing to unpack .../379-libcjson1_1.7.17-1_amd64.deb ...
#9 66.64 Unpacking libcjson1:amd64 (1.7.17-1) ...
#9 66.80 Selecting previously unselected package libmbedcrypto7t64:amd64.
#9 66.81 Preparing to unpack .../380-libmbedcrypto7t64_2.28.8-1_amd64.deb ...
#9 66.85 Unpacking libmbedcrypto7t64:amd64 (2.28.8-1) ...
#9 67.03 Selecting previously unselected package librist4:amd64.
#9 67.04 Preparing to unpack .../381-librist4_0.2.10+dfsg-2_amd64.deb ...
#9 67.06 Unpacking librist4:amd64 (0.2.10+dfsg-2) ...
#9 67.21 Selecting previously unselected package libsrt1.5-gnutls:amd64.
#9 67.22 Preparing to unpack .../382-libsrt1.5-gnutls_1.5.3-1build2_amd64.deb ...
#9 67.26 Unpacking libsrt1.5-gnutls:amd64 (1.5.3-1build2) ...
#9 67.41 Selecting previously unselected package libssh-gcrypt-4:amd64.
#9 67.42 Preparing to unpack .../383-libssh-gcrypt-4_0.10.6-2ubuntu0.4_amd64.deb ...
#9 67.44 Unpacking libssh-gcrypt-4:amd64 (0.10.6-2ubuntu0.4) ...
#9 67.62 Selecting previously unselected package libnorm1t64:amd64.
#9 67.62 Preparing to unpack .../384-libnorm1t64_1.5.9+dfsg-3.1build1_amd64.deb ...
#9 67.65 Unpacking libnorm1t64:amd64 (1.5.9+dfsg-3.1build1) ...
#9 67.81 Selecting previously unselected package libpgm-5.3-0t64:amd64.
#9 67.82 Preparing to unpack .../385-libpgm-5.3-0t64_5.3.128~dfsg-2.1build1_amd64.deb ...
#9 67.84 Unpacking libpgm-5.3-0t64:amd64 (5.3.128~dfsg-2.1build1) ...
#9 68.02 Selecting previously unselected package libsodium23:amd64.
#9 68.03 Preparing to unpack .../386-libsodium23_1.0.18-1ubuntu0.24.04.1_amd64.deb ...
#9 68.05 Unpacking libsodium23:amd64 (1.0.18-1ubuntu0.24.04.1) ...
#9 68.23 Selecting previously unselected package libzmq5:amd64.
#9 68.24 Preparing to unpack .../387-libzmq5_4.3.5-1build2_amd64.deb ...
#9 68.26 Unpacking libzmq5:amd64 (4.3.5-1build2) ...
#9 68.45 Selecting previously unselected package libavformat60:amd64.
#9 68.45 Preparing to unpack .../388-libavformat60_7%3a6.1.1-3ubuntu5_amd64.deb ...
#9 68.47 Unpacking libavformat60:amd64 (7:6.1.1-3ubuntu5) ...
#9 68.68 Selecting previously unselected package libgav1-1:amd64.
#9 68.69 Preparing to unpack .../389-libgav1-1_0.18.0-1build3_amd64.deb ...
#9 68.71 Unpacking libgav1-1:amd64 (0.18.0-1build3) ...
#9 68.87 Selecting previously unselected package libyuv0:amd64.
#9 68.88 Preparing to unpack .../390-libyuv0_0.0~git202401110.af6ac82-1_amd64.deb ...
#9 68.90 Unpacking libyuv0:amd64 (0.0~git202401110.af6ac82-1) ...
#9 69.08 Selecting previously unselected package libavif16:amd64.
#9 69.08 Preparing to unpack .../391-libavif16_1.0.4-1ubuntu3_amd64.deb ...
#9 69.10 Unpacking libavif16:amd64 (1.0.4-1ubuntu3) ...
#9 69.25 Selecting previously unselected package libavif-dev:amd64.
#9 69.25 Preparing to unpack .../392-libavif-dev_1.0.4-1ubuntu3_amd64.deb ...
#9 69.28 Unpacking libavif-dev:amd64 (1.0.4-1ubuntu3) ...
#9 69.46 Selecting previously unselected package libblosc1:amd64.
#9 69.47 Preparing to unpack .../393-libblosc1_1.21.5+ds-1build1_amd64.deb ...
#9 69.49 Unpacking libblosc1:amd64 (1.21.5+ds-1build1) ...
#9 69.61 Selecting previously unselected package libbrotli-dev:amd64.
#9 69.61 Preparing to unpack .../394-libbrotli-dev_1.1.0-2build2_amd64.deb ...
#9 69.67 Unpacking libbrotli-dev:amd64 (1.1.0-2build2) ...
#9 69.90 Selecting previously unselected package liblzo2-2:amd64.
#9 69.90 Preparing to unpack .../395-liblzo2-2_2.10-2build4_amd64.deb ...
#9 69.92 Unpacking liblzo2-2:amd64 (2.10-2build4) ...
#9 70.33 Selecting previously unselected package libcairo-script-interpreter2:amd64.
#9 70.34 Preparing to unpack .../396-libcairo-script-interpreter2_1.18.0-3build1_amd64.deb ...
#9 70.54 Unpacking libcairo-script-interpreter2:amd64 (1.18.0-3build1) ...
#9 71.47 Selecting previously unselected package libexpat1-dev:amd64.
#9 71.48 Preparing to unpack .../397-libexpat1-dev_2.6.1-2ubuntu0.4_amd64.deb ...
#9 72.23 Unpacking libexpat1-dev:amd64 (2.6.1-2ubuntu0.4) ...
#9 72.82 Selecting previously unselected package libpng-dev:amd64.
#9 72.82 Preparing to unpack .../398-libpng-dev_1.6.43-5ubuntu0.6_amd64.deb ...
#9 72.93 Unpacking libpng-dev:amd64 (1.6.43-5ubuntu0.6) ...
#9 74.09 Selecting previously unselected package libfreetype-dev:amd64.
#9 74.10 Preparing to unpack .../399-libfreetype-dev_2.13.2+dfsg-1ubuntu0.1_amd64.deb ...
#9 74.23 Unpacking libfreetype-dev:amd64 (2.13.2+dfsg-1ubuntu0.1) ...
#9 75.01 Selecting previously unselected package libfontconfig-dev:amd64.
#9 75.02 Preparing to unpack .../400-libfontconfig-dev_2.15.0-1.1ubuntu2_amd64.deb ...
#9 75.26 Unpacking libfontconfig-dev:amd64 (2.15.0-1.1ubuntu2) ...
#9 75.72 Selecting previously unselected package libpixman-1-dev:amd64.
#9 75.72 Preparing to unpack .../401-libpixman-1-dev_0.42.2-1build1_amd64.deb ...
#9 75.74 Unpacking libpixman-1-dev:amd64 (0.42.2-1build1) ...
#9 75.89 Selecting previously unselected package libice6:amd64.
#9 75.89 Preparing to unpack .../402-libice6_2%3a1.0.10-1build3_amd64.deb ...
#9 75.92 Unpacking libice6:amd64 (2:1.0.10-1build3) ...
#9 76.07 Selecting previously unselected package libsm6:amd64.
#9 76.08 Preparing to unpack .../403-libsm6_2%3a1.2.3-1build3_amd64.deb ...
#9 76.10 Unpacking libsm6:amd64 (2:1.2.3-1build3) ...
#9 76.24 Selecting previously unselected package libice-dev:amd64.
#9 76.25 Preparing to unpack .../404-libice-dev_2%3a1.0.10-1build3_amd64.deb ...
#9 76.27 Unpacking libice-dev:amd64 (2:1.0.10-1build3) ...
#9 76.40 Selecting previously unselected package libsm-dev:amd64.
#9 76.41 Preparing to unpack .../405-libsm-dev_2%3a1.2.3-1build3_amd64.deb ...
#9 76.43 Unpacking libsm-dev:amd64 (2:1.2.3-1build3) ...
#9 76.57 Selecting previously unselected package libxcb-render0-dev:amd64.
#9 76.58 Preparing to unpack .../406-libxcb-render0-dev_1.15-1ubuntu2_amd64.deb ...
#9 76.60 Unpacking libxcb-render0-dev:amd64 (1.15-1ubuntu2) ...
#9 76.74 Selecting previously unselected package libxcb-shm0-dev:amd64.
#9 76.74 Preparing to unpack .../407-libxcb-shm0-dev_1.15-1ubuntu2_amd64.deb ...
#9 76.77 Unpacking libxcb-shm0-dev:amd64 (1.15-1ubuntu2) ...
#9 76.90 Selecting previously unselected package libxrender-dev:amd64.
#9 76.90 Preparing to unpack .../408-libxrender-dev_1%3a0.9.10-1.1build1_amd64.deb ...
#9 76.93 Unpacking libxrender-dev:amd64 (1:0.9.10-1.1build1) ...
#9 77.07 Selecting previously unselected package libcairo2-dev:amd64.
#9 77.07 Preparing to unpack .../409-libcairo2-dev_1.18.0-3build1_amd64.deb ...
#9 77.09 Unpacking libcairo2-dev:amd64 (1.18.0-3build1) ...
#9 77.29 Selecting previously unselected package libcfitsio10t64:amd64.
#9 77.29 Preparing to unpack .../410-libcfitsio10t64_4.3.1-1.1build2_amd64.deb ...
#9 77.32 Unpacking libcfitsio10t64:amd64 (4.3.1-1.1build2) ...
#9 77.51 Selecting previously unselected package libcharls2:amd64.
#9 77.52 Preparing to unpack .../411-libcharls2_2.4.2-2build2_amd64.deb ...
#9 77.54 Unpacking libcharls2:amd64 (2.4.2-2build2) ...
#9 77.67 Selecting previously unselected package libcolord-dev:amd64.
#9 77.67 Preparing to unpack .../412-libcolord-dev_1.4.7-1build2_amd64.deb ...
#9 77.70 Unpacking libcolord-dev:amd64 (1.4.7-1build2) ...
#9 77.84 Selecting previously unselected package libcolord-gtk-headers:amd64.
#9 77.85 Preparing to unpack .../413-libcolord-gtk-headers_0.3.1-1build2_amd64.deb ...
#9 77.87 Unpacking libcolord-gtk-headers:amd64 (0.3.1-1build2) ...
#9 78.04 Selecting previously unselected package libglvnd0:amd64.
#9 78.04 Preparing to unpack .../414-libglvnd0_1.7.0-1build1_amd64.deb ...
#9 78.06 Unpacking libglvnd0:amd64 (1.7.0-1build1) ...
#9 78.26 Selecting previously unselected package libdrm-amdgpu1:amd64.
#9 78.26 Preparing to unpack .../415-libdrm-amdgpu1_2.4.125-1ubuntu0.1~24.04.1_amd64.deb ...
#9 78.29 Unpacking libdrm-amdgpu1:amd64 (2.4.125-1ubuntu0.1~24.04.1) ...
#9 78.46 Selecting previously unselected package libllvm20:amd64.
#9 78.46 Preparing to unpack .../416-libllvm20_1%3a20.1.2-0ubuntu1~24.04.2_amd64.deb ...
#9 78.49 Unpacking libllvm20:amd64 (1:20.1.2-0ubuntu1~24.04.2) ...
#9 ...

#10 [runtime 2/8] RUN apt-get update && apt-get install -y --no-install-recommends     libarchive13 libavif16 libcairo2 libcolord2 libcolord-gtk1     libcurl3-gnutls libexiv2-27 libglib2.0-0 libgmic1     libgphoto2-6 libgraphicsmagick-q16-3 libgtk-3-0 libheif1     libjpeg8 libjson-glib-1.0-0 liblcms2-2 liblensfun1     liblua5.4-0 libopenexr-3-1-30 libopenjp2-7     libosmgpsmap-1.0-1 libpng16-16 libportmidi0 libpotrace0     libpugixml1v5 libraw23 librsvg2-2 libsqlite3-0 libtiff6     libwebp7 libx11-6 libxml2 zlib1g libsdl2-2.0-0     libsecret-1-0 lua5.4     pocl-opencl-icd     libgdk-pixbuf2.0-bin shared-mime-info     python3-xdg     xkb-data     && rm -rf /var/lib/apt/lists/*     && (/usr/lib/x86_64-linux-gnu/gdk-pixbuf-2.0/gdk-pixbuf-query-loaders --update-cache || true)     && update-mime-database /usr/share/mime
#10 79.90 Selecting previously unselected package pocl-opencl-icd:amd64.
#10 79.91 Preparing to unpack .../149-pocl-opencl-icd_5.0-2.1build3_amd64.deb ...
#10 79.93 Unpacking pocl-opencl-icd:amd64 (5.0-2.1build3) ...
#10 80.11 Setting up liblcms2-2:amd64 (2.14-2ubuntu0.1) ...
#10 80.19 Setting up libtbbmalloc2:amd64 (2021.11.0-2ubuntu2) ...
#10 80.26 Setting up mysql-common (5.8+1.1.0build1) ...
#10 80.42 update-alternatives: using /etc/mysql/my.cnf.fallback to provide /etc/mysql/my.cnf (my.cnf) in auto mode
#10 80.49 Setting up libmysqlclient21:amd64 (8.0.45-0ubuntu0.24.04.1) ...
#10 80.57 Setting up lua5.4 (5.4.6-3build2) ...
#10 80.62 update-alternatives: using /usr/bin/lua5.4 to provide /usr/bin/lua (lua-interpreter) in auto mode
#10 80.62 update-alternatives: warning: skip creation of /usr/share/man/man1/lua.1.gz because associated file /usr/share/man/man1/lua5.4.1.gz (of link group lua-interpreter) doesn't exist
#10 80.64 update-alternatives: using /usr/bin/luac5.4 to provide /usr/bin/luac (lua-compiler) in auto mode
#10 80.64 update-alternatives: warning: skip creation of /usr/share/man/man1/luac.1.gz because associated file /usr/share/man/man1/luac5.4.1.gz (of link group lua-compiler) doesn't exist
#10 80.68 Setting up proj-data (9.4.0-1build2) ...
#10 80.75 Setting up hicolor-icon-theme (0.17-2) ...
#10 80.87 Setting up libwmflite-0.2-7:amd64 (0.2.13-1.1build3) ...
#10 80.93 Setting up libcurl4t64:amd64 (8.5.0-2ubuntu10.9) ...
#10 81.00 Setting up libogdi4.1:amd64 (4.1.1+ds-3build1) ...
#10 81.08 Setting up libcharls2:amd64 (2.4.2-2build2) ...
#10 81.15 Setting up libgeos3.12.1t64:amd64 (3.12.1-3build1) ...
#10 81.20 Setting up libgeos-c1t64:amd64 (3.12.1-3build1) ...
#10 81.25 Setting up libsqlite3-0:amd64 (3.45.1-1ubuntu2.5) ...
#10 81.30 Setting up libgdk-pixbuf2.0-common (2.42.10+dfsg-3ubuntu3.3) ...
#10 81.37 Setting up binutils-common:amd64 (2.42-4ubuntu2.10) ...
#10 81.43 Setting up libpq5:amd64 (16.14-0ubuntu0.24.04.1) ...
#10 81.51 Setting up libcurl3t64-gnutls:amd64 (8.5.0-2ubuntu10.9) ...
#10 81.59 Setting up linux-libc-dev:amd64 (6.8.0-124.124) ...
#10 81.66 Setting up libctf-nobfd0:amd64 (2.42-4ubuntu2.10) ...
#10 81.75 Setting up libqhull-r8.0:amd64 (2020.2-6build1) ...
#10 81.84 Setting up liblensfun-data-v1 (0.3.4-1build2) ...
#10 81.91 Setting up libsuperlu6:amd64 (6.0.1+dfsg1-1build1) ...
#10 81.99 Setting up libxerces-c3.2t64:amd64 (3.2.4+debian-1.2ubuntu2) ...
#10 82.07 Setting up libgomp1:amd64 (14.2.0-4ubuntu2~24.04.1) ...
#10 82.13 Setting up python3-xdg (0.28-2) ...
#10 82.65 Setting up locales (2.39-0ubuntu8.7) ...
#10 83.31 locales-all installed, skipping locales generation
#10 83.38 Setting up locales-all (2.39-0ubuntu8.7) ...
#10 83.46 Setting up libaec0:amd64 (1.1.2-1build1) ...
#10 83.51 Setting up gdal-data (3.8.4+dfsg-3ubuntu3) ...
#10 83.59 Setting up libsframe1:amd64 (2.42-4ubuntu2.10) ...
#10 83.66 Setting up libpugixml1v5:amd64 (1.14-0.1build1) ...
#10 83.75 Setting up libjansson4:amd64 (2.14-2build2) ...
#10 83.82 Setting up libexiv2-27:amd64 (0.27.6-1ubuntu0.3) ...
#10 83.89 Setting up libglib2.0-0t64:amd64 (2.80.0-6ubuntu3.8) ...
#10 84.10 Setting up libglib2.0-data (2.80.0-6ubuntu3.8) ...
#10 84.17 Setting up rpcsvc-proto (1.4.2-0ubuntu7) ...
#10 84.24 Setting up gcc-13-base:amd64 (13.3.0-6ubuntu2~24.04.1) ...
#10 84.32 Setting up libcfitsio10t64:amd64 (4.3.1-1.1build2) ...
#10 84.38 Setting up libatspi2.0-0t64:amd64 (2.52.0-1build1) ...
#10 84.46 Setting up libpocl2-common (5.0-2.1build3) ...
#10 84.54 Setting up libquadmath0:amd64 (14.2.0-4ubuntu2~24.04.1) ...
#10 84.60 Setting up libportmidi0:amd64 (1:217-6.1build3) ...
#10 84.67 Setting up libpng16-16t64:amd64 (1.6.43-5ubuntu0.6) ...
#10 84.74 Setting up libhwloc15:amd64 (2.10.0-1build1) ...
#10 84.81 Setting up libimath-3-1-29t64:amd64 (3.1.9-3.1ubuntu2) ...
#10 84.88 Setting up libatomic1:amd64 (14.2.0-4ubuntu2~24.04.1) ...
#10 84.96 Setting up unixodbc-common (2.3.12-1ubuntu0.24.04.1) ...
#10 85.05 Setting up libsocket++1:amd64 (1.12.13+git20131030.5d039ba-1build1) ...
#10 85.12 Setting up gir1.2-glib-2.0:amd64 (2.80.0-6ubuntu3.8) ...
#10 85.18 Setting up libgc1:amd64 (1:8.2.6-1build1) ...
#10 85.26 Setting up libgfortran5:amd64 (14.2.0-4ubuntu2~24.04.1) ...
#10 85.33 Setting up libraw23t64:amd64 (0.21.2-2.1ubuntu0.24.04.1) ...
#10 85.38 Setting up libhdf4-0-alt:amd64 (4.2.16-4build1) ...
#10 85.44 Setting up libsoup2.4-common (2.74.3-6ubuntu1.6) ...
#10 85.52 Setting up libubsan1:amd64 (14.2.0-4ubuntu2~24.04.1) ...
#10 85.60 Setting up libodbc2:amd64 (2.3.12-1ubuntu0.24.04.1) ...
#10 85.67 Setting up liburiparser1:amd64 (0.9.7+dfsg-2build1) ...
#10 85.74 Setting up libfyba0t64:amd64 (4.1.1-11build1) ...
#10 85.81 Setting up librttopo1:amd64 (1.1.0-3build2) ...
#10 85.88 Setting up libminizip1t64:amd64 (1:1.3.dfsg-3.1ubuntu2.1) ...
#10 85.98 Setting up libhwasan0:amd64 (14.2.0-4ubuntu2~24.04.1) ...
#10 86.04 Setting up at-spi2-common (2.52.0-1build1) ...
#10 86.13 Setting up libcrypt-dev:amd64 (1:4.4.36-4build1) ...
#10 86.20 Setting up libtiff6:amd64 (4.5.1+git230720-4ubuntu2.5) ...
#10 86.27 Setting up libasan8:amd64 (14.2.0-4ubuntu2~24.04.1) ...
#10 86.35 Setting up libblosc1:amd64 (1.21.5+ds-1build1) ...
#10 86.41 Setting up liblua5.4-0:amd64 (5.4.6-3build2) ...
#10 86.49 Setting up libopenjp2-7:amd64 (2.5.0-2ubuntu0.5) ...
#10 86.55 Setting up libgdk-pixbuf-2.0-0:amd64 (2.42.10+dfsg-3ubuntu3.3) ...
#10 86.63 Setting up libgphoto2-port12t64:amd64 (2.5.31-2.1ubuntu1) ...
#10 86.70 Setting up libabsl20220623t64:amd64 (20220623.1-3.1ubuntu3.2) ...
#10 86.77 Setting up curl (8.5.0-2ubuntu10.9) ...
#10 86.85 Setting up libtsan2:amd64 (14.2.0-4ubuntu2~24.04.1) ...
#10 86.93 Setting up libbinutils:amd64 (2.42-4ubuntu2.10) ...
#10 87.01 Setting up libc-dev-bin (2.39-0ubuntu8.7) ...
#10 87.07 Setting up libkmlbase1t64:amd64 (1.3.0-12build1) ...
#10 87.15 Setting up libyuv0:amd64 (0.0~git202401110.af6ac82-1) ...
#10 87.22 Setting up libxml2:amd64 (2.9.14+dfsg-1.3ubuntu3.7) ...
#10 87.27 Setting up libsecret-common (0.21.4-1build3) ...
#10 87.35 Setting up liblsan0:amd64 (14.2.0-4ubuntu2~24.04.1) ...
#10 87.42 Setting up libgtk-3-common (3.24.41-4ubuntu1.3) ...
#10 87.58 Setting up libsz2:amd64 (1.1.2-1build1) ...
#10 87.66 Setting up libitm1:amd64 (14.2.0-4ubuntu2~24.04.1) ...
#10 87.74 Setting up gdal-plugins:amd64 (3.8.4+dfsg-3ubuntu3) ...
#10 87.83 Setting up libpotrace0:amd64 (1.16-2build1) ...
#10 87.89 Setting up libctf0:amd64 (2.42-4ubuntu2.10) ...
#10 87.97 Setting up libgdcm3.0t64:amd64 (3.0.22-2.1ubuntu1) ...
#10 88.04 Setting up gtk-update-icon-cache (3.24.41-4ubuntu1.3) ...
#10 88.12 Setting up libodbcinst2:amd64 (2.3.12-1ubuntu0.24.04.1) ...
#10 88.19 Setting up libarpack2t64:amd64 (3.9.1-1.1build2) ...
#10 88.27 Setting up libatk1.0-0t64:amd64 (2.52.0-1build1) ...
#10 88.36 Setting up libproj25:amd64 (9.4.0-1build2) ...
#10 88.42 Setting up cpp-13-x86-64-linux-gnu (13.3.0-6ubuntu2~24.04.1) ...
#10 88.50 Setting up libglib2.0-bin (2.80.0-6ubuntu3.8) ...
#10 88.58 Setting up libobjc4:amd64 (14.2.0-4ubuntu2~24.04.1) ...
#10 88.66 Setting up libcolord2:amd64 (1.4.7-1build2) ...
#10 ...

#9 [builder 2/6] RUN apt-get update && apt-get install -y --no-install-recommends     build-essential cmake ninja-build git intltool gettext     appstream-util desktop-file-utils     libarchive-dev libatk1.0-dev libavif-dev libcairo2-dev     libcolord-dev libcolord-gtk-dev libcups2-dev libcurl4-gnutls-dev     libexiv2-dev libgdk-pixbuf-2.0-dev libglib2.0-dev libgmic-dev     libgphoto2-dev libgraphicsmagick1-dev libgtk-3-dev libheif-dev     libjpeg-dev libjson-glib-dev liblcms2-dev liblensfun-dev     liblua5.4-dev libopenexr-dev libopenjp2-7-dev     libosmgpsmap-1.0-dev libpango1.0-dev libpng-dev libportmidi-dev     libpotrace-dev libpugixml-dev libraw-dev librsvg2-dev     libsqlite3-dev libtiff5-dev libwebp-dev libx11-dev     libxml2-dev libxml2-utils zlib1g-dev libsdl2-dev     libsecret-1-dev po4a python3-jsonschema xsltproc perl     opencl-headers ocl-icd-opencl-dev     curl     && rm -rf /var/lib/apt/lists/*
#9 79.98 Selecting previously unselected package libxcb-present0:amd64.
#9 79.99 Preparing to unpack .../417-libxcb-present0_1.15-1ubuntu2_amd64.deb ...
#9 80.01 Unpacking libxcb-present0:amd64 (1.15-1ubuntu2) ...
#9 80.22 Selecting previously unselected package libxcb-randr0:amd64.
#9 80.23 Preparing to unpack .../418-libxcb-randr0_1.15-1ubuntu2_amd64.deb ...
#9 80.29 Unpacking libxcb-randr0:amd64 (1.15-1ubuntu2) ...
#9 80.49 Selecting previously unselected package libxcb-sync1:amd64.
#9 80.49 Preparing to unpack .../419-libxcb-sync1_1.15-1ubuntu2_amd64.deb ...
#9 80.52 Unpacking libxcb-sync1:amd64 (1.15-1ubuntu2) ...
#9 80.71 Selecting previously unselected package libxcb-xfixes0:amd64.
#9 80.71 Preparing to unpack .../420-libxcb-xfixes0_1.15-1ubuntu2_amd64.deb ...
#9 80.74 Unpacking libxcb-xfixes0:amd64 (1.15-1ubuntu2) ...
#9 80.91 Selecting previously unselected package libxshmfence1:amd64.
#9 80.91 Preparing to unpack .../421-libxshmfence1_1.3-1build5_amd64.deb ...
#9 80.92 Unpacking libxshmfence1:amd64 (1.3-1build5) ...
#9 81.11 Selecting previously unselected package mesa-libgallium:amd64.
#9 81.11 Preparing to unpack .../422-mesa-libgallium_25.2.8-0ubuntu0.24.04.1_amd64.deb ...
#9 81.14 Unpacking mesa-libgallium:amd64 (25.2.8-0ubuntu0.24.04.1) ...
#9 81.60 Selecting previously unselected package libgbm1:amd64.
#9 81.61 Preparing to unpack .../423-libgbm1_25.2.8-0ubuntu0.24.04.1_amd64.deb ...
#9 81.63 Unpacking libgbm1:amd64 (25.2.8-0ubuntu0.24.04.1) ...
#9 81.84 Selecting previously unselected package libegl-mesa0:amd64.
#9 81.84 Preparing to unpack .../424-libegl-mesa0_25.2.8-0ubuntu0.24.04.1_amd64.deb ...
#9 81.86 Unpacking libegl-mesa0:amd64 (25.2.8-0ubuntu0.24.04.1) ...
#9 82.05 Selecting previously unselected package libegl1:amd64.
#9 82.06 Preparing to unpack .../425-libegl1_1.7.0-1build1_amd64.deb ...
#9 82.08 Unpacking libegl1:amd64 (1.7.0-1build1) ...
#9 82.23 Selecting previously unselected package libxcb-glx0:amd64.
#9 82.23 Preparing to unpack .../426-libxcb-glx0_1.15-1ubuntu2_amd64.deb ...
#9 82.25 Unpacking libxcb-glx0:amd64 (1.15-1ubuntu2) ...
#9 82.36 Selecting previously unselected package libxxf86vm1:amd64.
#9 82.36 Preparing to unpack .../427-libxxf86vm1_1%3a1.1.4-1build4_amd64.deb ...
#9 82.38 Unpacking libxxf86vm1:amd64 (1:1.1.4-1build4) ...
#9 82.48 Selecting previously unselected package libvulkan1:amd64.
#9 82.48 Preparing to unpack .../428-libvulkan1_1.3.275.0-1build1_amd64.deb ...
#9 82.50 Unpacking libvulkan1:amd64 (1.3.275.0-1build1) ...
#9 82.61 Selecting previously unselected package libgl1-mesa-dri:amd64.
#9 82.61 Preparing to unpack .../429-libgl1-mesa-dri_25.2.8-0ubuntu0.24.04.1_amd64.deb ...
#9 82.63 Unpacking libgl1-mesa-dri:amd64 (25.2.8-0ubuntu0.24.04.1) ...
#9 82.78 Selecting previously unselected package libglx-mesa0:amd64.
#9 82.79 Preparing to unpack .../430-libglx-mesa0_25.2.8-0ubuntu0.24.04.1_amd64.deb ...
#9 82.80 Unpacking libglx-mesa0:amd64 (25.2.8-0ubuntu0.24.04.1) ...
#9 82.90 Selecting previously unselected package libglx0:amd64.
#9 82.90 Preparing to unpack .../431-libglx0_1.7.0-1build1_amd64.deb ...
#9 82.92 Unpacking libglx0:amd64 (1.7.0-1build1) ...
#9 83.00 Selecting previously unselected package libgl1:amd64.
#9 83.00 Preparing to unpack .../432-libgl1_1.7.0-1build1_amd64.deb ...
#9 83.02 Unpacking libgl1:amd64 (1.7.0-1build1) ...
#9 83.09 Selecting previously unselected package libglx-dev:amd64.
#9 83.09 Preparing to unpack .../433-libglx-dev_1.7.0-1build1_amd64.deb ...
#9 83.11 Unpacking libglx-dev:amd64 (1.7.0-1build1) ...
#9 83.18 Selecting previously unselected package libgl-dev:amd64.
#9 83.18 Preparing to unpack .../434-libgl-dev_1.7.0-1build1_amd64.deb ...
#9 83.20 Unpacking libgl-dev:amd64 (1.7.0-1build1) ...
#9 83.28 Selecting previously unselected package libegl-dev:amd64.
#9 83.28 Preparing to unpack .../435-libegl-dev_1.7.0-1build1_amd64.deb ...
#9 83.31 Unpacking libegl-dev:amd64 (1.7.0-1build1) ...
#9 83.46 Selecting previously unselected package libglvnd-core-dev:amd64.
#9 83.46 Preparing to unpack .../436-libglvnd-core-dev_1.7.0-1build1_amd64.deb ...
#9 83.48 Unpacking libglvnd-core-dev:amd64 (1.7.0-1build1) ...
#9 83.65 Selecting previously unselected package libgles1:amd64.
#9 83.66 Preparing to unpack .../437-libgles1_1.7.0-1build1_amd64.deb ...
#9 83.68 Unpacking libgles1:amd64 (1.7.0-1build1) ...
#9 83.86 Selecting previously unselected package libgles2:amd64.
#9 83.86 Preparing to unpack .../438-libgles2_1.7.0-1build1_amd64.deb ...
#9 83.89 Unpacking libgles2:amd64 (1.7.0-1build1) ...
#9 83.99 Selecting previously unselected package libgles-dev:amd64.
#9 83.99 Preparing to unpack .../439-libgles-dev_1.7.0-1build1_amd64.deb ...
#9 84.01 Unpacking libgles-dev:amd64 (1.7.0-1build1) ...
#9 84.19 Selecting previously unselected package libopengl0:amd64.
#9 84.20 Preparing to unpack .../440-libopengl0_1.7.0-1build1_amd64.deb ...
#9 84.22 Unpacking libopengl0:amd64 (1.7.0-1build1) ...
#9 84.35 Selecting previously unselected package libopengl-dev:amd64.
#9 84.36 Preparing to unpack .../441-libopengl-dev_1.7.0-1build1_amd64.deb ...
#9 84.38 Unpacking libopengl-dev:amd64 (1.7.0-1build1) ...
#9 84.53 Selecting previously unselected package libglvnd-dev:amd64.
#9 84.53 Preparing to unpack .../442-libglvnd-dev_1.7.0-1build1_amd64.deb ...
#9 84.55 Unpacking libglvnd-dev:amd64 (1.7.0-1build1) ...
#9 84.68 Selecting previously unselected package libegl1-mesa-dev:amd64.
#9 84.68 Preparing to unpack .../443-libegl1-mesa-dev_25.2.8-0ubuntu0.24.04.1_amd64.deb ...
#9 84.70 Unpacking libegl1-mesa-dev:amd64 (25.2.8-0ubuntu0.24.04.1) ...
#9 84.84 Selecting previously unselected package libepoxy-dev:amd64.
#9 84.84 Preparing to unpack .../444-libepoxy-dev_1.5.10-1build1_amd64.deb ...
#9 84.86 Unpacking libepoxy-dev:amd64 (1.5.10-1build1) ...
#9 85.00 Selecting previously unselected package libfribidi-dev:amd64.
#9 85.00 Preparing to unpack .../445-libfribidi-dev_1.0.13-3build1_amd64.deb ...
#9 85.02 Unpacking libfribidi-dev:amd64 (1.0.13-3build1) ...
#9 85.16 Selecting previously unselected package libgdk-pixbuf2.0-bin.
#9 85.17 Preparing to unpack .../446-libgdk-pixbuf2.0-bin_2.42.10+dfsg-3ubuntu3.3_amd64.deb ...
#9 85.18 Unpacking libgdk-pixbuf2.0-bin (2.42.10+dfsg-3ubuntu3.3) ...
#9 85.32 Selecting previously unselected package libjpeg-turbo8-dev:amd64.
#9 85.33 Preparing to unpack .../447-libjpeg-turbo8-dev_2.1.5-2ubuntu2_amd64.deb ...
#9 85.34 Unpacking libjpeg-turbo8-dev:amd64 (2.1.5-2ubuntu2) ...
#9 85.48 Selecting previously unselected package libjpeg8-dev:amd64.
#9 85.48 Preparing to unpack .../448-libjpeg8-dev_8c-2ubuntu11_amd64.deb ...
#9 85.51 Unpacking libjpeg8-dev:amd64 (8c-2ubuntu11) ...
#9 85.64 Selecting previously unselected package libjpeg-dev:amd64.
#9 85.64 Preparing to unpack .../449-libjpeg-dev_8c-2ubuntu11_amd64.deb ...
#9 85.67 Unpacking libjpeg-dev:amd64 (8c-2ubuntu11) ...
#9 85.80 Selecting previously unselected package libjbig-dev:amd64.
#9 85.80 Preparing to unpack .../450-libjbig-dev_2.1-6.1ubuntu2_amd64.deb ...
#9 85.83 Unpacking libjbig-dev:amd64 (2.1-6.1ubuntu2) ...
#9 86.01 Selecting previously unselected package libwebpdemux2:amd64.
#9 86.02 Preparing to unpack .../451-libwebpdemux2_1.3.2-0.4build3_amd64.deb ...
#9 86.04 Unpacking libwebpdemux2:amd64 (1.3.2-0.4build3) ...
#9 86.21 Selecting previously unselected package libwebpdecoder3:amd64.
#9 86.21 Preparing to unpack .../452-libwebpdecoder3_1.3.2-0.4build3_amd64.deb ...
#9 86.23 Unpacking libwebpdecoder3:amd64 (1.3.2-0.4build3) ...
#9 86.35 Selecting previously unselected package libsharpyuv-dev:amd64.
#9 86.36 Preparing to unpack .../453-libsharpyuv-dev_1.3.2-0.4build3_amd64.deb ...
#9 86.39 Unpacking libsharpyuv-dev:amd64 (1.3.2-0.4build3) ...
#9 86.52 Selecting previously unselected package libwebp-dev:amd64.
#9 86.53 Preparing to unpack .../454-libwebp-dev_1.3.2-0.4build3_amd64.deb ...
#9 86.56 Unpacking libwebp-dev:amd64 (1.3.2-0.4build3) ...
#9 86.74 Selecting previously unselected package libtiffxx6:amd64.
#9 86.74 Preparing to unpack .../455-libtiffxx6_4.5.1+git230720-4ubuntu2.5_amd64.deb ...
#9 86.76 Unpacking libtiffxx6:amd64 (4.5.1+git230720-4ubuntu2.5) ...
#9 86.89 Selecting previously unselected package libdeflate-dev:amd64.
#9 86.90 Preparing to unpack .../456-libdeflate-dev_1.19-1build1.1_amd64.deb ...
#9 86.92 Unpacking libdeflate-dev:amd64 (1.19-1build1.1) ...
#9 87.05 Selecting previously unselected package liblerc-dev:amd64.
#9 87.06 Preparing to unpack .../457-liblerc-dev_4.0.0+ds-4ubuntu2_amd64.deb ...
#9 87.07 Unpacking liblerc-dev:amd64 (4.0.0+ds-4ubuntu2) ...
#9 87.22 Selecting previously unselected package libtiff-dev:amd64.
#9 87.22 Preparing to unpack .../458-libtiff-dev_4.5.1+git230720-4ubuntu2.5_amd64.deb ...
#9 87.25 Unpacking libtiff-dev:amd64 (4.5.1+git230720-4ubuntu2.5) ...
#9 87.40 Selecting previously unselected package libgdk-pixbuf-2.0-dev:amd64.
#9 87.40 Preparing to unpack .../459-libgdk-pixbuf-2.0-dev_2.42.10+dfsg-3ubuntu3.3_amd64.deb ...
#9 87.42 Unpacking libgdk-pixbuf-2.0-dev:amd64 (2.42.10+dfsg-3ubuntu3.3) ...
#9 87.61 Selecting previously unselected package libharfbuzz-icu0:amd64.
#9 87.61 Preparing to unpack .../460-libharfbuzz-icu0_8.3.0-2build2_amd64.deb ...
#9 87.64 Unpacking libharfbuzz-icu0:amd64 (8.3.0-2build2) ...
#9 87.82 Selecting previously unselected package libharfbuzz-subset0:amd64.
#9 87.83 Preparing to unpack .../461-libharfbuzz-subset0_8.3.0-2build2_amd64.deb ...
#9 87.85 Unpacking libharfbuzz-subset0:amd64 (8.3.0-2build2) ...
#9 88.03 Selecting previously unselected package libharfbuzz-cairo0:amd64.
#9 88.03 Preparing to unpack .../462-libharfbuzz-cairo0_8.3.0-2build2_amd64.deb ...
#9 88.05 Unpacking libharfbuzz-cairo0:amd64 (8.3.0-2build2) ...
#9 88.18 Selecting previously unselected package libgraphite2-dev:amd64.
#9 88.19 Preparing to unpack .../463-libgraphite2-dev_1.3.14-2build1_amd64.deb ...
#9 88.21 Unpacking libgraphite2-dev:amd64 (1.3.14-2build1) ...
#9 88.37 Selecting previously unselected package libharfbuzz-dev:amd64.
#9 88.37 Preparing to unpack .../464-libharfbuzz-dev_8.3.0-2build2_amd64.deb ...
#9 88.39 Unpacking libharfbuzz-dev:amd64 (8.3.0-2build2) ...
#9 88.55 Selecting previously unselected package libdatrie-dev:amd64.
#9 88.55 Preparing to unpack .../465-libdatrie-dev_0.2.13-3build1_amd64.deb ...
#9 88.57 Unpacking libdatrie-dev:amd64 (0.2.13-3build1) ...
#9 88.70 Selecting previously unselected package libthai-dev:amd64.
#9 88.70 Preparing to unpack .../466-libthai-dev_0.1.29-2build1_amd64.deb ...
#9 88.72 Unpacking libthai-dev:amd64 (0.1.29-2build1) ...
#9 ...

#10 [runtime 2/8] RUN apt-get update && apt-get install -y --no-install-recommends     libarchive13 libavif16 libcairo2 libcolord2 libcolord-gtk1     libcurl3-gnutls libexiv2-27 libglib2.0-0 libgmic1     libgphoto2-6 libgraphicsmagick-q16-3 libgtk-3-0 libheif1     libjpeg8 libjson-glib-1.0-0 liblcms2-2 liblensfun1     liblua5.4-0 libopenexr-3-1-30 libopenjp2-7     libosmgpsmap-1.0-1 libpng16-16 libportmidi0 libpotrace0     libpugixml1v5 libraw23 librsvg2-2 libsqlite3-0 libtiff6     libwebp7 libx11-6 libxml2 zlib1g libsdl2-2.0-0     libsecret-1-0 lua5.4     pocl-opencl-icd     libgdk-pixbuf2.0-bin shared-mime-info     python3-xdg     xkb-data     && rm -rf /var/lib/apt/lists/*     && (/usr/lib/x86_64-linux-gnu/gdk-pixbuf-2.0/gdk-pixbuf-query-loaders --update-cache || true)     && update-mime-database /usr/share/mime
#10 88.72 Setting up libgeotiff5:amd64 (1.7.1-5build1) ...
#10 88.79 Setting up libtbbbind-2-5:amd64 (2021.11.0-2ubuntu2) ...
#10 88.86 Setting up libllvm16t64:amd64 (1:16.0.6-23ubuntu4) ...
#10 88.93 Setting up libkmldom1t64:amd64 (1.3.0-12build1) ...
#10 89.00 Setting up liblensfun1:amd64 (0.3.4-1build2) ...
#10 89.06 Setting up libsecret-1-0:amd64 (0.21.4-1build3) ...
#10 89.13 Setting up libgprofng0:amd64 (2.42-4ubuntu2.10) ...
#10 89.20 Setting up libopenexr-3-1-30:amd64 (3.1.5-5.1build3) ...
#10 89.27 Setting up libgav1-1:amd64 (0.18.0-1build3) ...
#10 89.34 Setting up libfreexl1:amd64 (2.0.0-1build2) ...
#10 89.41 Setting up libgcc-13-dev:amd64 (13.3.0-6ubuntu2~24.04.1) ...
#10 89.48 Setting up libgdk-pixbuf2.0-bin (2.42.10+dfsg-3ubuntu3.3) ...
#10 89.57 Setting up libc6-dev:amd64 (2.39-0ubuntu8.7) ...
#10 89.66 Setting up libsoup-2.4-1:amd64 (2.74.3-6ubuntu1.6) ...
#10 89.73 Setting up libhdf5-103-1t64:amd64 (1.10.10+repack-3.1ubuntu4) ...
#10 89.78 Setting up libarchive13t64:amd64 (3.7.2-2ubuntu0.7) ...
#10 89.85 Setting up libarmadillo12 (1:12.6.7+dfsg-1build2) ...
#10 89.92 Setting up libobjc-13-dev:amd64 (13.3.0-6ubuntu2~24.04.1) ...
#10 89.99 Setting up libstdc++-13-dev:amd64 (13.3.0-6ubuntu2~24.04.1) ...
#10 90.06 Setting up binutils-x86-64-linux-gnu (2.42-4ubuntu2.10) ...
#10 90.13 Setting up libspatialite8t64:amd64 (5.1.0-3build1) ...
#10 90.19 Setting up libatk-bridge2.0-0t64:amd64 (2.52.0-1build1) ...
#10 90.27 Setting up libhdf5-hl-100t64:amd64 (1.10.10+repack-3.1ubuntu4) ...
#10 90.34 Setting up libavif16:amd64 (1.0.4-1ubuntu3) ...
#10 90.40 Setting up libnetcdf19t64:amd64 (1:4.9.2-5ubuntu4) ...
#10 90.48 Setting up cpp-13 (13.3.0-6ubuntu2~24.04.1) ...
#10 90.53 Setting up libclang-common-16-dev (1:16.0.6-23ubuntu4) ...
#10 90.60 Setting up libtbb12:amd64 (2021.11.0-2ubuntu2) ...
#10 90.67 Setting up binutils (2.42-4ubuntu2.10) ...
#10 90.75 Setting up libkmlengine1t64:amd64 (1.3.0-12build1) ...
#10 90.82 Setting up libclang1-16t64 (1:16.0.6-23ubuntu4) ...
#10 90.89 Setting up libclang-cpp16t64 (1:16.0.6-23ubuntu4) ...
#10 90.96 Setting up llvm-16-linker-tools (1:16.0.6-23ubuntu4) ...
#10 91.05 Setting up libopencv-core406t64:amd64 (4.6.0+dfsg-13.1ubuntu1) ...
#10 91.83 Setting up clang-16 (1:16.0.6-23ubuntu4) ...
#10 92.04 Setting up libopencv-imgproc406t64:amd64 (4.6.0+dfsg-13.1ubuntu1) ...
#10 92.13 Setting up libpocl2t64:amd64 (5.0-2.1build3) ...
#10 92.21 Setting up pocl-opencl-icd:amd64 (5.0-2.1build3) ...
#10 92.31 Setting up libheif-plugin-aomdec:amd64 (1.17.6-1ubuntu4.3) ...
#10 92.38 Setting up libheif1:amd64 (1.17.6-1ubuntu4.3) ...
#10 92.45 Setting up libgdal34t64:amd64 (3.8.4+dfsg-3ubuntu3) ...
#10 92.53 Setting up adwaita-icon-theme (46.0-1) ...
#10 92.61 update-alternatives: using /usr/share/icons/Adwaita/cursor.theme to provide /usr/share/icons/default/index.theme (x-cursor-theme) in auto mode
#10 92.64 Setting up libgtk-3-0t64:amd64 (3.24.41-4ubuntu1.3) ...
#10 92.77 Setting up libgd3:amd64 (2.3.3-9ubuntu5) ...
#10 92.81 Setting up libcolord-gtk1t64:amd64 (0.3.1-1build2) ...
#10 92.89 Setting up libheif-plugin-libde265:amd64 (1.17.6-1ubuntu4.3) ...
#10 92.95 Setting up libopencv-imgcodecs406t64:amd64 (4.6.0+dfsg-13.1ubuntu1) ...
#10 93.02 Setting up libgraphicsmagick-q16-3t64 (1.4+really1.3.42-1.1build3) ...
#10 93.09 Setting up libgraphicsmagick++-q16-12t64 (1.4+really1.3.42-1.1build3) ...
#10 93.16 Setting up humanity-icon-theme (0.6.16) ...
#10 93.45 Setting up libgphoto2-6t64:amd64 (2.5.31-2.1ubuntu1) ...
#10 93.51 No diversion 'diversion of /lib/udev/hwdb.d/20-libgphoto2-6.hwdb to /lib/udev/hwdb.d/20-libgphoto2-6.hwdb.usr-is-merged by usr-is-merged', none removed.
#10 93.53 No diversion 'diversion of /lib/udev/rules.d/60-libgphoto2-6.rules to /lib/udev/rules.d/60-libgphoto2-6.rules.usr-is-merged by usr-is-merged', none removed.
#10 93.55 Setting up libosmgpsmap-1.0-1:amd64 (1.2.0-2build2) ...
#10 93.62 Setting up libopencv-videoio406t64:amd64 (4.6.0+dfsg-13.1ubuntu1) ...
#10 93.73 Setting up libgmic1:amd64 (2.9.4-4build11) ...
#10 93.80 Setting up ubuntu-mono (24.04-0ubuntu1) ...
#10 93.97 Processing triggers for man-db (2.12.0-4build2) ...
#10 94.74 Processing triggers for udev (255.4-1ubuntu8.8) ...
#10 95.38 Processing triggers for libc-bin (2.39-0ubuntu8.7) ...
#10 ...

#9 [builder 2/6] RUN apt-get update && apt-get install -y --no-install-recommends     build-essential cmake ninja-build git intltool gettext     appstream-util desktop-file-utils     libarchive-dev libatk1.0-dev libavif-dev libcairo2-dev     libcolord-dev libcolord-gtk-dev libcups2-dev libcurl4-gnutls-dev     libexiv2-dev libgdk-pixbuf-2.0-dev libglib2.0-dev libgmic-dev     libgphoto2-dev libgraphicsmagick1-dev libgtk-3-dev libheif-dev     libjpeg-dev libjson-glib-dev liblcms2-dev liblensfun-dev     liblua5.4-dev libopenexr-dev libopenjp2-7-dev     libosmgpsmap-1.0-dev libpango1.0-dev libpng-dev libportmidi-dev     libpotrace-dev libpugixml-dev libraw-dev librsvg2-dev     libsqlite3-dev libtiff5-dev libwebp-dev libx11-dev     libxml2-dev libxml2-utils zlib1g-dev libsdl2-dev     libsecret-1-dev po4a python3-jsonschema xsltproc perl     opencl-headers ocl-icd-opencl-dev     curl     && rm -rf /var/lib/apt/lists/*
#9 88.86 Selecting previously unselected package libxft-dev:amd64.
#9 88.86 Preparing to unpack .../467-libxft-dev_2.3.6-1build1_amd64.deb ...
#9 88.88 Unpacking libxft-dev:amd64 (2.3.6-1build1) ...
#9 89.02 Selecting previously unselected package pango1.0-tools.
#9 89.02 Preparing to unpack .../468-pango1.0-tools_1.52.1+ds-1build1_amd64.deb ...
#9 89.04 Unpacking pango1.0-tools (1.52.1+ds-1build1) ...
#9 89.18 Selecting previously unselected package libpango1.0-dev:amd64.
#9 89.18 Preparing to unpack .../469-libpango1.0-dev_1.52.1+ds-1build1_amd64.deb ...
#9 89.21 Unpacking libpango1.0-dev:amd64 (1.52.1+ds-1build1) ...
#9 89.38 Selecting previously unselected package libwayland-server0:amd64.
#9 89.39 Preparing to unpack .../470-libwayland-server0_1.22.0-2.1build1_amd64.deb ...
#9 89.41 Unpacking libwayland-server0:amd64 (1.22.0-2.1build1) ...
#9 89.56 Selecting previously unselected package libwayland-bin.
#9 89.56 Preparing to unpack .../471-libwayland-bin_1.22.0-2.1build1_amd64.deb ...
#9 89.60 Unpacking libwayland-bin (1.22.0-2.1build1) ...
#9 89.74 Selecting previously unselected package libwayland-dev:amd64.
#9 89.74 Preparing to unpack .../472-libwayland-dev_1.22.0-2.1build1_amd64.deb ...
#9 89.76 Unpacking libwayland-dev:amd64 (1.22.0-2.1build1) ...
#9 89.91 Selecting previously unselected package libxcomposite-dev:amd64.
#9 89.91 Preparing to unpack .../473-libxcomposite-dev_1%3a0.4.5-1build3_amd64.deb ...
#9 89.93 Unpacking libxcomposite-dev:amd64 (1:0.4.5-1build3) ...
#9 90.05 Selecting previously unselected package libxcursor-dev:amd64.
#9 90.06 Preparing to unpack .../474-libxcursor-dev_1%3a1.2.1-1build1_amd64.deb ...
#9 90.07 Unpacking libxcursor-dev:amd64 (1:1.2.1-1build1) ...
#9 90.22 Selecting previously unselected package libxdamage-dev:amd64.
#9 90.22 Preparing to unpack .../475-libxdamage-dev_1%3a1.1.6-1build1_amd64.deb ...
#9 90.24 Unpacking libxdamage-dev:amd64 (1:1.1.6-1build1) ...
#9 90.36 Selecting previously unselected package libxinerama-dev:amd64.
#9 90.37 Preparing to unpack .../476-libxinerama-dev_2%3a1.1.4-3build1_amd64.deb ...
#9 90.39 Unpacking libxinerama-dev:amd64 (2:1.1.4-3build1) ...
#9 90.52 Selecting previously unselected package libxkbcommon-dev:amd64.
#9 90.52 Preparing to unpack .../477-libxkbcommon-dev_1.6.0-1build1_amd64.deb ...
#9 90.55 Unpacking libxkbcommon-dev:amd64 (1.6.0-1build1) ...
#9 90.69 Selecting previously unselected package libxrandr-dev:amd64.
#9 90.70 Preparing to unpack .../478-libxrandr-dev_2%3a1.5.2-2build1_amd64.deb ...
#9 90.72 Unpacking libxrandr-dev:amd64 (2:1.5.2-2build1) ...
#9 90.85 Selecting previously unselected package wayland-protocols.
#9 90.86 Preparing to unpack .../479-wayland-protocols_1.45-1~ubuntu0.24.04.1_all.deb ...
#9 90.88 Unpacking wayland-protocols (1.45-1~ubuntu0.24.04.1) ...
#9 91.40 Selecting previously unselected package libgtk-3-dev:amd64.
#9 91.40 Preparing to unpack .../480-libgtk-3-dev_3.24.41-4ubuntu1.3_amd64.deb ...
#9 91.51 Unpacking libgtk-3-dev:amd64 (3.24.41-4ubuntu1.3) ...
#9 92.08 Selecting previously unselected package libcolord-gtk-dev:amd64.
#9 92.09 Preparing to unpack .../481-libcolord-gtk-dev_0.3.1-1build2_amd64.deb ...
#9 92.11 Unpacking libcolord-gtk-dev:amd64 (0.3.1-1build2) ...
#9 92.29 Selecting previously unselected package libcupsimage2t64:amd64.
#9 92.29 Preparing to unpack .../482-libcupsimage2t64_2.4.7-1.2ubuntu7.9_amd64.deb ...
#9 92.31 Unpacking libcupsimage2t64:amd64 (2.4.7-1.2ubuntu7.9) ...
#9 92.45 Selecting previously unselected package libcupsimage2-dev:amd64.
#9 92.45 Preparing to unpack .../483-libcupsimage2-dev_2.4.7-1.2ubuntu7.9_amd64.deb ...
#9 92.48 Unpacking libcupsimage2-dev:amd64 (2.4.7-1.2ubuntu7.9) ...
#9 92.60 Selecting previously unselected package libcups2-dev:amd64.
#9 92.60 Preparing to unpack .../484-libcups2-dev_2.4.7-1.2ubuntu7.9_amd64.deb ...
#9 92.62 Unpacking libcups2-dev:amd64 (2.4.7-1.2ubuntu7.9) ...
#9 92.77 Selecting previously unselected package libcurl4-gnutls-dev:amd64.
#9 92.77 Preparing to unpack .../485-libcurl4-gnutls-dev_8.5.0-2ubuntu10.9_amd64.deb ...
#9 92.79 Unpacking libcurl4-gnutls-dev:amd64 (8.5.0-2ubuntu10.9) ...
#9 92.94 Selecting previously unselected package libdav1d-dev:amd64.
#9 92.94 Preparing to unpack .../486-libdav1d-dev_1.4.1-1build1_amd64.deb ...
#9 92.96 Unpacking libdav1d-dev:amd64 (1.4.1-1build1) ...
#9 93.12 Selecting previously unselected package libraw1394-11:amd64.
#9 93.13 Preparing to unpack .../487-libraw1394-11_2.1.2-2build3_amd64.deb ...
#9 93.15 Unpacking libraw1394-11:amd64 (2.1.2-2build3) ...
#9 93.28 Selecting previously unselected package libdc1394-25:amd64.
#9 93.29 Preparing to unpack .../488-libdc1394-25_2.2.6-4build1_amd64.deb ...
#9 93.31 Unpacking libdc1394-25:amd64 (2.2.6-4build1) ...
#9 93.43 Selecting previously unselected package libde265-0:amd64.
#9 93.43 Preparing to unpack .../489-libde265-0_1.0.15-1build3_amd64.deb ...
#9 93.45 Unpacking libde265-0:amd64 (1.0.15-1build3) ...
#9 93.57 Selecting previously unselected package libde265-dev:amd64.
#9 93.57 Preparing to unpack .../490-libde265-dev_1.0.15-1build3_amd64.deb ...
#9 93.59 Unpacking libde265-dev:amd64 (1.0.15-1build3) ...
#9 93.79 Selecting previously unselected package libdecor-0-0:amd64.
#9 93.80 Preparing to unpack .../491-libdecor-0-0_0.2.2-1build2_amd64.deb ...
#9 93.82 Unpacking libdecor-0-0:amd64 (0.2.2-1build2) ...
#9 93.93 Selecting previously unselected package libdecor-0-dev:amd64.
#9 93.93 Preparing to unpack .../492-libdecor-0-dev_0.2.2-1build2_amd64.deb ...
#9 93.96 Unpacking libdecor-0-dev:amd64 (0.2.2-1build2) ...
#9 94.11 Selecting previously unselected package libdrm-radeon1:amd64.
#9 94.12 Preparing to unpack .../493-libdrm-radeon1_2.4.125-1ubuntu0.1~24.04.1_amd64.deb ...
#9 94.13 Unpacking libdrm-radeon1:amd64 (2.4.125-1ubuntu0.1~24.04.1) ...
#9 94.29 Selecting previously unselected package libdrm-nouveau2:amd64.
#9 94.29 Preparing to unpack .../494-libdrm-nouveau2_2.4.125-1ubuntu0.1~24.04.1_amd64.deb ...
#9 94.31 Unpacking libdrm-nouveau2:amd64 (2.4.125-1ubuntu0.1~24.04.1) ...
#9 94.43 Selecting previously unselected package libpciaccess-dev:amd64.
#9 94.43 Preparing to unpack .../495-libpciaccess-dev_0.17-3ubuntu0.24.04.2_amd64.deb ...
#9 94.46 Unpacking libpciaccess-dev:amd64 (0.17-3ubuntu0.24.04.2) ...
#9 94.59 Selecting previously unselected package libdrm-dev:amd64.
#9 94.60 Preparing to unpack .../496-libdrm-dev_2.4.125-1ubuntu0.1~24.04.1_amd64.deb ...
#9 94.62 Unpacking libdrm-dev:amd64 (2.4.125-1ubuntu0.1~24.04.1) ...
#9 94.78 Selecting previously unselected package libdw1t64:amd64.
#9 94.79 Preparing to unpack .../497-libdw1t64_0.190-1.1ubuntu0.1_amd64.deb ...
#9 94.80 Unpacking libdw1t64:amd64 (0.190-1.1ubuntu0.1) ...
#9 94.90 Selecting previously unselected package libexif12:amd64.
#9 94.90 Preparing to unpack .../498-libexif12_0.6.24-1build2_amd64.deb ...
#9 94.91 Unpacking libexif12:amd64 (0.6.24-1build2) ...
#9 94.99 Selecting previously unselected package libexif-dev:amd64.
#9 95.00 Preparing to unpack .../499-libexif-dev_0.6.24-1build2_amd64.deb ...
#9 95.02 Unpacking libexif-dev:amd64 (0.6.24-1build2) ...
#9 95.14 Selecting previously unselected package libexiv2-27:amd64.
#9 95.14 Preparing to unpack .../500-libexiv2-27_0.27.6-1ubuntu0.3_amd64.deb ...
#9 95.15 Unpacking libexiv2-27:amd64 (0.27.6-1ubuntu0.3) ...
#9 95.34 Selecting previously unselected package libexiv2-dev:amd64.
#9 95.34 Preparing to unpack .../501-libexiv2-dev_0.27.6-1ubuntu0.3_amd64.deb ...
#9 95.36 Unpacking libexiv2-dev:amd64 (0.27.6-1ubuntu0.3) ...
#9 95.59 Selecting previously unselected package libfftw3-double3:amd64.
#9 95.59 Preparing to unpack .../502-libfftw3-double3_3.3.10-1ubuntu3_amd64.deb ...
#9 95.61 Unpacking libfftw3-double3:amd64 (3.3.10-1ubuntu3) ...
#9 95.74 Selecting previously unselected package libflac12t64:amd64.
#9 95.74 Preparing to unpack .../503-libflac12t64_1.4.3+ds-2.1ubuntu2_amd64.deb ...
#9 95.76 Unpacking libflac12t64:amd64 (1.4.3+ds-2.1ubuntu2) ...
#9 95.85 Selecting previously unselected package libfyba0t64:amd64.
#9 95.85 Preparing to unpack .../504-libfyba0t64_4.1.1-11build1_amd64.deb ...
#9 95.87 Unpacking libfyba0t64:amd64 (4.1.1-11build1) ...
#9 95.97 Selecting previously unselected package libgbm-dev:amd64.
#9 95.98 Preparing to unpack .../505-libgbm-dev_25.2.8-0ubuntu0.24.04.1_amd64.deb ...
#9 96.01 Unpacking libgbm-dev:amd64 (25.2.8-0ubuntu0.24.04.1) ...
#9 96.14 Selecting previously unselected package libgpg-error-dev.
#9 96.15 Preparing to unpack .../506-libgpg-error-dev_1.47-3build2.1_amd64.deb ...
#9 96.19 Unpacking libgpg-error-dev (1.47-3build2.1) ...
#9 96.33 Selecting previously unselected package libgcrypt20-dev.
#9 96.34 Preparing to unpack .../507-libgcrypt20-dev_1.10.3-2ubuntu0.1_amd64.deb ...
#9 96.36 Unpacking libgcrypt20-dev (1.10.3-2ubuntu0.1) ...
#9 96.51 Selecting previously unselected package libheif-plugin-aomdec:amd64.
#9 96.52 Preparing to unpack .../508-libheif-plugin-aomdec_1.17.6-1ubuntu4.3_amd64.deb ...
#9 96.54 Unpacking libheif-plugin-aomdec:amd64 (1.17.6-1ubuntu4.3) ...
#9 96.73 Selecting previously unselected package libheif1:amd64.
#9 96.73 Preparing to unpack .../509-libheif1_1.17.6-1ubuntu4.3_amd64.deb ...
#9 96.76 Unpacking libheif1:amd64 (1.17.6-1ubuntu4.3) ...
#9 96.94 Selecting previously unselected package libxpm4:amd64.
#9 96.95 Preparing to unpack .../510-libxpm4_1%3a3.5.17-1build2_amd64.deb ...
#9 96.96 Unpacking libxpm4:amd64 (1:3.5.17-1build2) ...
#9 97.16 Selecting previously unselected package libgd3:amd64.
#9 97.16 Preparing to unpack .../511-libgd3_2.3.3-9ubuntu5_amd64.deb ...
#9 97.19 Unpacking libgd3:amd64 (2.3.3-9ubuntu5) ...
#9 97.39 Selecting previously unselected package libminizip1t64:amd64.
#9 97.39 Preparing to unpack .../512-libminizip1t64_1%3a1.3.dfsg-3.1ubuntu2.1_amd64.deb ...
#9 97.43 Unpacking libminizip1t64:amd64 (1:1.3.dfsg-3.1ubuntu2.1) ...
#9 97.60 Selecting previously unselected package libfreexl1:amd64.
#9 97.61 Preparing to unpack .../513-libfreexl1_2.0.0-1build2_amd64.deb ...
#9 97.63 Unpacking libfreexl1:amd64 (2.0.0-1build2) ...
#9 97.79 Selecting previously unselected package libgeos3.12.1t64:amd64.
#9 97.80 Preparing to unpack .../514-libgeos3.12.1t64_3.12.1-3build1_amd64.deb ...
#9 97.83 Unpacking libgeos3.12.1t64:amd64 (3.12.1-3build1) ...
#9 98.05 Selecting previously unselected package libgeos-c1t64:amd64.
#9 98.05 Preparing to unpack .../515-libgeos-c1t64_3.12.1-3build1_amd64.deb ...
#9 98.08 Unpacking libgeos-c1t64:amd64 (3.12.1-3build1) ...
#9 98.21 Selecting previously unselected package proj-data.
#9 98.21 Preparing to unpack .../516-proj-data_9.4.0-1build2_all.deb ...
#9 98.24 Unpacking proj-data (9.4.0-1build2) ...
#9 98.53 Selecting previously unselected package libproj25:amd64.
#9 98.54 Preparing to unpack .../517-libproj25_9.4.0-1build2_amd64.deb ...
#9 98.57 Unpacking libproj25:amd64 (9.4.0-1build2) ...
#9 98.77 Selecting previously unselected package libgeotiff5:amd64.
#9 98.77 Preparing to unpack .../518-libgeotiff5_1.7.1-5build1_amd64.deb ...
#9 98.80 Unpacking libgeotiff5:amd64 (1.7.1-5build1) ...
#9 98.97 Selecting previously unselected package libgif7:amd64.
#9 98.98 Preparing to unpack .../519-libgif7_5.2.2-1ubuntu1_amd64.deb ...
#9 98.99 Unpacking libgif7:amd64 (5.2.2-1ubuntu1) ...
#9 99.18 Selecting previously unselected package libhdf4-0-alt:amd64.
#9 99.18 Preparing to unpack .../520-libhdf4-0-alt_4.2.16-4build1_amd64.deb ...
#9 99.20 Unpacking libhdf4-0-alt:amd64 (4.2.16-4build1) ...
#9 99.36 Selecting previously unselected package libsz2:amd64.
#9 99.37 Preparing to unpack .../521-libsz2_1.1.2-1build1_amd64.deb ...
#9 99.39 Unpacking libsz2:amd64 (1.1.2-1build1) ...
#9 99.57 Selecting previously unselected package libhdf5-103-1t64:amd64.
#9 99.57 Preparing to unpack .../522-libhdf5-103-1t64_1.10.10+repack-3.1ubuntu4_amd64.deb ...
#9 99.59 Unpacking libhdf5-103-1t64:amd64 (1.10.10+repack-3.1ubuntu4) ...
#9 99.79 Selecting previously unselected package liburiparser1:amd64.
#9 99.80 Preparing to unpack .../523-liburiparser1_0.9.7+dfsg-2build1_amd64.deb ...
#9 99.82 Unpacking liburiparser1:amd64 (0.9.7+dfsg-2build1) ...
#9 100.0 Selecting previously unselected package libkmlbase1t64:amd64.
#9 100.0 Preparing to unpack .../524-libkmlbase1t64_1.3.0-12build1_amd64.deb ...
#9 100.0 Unpacking libkmlbase1t64:amd64 (1.3.0-12build1) ...
#9 100.2 Selecting previously unselected package libkmldom1t64:amd64.
#9 100.2 Preparing to unpack .../525-libkmldom1t64_1.3.0-12build1_amd64.deb ...
#9 100.2 Unpacking libkmldom1t64:amd64 (1.3.0-12build1) ...
#9 100.4 Selecting previously unselected package libkmlengine1t64:amd64.
#9 100.4 Preparing to unpack .../526-libkmlengine1t64_1.3.0-12build1_amd64.deb ...
#9 100.4 Unpacking libkmlengine1t64:amd64 (1.3.0-12build1) ...
#9 100.6 Selecting previously unselected package mysql-common.
#9 100.6 Preparing to unpack .../527-mysql-common_5.8+1.1.0build1_all.deb ...
#9 100.7 Unpacking mysql-common (5.8+1.1.0build1) ...
#9 100.8 Selecting previously unselected package libmysqlclient21:amd64.
#9 100.8 Preparing to unpack .../528-libmysqlclient21_8.0.45-0ubuntu0.24.04.1_amd64.deb ...
#9 100.9 Unpacking libmysqlclient21:amd64 (8.0.45-0ubuntu0.24.04.1) ...
#9 101.1 Selecting previously unselected package libhdf5-hl-100t64:amd64.
#9 101.1 Preparing to unpack .../529-libhdf5-hl-100t64_1.10.10+repack-3.1ubuntu4_amd64.deb ...
#9 101.1 Unpacking libhdf5-hl-100t64:amd64 (1.10.10+repack-3.1ubuntu4) ...
#9 101.3 Selecting previously unselected package libnetcdf19t64:amd64.
#9 101.3 Preparing to unpack .../530-libnetcdf19t64_1%3a4.9.2-5ubuntu4_amd64.deb ...
#9 101.3 Unpacking libnetcdf19t64:amd64 (1:4.9.2-5ubuntu4) ...
#9 101.5 Selecting previously unselected package libltdl7:amd64.
#9 101.5 Preparing to unpack .../531-libltdl7_2.4.7-7build1_amd64.deb ...
#9 101.5 Unpacking libltdl7:amd64 (2.4.7-7build1) ...
#9 101.7 Selecting previously unselected package libodbc2:amd64.
#9 101.7 Preparing to unpack .../532-libodbc2_2.3.12-1ubuntu0.24.04.1_amd64.deb ...
#9 101.7 Unpacking libodbc2:amd64 (2.3.12-1ubuntu0.24.04.1) ...
#9 101.9 Selecting previously unselected package unixodbc-common.
#9 101.9 Preparing to unpack .../533-unixodbc-common_2.3.12-1ubuntu0.24.04.1_all.deb ...
#9 101.9 Unpacking unixodbc-common (2.3.12-1ubuntu0.24.04.1) ...
#9 102.1 Selecting previously unselected package libodbcinst2:amd64.
#9 102.1 Preparing to unpack .../534-libodbcinst2_2.3.12-1ubuntu0.24.04.1_amd64.deb ...
#9 102.1 Unpacking libodbcinst2:amd64 (2.3.12-1ubuntu0.24.04.1) ...
#9 102.3 Selecting previously unselected package libogdi4.1:amd64.
#9 102.3 Preparing to unpack .../535-libogdi4.1_4.1.1+ds-3build1_amd64.deb ...
#9 102.4 Unpacking libogdi4.1:amd64 (4.1.1+ds-3build1) ...
#9 102.5 Selecting previously unselected package libnspr4:amd64.
#9 102.5 Preparing to unpack .../536-libnspr4_2%3a4.35-1.1build1_amd64.deb ...
#9 102.5 Unpacking libnspr4:amd64 (2:4.35-1.1build1) ...
#9 102.7 Selecting previously unselected package libnss3:amd64.
#9 102.7 Preparing to unpack .../537-libnss3_2%3a3.98-1ubuntu0.1_amd64.deb ...
#9 102.7 Unpacking libnss3:amd64 (2:3.98-1ubuntu0.1) ...
#9 102.9 Selecting previously unselected package libpoppler134:amd64.
#9 102.9 Preparing to unpack .../538-libpoppler134_24.02.0-1ubuntu9.8_amd64.deb ...
#9 102.9 Unpacking libpoppler134:amd64 (24.02.0-1ubuntu9.8) ...
#9 103.1 Selecting previously unselected package libpq5:amd64.
#9 103.1 Preparing to unpack .../539-libpq5_16.14-0ubuntu0.24.04.1_amd64.deb ...
#9 103.2 Unpacking libpq5:amd64 (16.14-0ubuntu0.24.04.1) ...
#9 103.4 Selecting previously unselected package libqhull-r8.0:amd64.
#9 103.4 Preparing to unpack .../540-libqhull-r8.0_2020.2-6build1_amd64.deb ...
#9 103.4 Unpacking libqhull-r8.0:amd64 (2020.2-6build1) ...
#9 103.6 Selecting previously unselected package librttopo1:amd64.
#9 103.6 Preparing to unpack .../541-librttopo1_1.1.0-3build2_amd64.deb ...
#9 103.6 Unpacking librttopo1:amd64 (1.1.0-3build2) ...
#9 103.8 Selecting previously unselected package libspatialite8t64:amd64.
#9 103.8 Preparing to unpack .../542-libspatialite8t64_5.1.0-3build1_amd64.deb ...
#9 103.8 Unpacking libspatialite8t64:amd64 (5.1.0-3build1) ...
#9 104.0 Selecting previously unselected package libxerces-c3.2t64:amd64.
#9 104.0 Preparing to unpack .../543-libxerces-c3.2t64_3.2.4+debian-1.2ubuntu2_amd64.deb ...
#9 104.1 Unpacking libxerces-c3.2t64:amd64 (3.2.4+debian-1.2ubuntu2) ...
#9 104.3 Selecting previously unselected package libgdal34t64:amd64.
#9 104.3 Preparing to unpack .../544-libgdal34t64_3.8.4+dfsg-3ubuntu3_amd64.deb ...
#9 104.3 Unpacking libgdal34t64:amd64 (3.8.4+dfsg-3ubuntu3) ...
#9 104.6 Selecting previously unselected package libsocket++1:amd64.
#9 104.6 Preparing to unpack .../545-libsocket++1_1.12.13+git20131030.5d039ba-1build1_amd64.deb ...
#9 104.7 Unpacking libsocket++1:amd64 (1.12.13+git20131030.5d039ba-1build1) ...
#9 104.8 Selecting previously unselected package libgdcm3.0t64:amd64.
#9 104.8 Preparing to unpack .../546-libgdcm3.0t64_3.0.22-2.1ubuntu1_amd64.deb ...
#9 104.9 Unpacking libgdcm3.0t64:amd64 (3.0.22-2.1ubuntu1) ...
#9 105.1 Selecting previously unselected package libgirepository-1.0-dev:amd64.
#9 105.1 Preparing to unpack .../547-libgirepository-1.0-dev_1.80.1-1_amd64.deb ...
#9 105.1 Unpacking libgirepository-1.0-dev:amd64 (1.80.1-1) ...
#9 105.3 Selecting previously unselected package libgirepository1.0-dev.
#9 105.3 Preparing to unpack .../548-libgirepository1.0-dev_1.80.1-1_amd64.deb ...
#9 105.3 Unpacking libgirepository1.0-dev (1.80.1-1) ...
#9 105.5 Selecting previously unselected package libwmflite-0.2-7:amd64.
#9 105.5 Preparing to unpack .../549-libwmflite-0.2-7_0.2.13-1.1build3_amd64.deb ...
#9 105.5 Unpacking libwmflite-0.2-7:amd64 (0.2.13-1.1build3) ...
#9 105.7 Selecting previously unselected package libgraphicsmagick-q16-3t64.
#9 105.7 Preparing to unpack .../550-libgraphicsmagick-q16-3t64_1.4+really1.3.42-1.1build3_amd64.deb ...
#9 105.7 Unpacking libgraphicsmagick-q16-3t64 (1.4+really1.3.42-1.1build3) ...
#9 105.9 Selecting previously unselected package libgraphicsmagick++-q16-12t64.
#9 105.9 Preparing to unpack .../551-libgraphicsmagick++-q16-12t64_1.4+really1.3.42-1.1build3_amd64.deb ...
#9 105.9 Unpacking libgraphicsmagick++-q16-12t64 (1.4+really1.3.42-1.1build3) ...
#9 106.1 Selecting previously unselected package libimath-3-1-29t64:amd64.
#9 106.1 Preparing to unpack .../552-libimath-3-1-29t64_3.1.9-3.1ubuntu2_amd64.deb ...
#9 106.1 Unpacking libimath-3-1-29t64:amd64 (3.1.9-3.1ubuntu2) ...
#9 106.3 Selecting previously unselected package libtbbmalloc2:amd64.
#9 106.3 Preparing to unpack .../553-libtbbmalloc2_2021.11.0-2ubuntu2_amd64.deb ...
#9 106.3 Unpacking libtbbmalloc2:amd64 (2021.11.0-2ubuntu2) ...
#9 106.5 Selecting previously unselected package libhwloc15:amd64.
#9 106.5 Preparing to unpack .../554-libhwloc15_2.10.0-1build1_amd64.deb ...
#9 106.5 Unpacking libhwloc15:amd64 (2.10.0-1build1) ...
#9 106.7 Selecting previously unselected package libtbbbind-2-5:amd64.
#9 106.7 Preparing to unpack .../555-libtbbbind-2-5_2021.11.0-2ubuntu2_amd64.deb ...
#9 106.7 Unpacking libtbbbind-2-5:amd64 (2021.11.0-2ubuntu2) ...
#9 106.9 Selecting previously unselected package libtbb12:amd64.
#9 106.9 Preparing to unpack .../556-libtbb12_2021.11.0-2ubuntu2_amd64.deb ...
#9 106.9 Unpacking libtbb12:amd64 (2021.11.0-2ubuntu2) ...
#9 109.2 Selecting previously unselected package libopencv-core406t64:amd64.
#9 109.2 Preparing to unpack .../557-libopencv-core406t64_4.6.0+dfsg-13.1ubuntu1_amd64.deb ...
#9 109.2 Unpacking libopencv-core406t64:amd64 (4.6.0+dfsg-13.1ubuntu1) ...
#9 109.4 Selecting previously unselected package libgphoto2-port12t64:amd64.
#9 109.4 Preparing to unpack .../558-libgphoto2-port12t64_2.5.31-2.1ubuntu1_amd64.deb ...
#9 109.4 Unpacking libgphoto2-port12t64:amd64 (2.5.31-2.1ubuntu1) ...
#9 110.4 Selecting previously unselected package libgphoto2-6t64:amd64.
#9 ...

#10 [runtime 2/8] RUN apt-get update && apt-get install -y --no-install-recommends     libarchive13 libavif16 libcairo2 libcolord2 libcolord-gtk1     libcurl3-gnutls libexiv2-27 libglib2.0-0 libgmic1     libgphoto2-6 libgraphicsmagick-q16-3 libgtk-3-0 libheif1     libjpeg8 libjson-glib-1.0-0 liblcms2-2 liblensfun1     liblua5.4-0 libopenexr-3-1-30 libopenjp2-7     libosmgpsmap-1.0-1 libpng16-16 libportmidi0 libpotrace0     libpugixml1v5 libraw23 librsvg2-2 libsqlite3-0 libtiff6     libwebp7 libx11-6 libxml2 zlib1g libsdl2-2.0-0     libsecret-1-0 lua5.4     pocl-opencl-icd     libgdk-pixbuf2.0-bin shared-mime-info     python3-xdg     xkb-data     && rm -rf /var/lib/apt/lists/*     && (/usr/lib/x86_64-linux-gnu/gdk-pixbuf-2.0/gdk-pixbuf-query-loaders --update-cache || true)     && update-mime-database /usr/share/mime
#10 DONE 110.5s

#9 [builder 2/6] RUN apt-get update && apt-get install -y --no-install-recommends     build-essential cmake ninja-build git intltool gettext     appstream-util desktop-file-utils     libarchive-dev libatk1.0-dev libavif-dev libcairo2-dev     libcolord-dev libcolord-gtk-dev libcups2-dev libcurl4-gnutls-dev     libexiv2-dev libgdk-pixbuf-2.0-dev libglib2.0-dev libgmic-dev     libgphoto2-dev libgraphicsmagick1-dev libgtk-3-dev libheif-dev     libjpeg-dev libjson-glib-dev liblcms2-dev liblensfun-dev     liblua5.4-dev libopenexr-dev libopenjp2-7-dev     libosmgpsmap-1.0-dev libpango1.0-dev libpng-dev libportmidi-dev     libpotrace-dev libpugixml-dev libraw-dev librsvg2-dev     libsqlite3-dev libtiff5-dev libwebp-dev libx11-dev     libxml2-dev libxml2-utils zlib1g-dev libsdl2-dev     libsecret-1-dev po4a python3-jsonschema xsltproc perl     opencl-headers ocl-icd-opencl-dev     curl     && rm -rf /var/lib/apt/lists/*
#9 110.4 Preparing to unpack .../559-libgphoto2-6t64_2.5.31-2.1ubuntu1_amd64.deb ...
#9 110.4 Unpacking libgphoto2-6t64:amd64 (2.5.31-2.1ubuntu1) ...
#9 110.5 Selecting previously unselected package libunwind8:amd64.
#9 110.6 Preparing to unpack .../560-libunwind8_1.6.2-3build1.1_amd64.deb ...
#9 110.6 Unpacking libunwind8:amd64 (1.6.2-3build1.1) ...
#9 110.7 Selecting previously unselected package libgstreamer1.0-0:amd64.
#9 110.7 Preparing to unpack .../561-libgstreamer1.0-0_1.24.2-1ubuntu0.1_amd64.deb ...
#9 110.7 Unpacking libgstreamer1.0-0:amd64 (1.24.2-1ubuntu0.1) ...
#9 110.8 Selecting previously unselected package liborc-0.4-0t64:amd64.
#9 110.8 Preparing to unpack .../562-liborc-0.4-0t64_1%3a0.4.38-1ubuntu0.1_amd64.deb ...
#9 110.8 Unpacking liborc-0.4-0t64:amd64 (1:0.4.38-1ubuntu0.1) ...
#9 110.9 Selecting previously unselected package libgstreamer-plugins-base1.0-0:amd64.
#9 111.0 Preparing to unpack .../563-libgstreamer-plugins-base1.0-0_1.24.2-1ubuntu0.4_amd64.deb ...
#9 111.0 Unpacking libgstreamer-plugins-base1.0-0:amd64 (1.24.2-1ubuntu0.4) ...
#9 111.1 Selecting previously unselected package libopencv-imgproc406t64:amd64.
#9 111.1 Preparing to unpack .../564-libopencv-imgproc406t64_4.6.0+dfsg-13.1ubuntu1_amd64.deb ...
#9 111.1 Unpacking libopencv-imgproc406t64:amd64 (4.6.0+dfsg-13.1ubuntu1) ...
#9 111.2 Selecting previously unselected package libopenexr-3-1-30:amd64.
#9 111.2 Preparing to unpack .../565-libopenexr-3-1-30_3.1.5-5.1build3_amd64.deb ...
#9 111.2 Unpacking libopenexr-3-1-30:amd64 (3.1.5-5.1build3) ...
#9 111.3 Selecting previously unselected package libopencv-imgcodecs406t64:amd64.
#9 111.4 Preparing to unpack .../566-libopencv-imgcodecs406t64_4.6.0+dfsg-13.1ubuntu1_amd64.deb ...
#9 111.4 Unpacking libopencv-imgcodecs406t64:amd64 (4.6.0+dfsg-13.1ubuntu1) ...
#9 111.5 Selecting previously unselected package libswscale7:amd64.
#9 111.5 Preparing to unpack .../567-libswscale7_7%3a6.1.1-3ubuntu5_amd64.deb ...
#9 111.5 Unpacking libswscale7:amd64 (7:6.1.1-3ubuntu5) ...
#9 111.6 Selecting previously unselected package libopencv-videoio406t64:amd64.
#9 111.6 Preparing to unpack .../568-libopencv-videoio406t64_4.6.0+dfsg-13.1ubuntu1_amd64.deb ...
#9 111.6 Unpacking libopencv-videoio406t64:amd64 (4.6.0+dfsg-13.1ubuntu1) ...
#9 111.7 Selecting previously unselected package libgmic1:amd64.
#9 111.7 Preparing to unpack .../569-libgmic1_2.9.4-4build11_amd64.deb ...
#9 111.7 Unpacking libgmic1:amd64 (2.9.4-4build11) ...
#9 111.8 Selecting previously unselected package libgmic-dev.
#9 111.8 Preparing to unpack .../570-libgmic-dev_2.9.4-4build11_amd64.deb ...
#9 111.9 Unpacking libgmic-dev (2.9.4-4build11) ...
#9 111.9 Selecting previously unselected package libgphoto2-dev:amd64.
#9 111.9 Preparing to unpack .../571-libgphoto2-dev_2.5.31-2.1ubuntu1_amd64.deb ...
#9 111.9 Unpacking libgphoto2-dev:amd64 (2.5.31-2.1ubuntu1) ...
#9 112.0 Selecting previously unselected package liblcms2-dev:amd64.
#9 112.0 Preparing to unpack .../572-liblcms2-dev_2.14-2ubuntu0.1_amd64.deb ...
#9 112.0 Unpacking liblcms2-dev:amd64 (2.14-2ubuntu0.1) ...
#9 112.1 Selecting previously unselected package libwmf-0.2-7:amd64.
#9 112.1 Preparing to unpack .../573-libwmf-0.2-7_0.2.13-1.1build3_amd64.deb ...
#9 112.2 Unpacking libwmf-0.2-7:amd64 (0.2.13-1.1build3) ...
#9 112.3 Selecting previously unselected package libwmf-dev.
#9 112.3 Preparing to unpack .../574-libwmf-dev_0.2.13-1.1build3_amd64.deb ...
#9 112.3 Unpacking libwmf-dev (0.2.13-1.1build3) ...
#9 112.4 Selecting previously unselected package libx265-dev:amd64.
#9 112.4 Preparing to unpack .../575-libx265-dev_3.5-2build1_amd64.deb ...
#9 112.4 Unpacking libx265-dev:amd64 (3.5-2build1) ...
#9 112.5 Selecting previously unselected package libheif-dev:amd64.
#9 112.5 Preparing to unpack .../576-libheif-dev_1.17.6-1ubuntu4.3_amd64.deb ...
#9 112.6 Unpacking libheif-dev:amd64 (1.17.6-1ubuntu4.3) ...
#9 112.6 Selecting previously unselected package libltdl-dev:amd64.
#9 112.6 Preparing to unpack .../577-libltdl-dev_2.4.7-7build1_amd64.deb ...
#9 112.6 Unpacking libltdl-dev:amd64 (2.4.7-7build1) ...
#9 112.7 Selecting previously unselected package libhwy-dev:amd64.
#9 112.7 Preparing to unpack .../578-libhwy-dev_1.0.7-8.1build1_amd64.deb ...
#9 112.8 Unpacking libhwy-dev:amd64 (1.0.7-8.1build1) ...
#9 112.9 Selecting previously unselected package libjxl-dev:amd64.
#9 112.9 Preparing to unpack .../579-libjxl-dev_0.7.0-10.2ubuntu6.1_amd64.deb ...
#9 112.9 Unpacking libjxl-dev:amd64 (0.7.0-10.2ubuntu6.1) ...
#9 113.0 Selecting previously unselected package libgraphicsmagick1-dev.
#9 113.0 Preparing to unpack .../580-libgraphicsmagick1-dev_1.4+really1.3.42-1.1build3_amd64.deb ...
#9 113.0 Unpacking libgraphicsmagick1-dev (1.4+really1.3.42-1.1build3) ...
#9 113.1 Selecting previously unselected package libibus-1.0-dev:amd64.
#9 113.1 Preparing to unpack .../581-libibus-1.0-dev_1.5.29-2_amd64.deb ...
#9 113.1 Unpacking libibus-1.0-dev:amd64 (1.5.29-2) ...
#9 113.2 Selecting previously unselected package libimath-dev:amd64.
#9 113.2 Preparing to unpack .../582-libimath-dev_3.1.9-3.1ubuntu2_amd64.deb ...
#9 113.2 Unpacking libimath-dev:amd64 (3.1.9-3.1ubuntu2) ...
#9 113.3 Selecting previously unselected package libjson-glib-dev:amd64.
#9 113.3 Preparing to unpack .../583-libjson-glib-dev_1.8.0-2build2_amd64.deb ...
#9 113.4 Unpacking libjson-glib-dev:amd64 (1.8.0-2build2) ...
#9 113.5 Selecting previously unselected package liblensfun-data-v1.
#9 113.5 Preparing to unpack .../584-liblensfun-data-v1_0.3.4-1build2_all.deb ...
#9 113.5 Unpacking liblensfun-data-v1 (0.3.4-1build2) ...
#9 113.6 Selecting previously unselected package liblensfun1:amd64.
#9 113.6 Preparing to unpack .../585-liblensfun1_0.3.4-1build2_amd64.deb ...
#9 113.6 Unpacking liblensfun1:amd64 (0.3.4-1build2) ...
#9 113.7 Selecting previously unselected package liblua5.4-0:amd64.
#9 113.7 Preparing to unpack .../586-liblua5.4-0_5.4.6-3build2_amd64.deb ...
#9 113.8 Unpacking liblua5.4-0:amd64 (5.4.6-3build2) ...
#9 113.8 Selecting previously unselected package libncurses-dev:amd64.
#9 113.9 Preparing to unpack .../587-libncurses-dev_6.4+20240113-1ubuntu2_amd64.deb ...
#9 113.9 Unpacking libncurses-dev:amd64 (6.4+20240113-1ubuntu2) ...
#9 114.0 Selecting previously unselected package libreadline-dev:amd64.
#9 114.0 Preparing to unpack .../588-libreadline-dev_8.2-4build1_amd64.deb ...
#9 114.0 Unpacking libreadline-dev:amd64 (8.2-4build1) ...
#9 114.1 Selecting previously unselected package liblua5.4-dev:amd64.
#9 114.1 Preparing to unpack .../589-liblua5.4-dev_5.4.6-3build2_amd64.deb ...
#9 114.1 Unpacking liblua5.4-dev:amd64 (5.4.6-3build2) ...
#9 114.2 Selecting previously unselected package libopenexr-dev.
#9 114.2 Preparing to unpack .../590-libopenexr-dev_3.1.5-5.1build3_amd64.deb ...
#9 114.2 Unpacking libopenexr-dev (3.1.5-5.1build3) ...
#9 114.3 Selecting previously unselected package libpsl-dev:amd64.
#9 114.3 Preparing to unpack .../591-libpsl-dev_0.21.2-1.1build1_amd64.deb ...
#9 114.3 Unpacking libpsl-dev:amd64 (0.21.2-1.1build1) ...
#9 114.4 Selecting previously unselected package libsqlite3-dev:amd64.
#9 114.4 Preparing to unpack .../592-libsqlite3-dev_3.45.1-1ubuntu2.5_amd64.deb ...
#9 114.4 Unpacking libsqlite3-dev:amd64 (3.45.1-1ubuntu2.5) ...
#9 114.5 Selecting previously unselected package libsoup2.4-dev:amd64.
#9 114.5 Preparing to unpack .../593-libsoup2.4-dev_2.74.3-6ubuntu1.6_amd64.deb ...
#9 114.5 Unpacking libsoup2.4-dev:amd64 (2.74.3-6ubuntu1.6) ...
#9 114.6 Selecting previously unselected package libosmgpsmap-1.0-dev.
#9 114.6 Preparing to unpack .../594-libosmgpsmap-1.0-dev_1.2.0-2build2_amd64.deb ...
#9 114.6 Unpacking libosmgpsmap-1.0-dev (1.2.0-2build2) ...
#9 114.7 Selecting previously unselected package libosp5.
#9 114.7 Preparing to unpack .../595-libosp5_1.5.2-15ubuntu2_amd64.deb ...
#9 114.8 Unpacking libosp5 (1.5.2-15ubuntu2) ...
#9 114.9 Selecting previously unselected package libpod-parser-perl.
#9 114.9 Preparing to unpack .../596-libpod-parser-perl_1.67-1_all.deb ...
#9 114.9 Adding 'diversion of /usr/bin/podselect to /usr/bin/podselect.bundled by libpod-parser-perl'
#9 114.9 Adding 'diversion of /usr/share/man/man1/podselect.1.gz to /usr/share/man/man1/podselect.bundled.1.gz by libpod-parser-perl'
#9 114.9 Unpacking libpod-parser-perl (1.67-1) ...
#9 115.0 Selecting previously unselected package libportmidi0:amd64.
#9 115.0 Preparing to unpack .../597-libportmidi0_1%3a217-6.1build3_amd64.deb ...
#9 115.0 Unpacking libportmidi0:amd64 (1:217-6.1build3) ...
#9 115.1 Selecting previously unselected package libportmidi-dev.
#9 115.1 Preparing to unpack .../598-libportmidi-dev_1%3a217-6.1build3_amd64.deb ...
#9 115.1 Unpacking libportmidi-dev (1:217-6.1build3) ...
#9 115.2 Selecting previously unselected package libpotrace0:amd64.
#9 115.2 Preparing to unpack .../599-libpotrace0_1.16-2build1_amd64.deb ...
#9 115.2 Unpacking libpotrace0:amd64 (1.16-2build1) ...
#9 115.3 Selecting previously unselected package libpotrace-dev:amd64.
#9 115.3 Preparing to unpack .../600-libpotrace-dev_1.16-2build1_amd64.deb ...
#9 115.3 Unpacking libpotrace-dev:amd64 (1.16-2build1) ...
#9 115.4 Selecting previously unselected package libpugixml1v5:amd64.
#9 115.4 Preparing to unpack .../601-libpugixml1v5_1.14-0.1build1_amd64.deb ...
#9 115.4 Unpacking libpugixml1v5:amd64 (1.14-0.1build1) ...
#9 115.5 Selecting previously unselected package libpugixml-dev:amd64.
#9 115.5 Preparing to unpack .../602-libpugixml-dev_1.14-0.1build1_amd64.deb ...
#9 115.5 Unpacking libpugixml-dev:amd64 (1.14-0.1build1) ...
#9 115.6 Selecting previously unselected package libsndfile1:amd64.
#9 115.6 Preparing to unpack .../603-libsndfile1_1.2.2-1ubuntu5.24.04.1_amd64.deb ...
#9 115.7 Unpacking libsndfile1:amd64 (1.2.2-1ubuntu5.24.04.1) ...
#9 115.8 Selecting previously unselected package libpulse0:amd64.
#9 115.8 Preparing to unpack .../604-libpulse0_1%3a16.1+dfsg1-2ubuntu10.1_amd64.deb ...
#9 115.8 Unpacking libpulse0:amd64 (1:16.1+dfsg1-2ubuntu10.1) ...
#9 115.9 Selecting previously unselected package libpulse-mainloop-glib0:amd64.
#9 115.9 Preparing to unpack .../605-libpulse-mainloop-glib0_1%3a16.1+dfsg1-2ubuntu10.1_amd64.deb ...
#9 115.9 Unpacking libpulse-mainloop-glib0:amd64 (1:16.1+dfsg1-2ubuntu10.1) ...
#9 116.0 Selecting previously unselected package libpulse-dev:amd64.
#9 116.0 Preparing to unpack .../606-libpulse-dev_1%3a16.1+dfsg1-2ubuntu10.1_amd64.deb ...
#9 116.0 Unpacking libpulse-dev:amd64 (1:16.1+dfsg1-2ubuntu10.1) ...
#9 116.1 Selecting previously unselected package libraw23t64:amd64.
#9 116.1 Preparing to unpack .../607-libraw23t64_0.21.2-2.1ubuntu0.24.04.1_amd64.deb ...
#9 116.2 Unpacking libraw23t64:amd64 (0.21.2-2.1ubuntu0.24.04.1) ...
#9 116.3 Selecting previously unselected package librsvg2-common:amd64.
#9 116.3 Preparing to unpack .../608-librsvg2-common_2.58.0+dfsg-1build1_amd64.deb ...
#9 116.3 Unpacking librsvg2-common:amd64 (2.58.0+dfsg-1build1) ...
#9 116.4 Selecting previously unselected package librsvg2-dev:amd64.
#9 116.4 Preparing to unpack .../609-librsvg2-dev_2.58.0+dfsg-1build1_amd64.deb ...
#9 116.4 Unpacking librsvg2-dev:amd64 (2.58.0+dfsg-1build1) ...
#9 116.5 Selecting previously unselected package libsamplerate0:amd64.
#9 116.5 Preparing to unpack .../610-libsamplerate0_0.2.2-4build1_amd64.deb ...
#9 116.5 Unpacking libsamplerate0:amd64 (0.2.2-4build1) ...
#9 116.6 Selecting previously unselected package libsamplerate0-dev:amd64.
#9 116.6 Preparing to unpack .../611-libsamplerate0-dev_0.2.2-4build1_amd64.deb ...
#9 116.6 Unpacking libsamplerate0-dev:amd64 (0.2.2-4build1) ...
#9 116.7 Selecting previously unselected package libxss1:amd64.
#9 116.7 Preparing to unpack .../612-libxss1_1%3a1.2.3-1build3_amd64.deb ...
#9 116.8 Unpacking libxss1:amd64 (1:1.2.3-1build3) ...
#9 116.9 Selecting previously unselected package libsdl2-2.0-0:amd64.
#9 116.9 Preparing to unpack .../613-libsdl2-2.0-0_2.30.0+dfsg-1ubuntu3.1_amd64.deb ...
#9 116.9 Unpacking libsdl2-2.0-0:amd64 (2.30.0+dfsg-1ubuntu3.1) ...
#9 117.0 Selecting previously unselected package libsndio7.0:amd64.
#9 117.0 Preparing to unpack .../614-libsndio7.0_1.9.0-0.3build3_amd64.deb ...
#9 117.0 Unpacking libsndio7.0:amd64 (1.9.0-0.3build3) ...
#9 117.1 Selecting previously unselected package libsndio-dev:amd64.
#9 117.1 Preparing to unpack .../615-libsndio-dev_1.9.0-0.3build3_amd64.deb ...
#9 117.1 Unpacking libsndio-dev:amd64 (1.9.0-0.3build3) ...
#9 117.2 Selecting previously unselected package libudev-dev:amd64.
#9 117.2 Preparing to unpack .../616-libudev-dev_255.4-1ubuntu8.15_amd64.deb ...
#9 117.2 Unpacking libudev-dev:amd64 (255.4-1ubuntu8.15) ...
#9 117.3 Selecting previously unselected package libxss-dev:amd64.
#9 117.3 Preparing to unpack .../617-libxss-dev_1%3a1.2.3-1build3_amd64.deb ...
#9 117.3 Unpacking libxss-dev:amd64 (1:1.2.3-1build3) ...
#9 117.4 Selecting previously unselected package libxt6t64:amd64.
#9 117.4 Preparing to unpack .../618-libxt6t64_1%3a1.2.1-1.2build1_amd64.deb ...
#9 117.4 Unpacking libxt6t64:amd64 (1:1.2.1-1.2build1) ...
#9 117.5 Selecting previously unselected package libxt-dev:amd64.
#9 117.5 Preparing to unpack .../619-libxt-dev_1%3a1.2.1-1.2build1_amd64.deb ...
#9 117.5 Unpacking libxt-dev:amd64 (1:1.2.1-1.2build1) ...
#9 117.6 Selecting previously unselected package libxv1:amd64.
#9 117.6 Preparing to unpack .../620-libxv1_2%3a1.0.11-1.1build1_amd64.deb ...
#9 117.7 Unpacking libxv1:amd64 (2:1.0.11-1.1build1) ...
#9 117.7 Selecting previously unselected package libxv-dev:amd64.
#9 117.7 Preparing to unpack .../621-libxv-dev_2%3a1.0.11-1.1build1_amd64.deb ...
#9 117.8 Unpacking libxv-dev:amd64 (2:1.0.11-1.1build1) ...
#9 117.8 Selecting previously unselected package libxxf86vm-dev:amd64.
#9 117.8 Preparing to unpack .../622-libxxf86vm-dev_1%3a1.1.4-1build4_amd64.deb ...
#9 117.9 Unpacking libxxf86vm-dev:amd64 (1:1.1.4-1build4) ...
#9 117.9 Selecting previously unselected package libsdl2-dev:amd64.
#9 117.9 Preparing to unpack .../623-libsdl2-dev_2.30.0+dfsg-1ubuntu3.1_amd64.deb ...
#9 118.0 Unpacking libsdl2-dev:amd64 (2.30.0+dfsg-1ubuntu3.1) ...
#9 118.1 Selecting previously unselected package libsecret-1-dev:amd64.
#9 118.1 Preparing to unpack .../624-libsecret-1-dev_0.21.4-1build3_amd64.deb ...
#9 118.1 Unpacking libsecret-1-dev:amd64 (0.21.4-1build3) ...
#9 118.2 Selecting previously unselected package libsgmls-perl.
#9 118.2 Preparing to unpack .../625-libsgmls-perl_1.03ii-38_all.deb ...
#9 118.2 Unpacking libsgmls-perl (1.03ii-38) ...
#9 118.3 Selecting previously unselected package libxs-parse-keyword-perl.
#9 118.3 Preparing to unpack .../626-libxs-parse-keyword-perl_0.39-1build3_amd64.deb ...
#9 118.3 Unpacking libxs-parse-keyword-perl (0.39-1build3) ...
#9 118.4 Selecting previously unselected package libsyntax-keyword-try-perl.
#9 118.4 Preparing to unpack .../627-libsyntax-keyword-try-perl_0.29-1build3_amd64.deb ...
#9 118.4 Unpacking libsyntax-keyword-try-perl (0.29-1build3) ...
#9 118.5 Selecting previously unselected package libtiff5-dev:amd64.
#9 118.5 Preparing to unpack .../628-libtiff5-dev_4.5.1+git230720-4ubuntu2.5_amd64.deb ...
#9 118.5 Unpacking libtiff5-dev:amd64 (4.5.1+git230720-4ubuntu2.5) ...
#9 118.6 Selecting previously unselected package libxml2-utils.
#9 118.6 Preparing to unpack .../629-libxml2-utils_2.9.14+dfsg-1.3ubuntu3.7_amd64.deb ...
#9 118.6 Unpacking libxml2-utils (2.9.14+dfsg-1.3ubuntu3.7) ...
#9 118.7 Selecting previously unselected package libxslt1.1:amd64.
#9 118.7 Preparing to unpack .../630-libxslt1.1_1.1.39-0exp1ubuntu0.24.04.3_amd64.deb ...
#9 118.7 Unpacking libxslt1.1:amd64 (1.1.39-0exp1ubuntu0.24.04.3) ...
#9 118.8 Selecting previously unselected package libyaml-tiny-perl.
#9 118.8 Preparing to unpack .../631-libyaml-tiny-perl_1.74-1_all.deb ...
#9 118.8 Unpacking libyaml-tiny-perl (1.74-1) ...
#9 118.9 Selecting previously unselected package ninja-build.
#9 118.9 Preparing to unpack .../632-ninja-build_1.11.1-2_amd64.deb ...
#9 118.9 Unpacking ninja-build (1.11.1-2) ...
#9 119.0 Selecting previously unselected package opensp.
#9 119.0 Preparing to unpack .../633-opensp_1.5.2-15ubuntu2_amd64.deb ...
#9 119.0 Unpacking opensp (1.5.2-15ubuntu2) ...
#9 119.1 Selecting previously unselected package po4a.
#9 119.1 Preparing to unpack .../634-po4a_0.69-1_all.deb ...
#9 119.1 Unpacking po4a (0.69-1) ...
#9 119.3 Selecting previously unselected package python3-attr.
#9 119.3 Preparing to unpack .../635-python3-attr_23.2.0-2_all.deb ...
#9 119.3 Unpacking python3-attr (23.2.0-2) ...
#9 119.4 Selecting previously unselected package python3-pyrsistent:amd64.
#9 119.4 Preparing to unpack .../636-python3-pyrsistent_0.20.0-1build2_amd64.deb ...
#9 119.4 Unpacking python3-pyrsistent:amd64 (0.20.0-1build2) ...
#9 119.5 Selecting previously unselected package python3-jsonschema.
#9 119.5 Preparing to unpack .../637-python3-jsonschema_4.10.3-2ubuntu1_all.deb ...
#9 119.5 Unpacking python3-jsonschema (4.10.3-2ubuntu1) ...
#9 119.6 Selecting previously unselected package xsltproc.
#9 119.6 Preparing to unpack .../638-xsltproc_1.1.39-0exp1ubuntu0.24.04.3_amd64.deb ...
#9 119.6 Unpacking xsltproc (1.1.39-0exp1ubuntu0.24.04.3) ...
#9 119.7 Selecting previously unselected package liblensfun-dev.
#9 119.7 Preparing to unpack .../639-liblensfun-dev_0.3.4-1build2_amd64.deb ...
#9 119.7 Unpacking liblensfun-dev (0.3.4-1build2) ...
#9 119.8 Selecting previously unselected package libopenjp2-7-dev:amd64.
#9 119.8 Preparing to unpack .../640-libopenjp2-7-dev_2.5.0-2ubuntu0.5_amd64.deb ...
#9 119.8 Unpacking libopenjp2-7-dev:amd64 (2.5.0-2ubuntu0.5) ...
#9 119.9 Selecting previously unselected package libraw-dev:amd64.
#9 119.9 Preparing to unpack .../641-libraw-dev_0.21.2-2.1ubuntu0.24.04.1_amd64.deb ...
#9 119.9 Unpacking libraw-dev:amd64 (0.21.2-2.1ubuntu0.24.04.1) ...
#9 120.0 Selecting previously unselected package opencl-c-headers.
#9 120.0 Preparing to unpack .../642-opencl-c-headers_3.0~2023.12.14-1_all.deb ...
#9 120.0 Unpacking opencl-c-headers (3.0~2023.12.14-1) ...
#9 120.1 Selecting previously unselected package opencl-clhpp-headers.
#9 120.1 Preparing to unpack .../643-opencl-clhpp-headers_3.0~2023.12.14-1ubuntu1_all.deb ...
#9 120.1 Unpacking opencl-clhpp-headers (3.0~2023.12.14-1ubuntu1) ...
#9 120.2 Selecting previously unselected package opencl-headers.
#9 120.2 Preparing to unpack .../644-opencl-headers_3.0~2023.12.14-1_all.deb ...
#9 120.2 Unpacking opencl-headers (3.0~2023.12.14-1) ...
#9 120.4 Selecting previously unselected package ocl-icd-opencl-dev:amd64.
#9 120.4 Preparing to unpack .../645-ocl-icd-opencl-dev_2.3.2-1build1_amd64.deb ...
#9 120.4 Unpacking ocl-icd-opencl-dev:amd64 (2.3.2-1build1) ...
#9 120.5 Setting up libgme0:amd64 (0.6.3-7build1) ...
#9 120.5 Setting up libchromaprint1:amd64 (1.5.1-5) ...
#9 120.6 Setting up libhwy1t64:amd64 (1.0.7-8.1build1) ...
#9 120.6 Setting up media-types (10.1.0) ...
#9 120.7 Setting up libgraphite2-3:amd64 (1.3.14-2build1) ...
#9 120.7 Setting up liblcms2-2:amd64 (2.14-2ubuntu0.1) ...
#9 120.8 Setting up libtbbmalloc2:amd64 (2021.11.0-2ubuntu2) ...
#9 120.8 Setting up libpixman-1-0:amd64 (0.42.2-1build1) ...
#9 120.9 Setting up libudfread0:amd64 (1.1.2-1build1) ...
#9 120.9 Setting up libnorm1t64:amd64 (1.5.9+dfsg-3.1build1) ...
#9 120.9 Setting up libsharpyuv0:amd64 (1.3.2-0.4build3) ...
#9 121.0 Setting up libwayland-server0:amd64 (1.22.0-2.1build1) ...
#9 121.0 Setting up libaom3:amd64 (3.8.2-2ubuntu0.1) ...
#9 121.1 Setting up libpciaccess0:amd64 (0.17-3ubuntu0.24.04.2) ...
#9 121.1 Setting up mysql-common (5.8+1.1.0build1) ...
#9 121.2 update-alternatives: using /etc/mysql/my.cnf.fallback to provide /etc/mysql/my.cnf (my.cnf) in auto mode
#9 121.2 Setting up librabbitmq4:amd64 (0.11.0-1build2) ...
#9 121.2 Setting up systemd-sysv (255.4-1ubuntu8.15) ...
#9 121.3 Setting up libmysqlclient21:amd64 (8.0.45-0ubuntu0.24.04.1) ...
#9 121.4 Setting up libxau6:amd64 (1:1.0.9-1build6) ...
#9 121.4 Setting up libraw1394-11:amd64 (2.1.2-2build3) ...
#9 121.4 Setting up libkeyutils1:amd64 (1.6.3-3build1) ...
#9 121.5 Setting up lto-disabled-list (47) ...
#9 121.5 Setting up libsodium23:amd64 (1.0.18-1ubuntu0.24.04.1) ...
#9 121.6 Setting up libpixman-1-dev:amd64 (0.42.2-1build1) ...
#9 121.7 Setting up libpciaccess-dev:amd64 (0.17-3ubuntu0.24.04.2) ...
#9 121.7 Setting up libogg0:amd64 (1.3.5-3build1) ...
#9 121.7 Setting up libzstd-dev:amd64 (1.5.5+dfsg2-2build1.1) ...
#9 121.8 Setting up liblerc4:amd64 (4.0.0+ds-4ubuntu2) ...
#9 121.8 Setting up libspeex1:amd64 (1.2.1-2ubuntu2.24.04.1) ...
#9 121.8 Setting up proj-data (9.4.0-1build2) ...
#9 121.9 Setting up libgdbm6t64:amd64 (1.23-5.1build1) ...
#9 121.9 Setting up libshine3:amd64 (3.1.1-2build1) ...
#9 122.0 Setting up libglvnd-core-dev:amd64 (1.7.0-1build1) ...
#9 122.0 Setting up hicolor-icon-theme (0.17-2) ...
#9 122.1 Setting up libwmflite-0.2-7:amd64 (0.2.13-1.1build3) ...
#9 122.1 Setting up libx264-164:amd64 (2:0.164.3108+git31e19f9-1) ...
#9 122.2 Setting up libtwolame0:amd64 (0.4.0-2build3) ...
#9 122.2 Setting up libmbedcrypto7t64:amd64 (2.28.8-1) ...
#9 122.3 Setting up libdatrie1:amd64 (0.2.13-3build1) ...
#9 122.3 Setting up libgdbm-compat4t64:amd64 (1.23-5.1build1) ...
#9 122.4 Setting up libmagic-mgc (1:5.45-3build1) ...
#9 122.4 Setting up libgsm1:amd64 (1.0.22-1build1) ...
#9 122.5 Setting up libcharls2:amd64 (2.4.2-2build2) ...
#9 122.5 Setting up libgeos3.12.1t64:amd64 (3.12.1-3build1) ...
#9 122.5 Setting up libyaml-0-2:amd64 (0.2.5-1build1) ...
#9 122.6 Setting up libglvnd0:amd64 (1.7.0-1build1) ...
#9 122.6 Setting up libtirpc-common (1.3.4+ds-1.1build1) ...
#9 122.7 Setting up libcodec2-1.2:amd64 (1.2.0-2build1) ...
#9 122.7 Setting up libgeos-c1t64:amd64 (3.12.1-3build1) ...
#9 122.7 Setting up libcolord-gtk-headers:amd64 (0.3.1-1build2) ...
#9 122.8 Setting up libbrotli1:amd64 (1.1.0-2build2) ...
#9 122.8 Setting up libsqlite3-0:amd64 (3.45.1-1ubuntu2.5) ...
#9 122.9 Setting up libgdk-pixbuf2.0-common (2.42.10+dfsg-3ubuntu3.3) ...
#9 122.9 Setting up libuv1t64:amd64 (1.48.0-1.1build1) ...
#9 122.9 Setting up libmagic1t64:amd64 (1:5.45-3build1) ...
#9 123.0 Setting up binutils-common:amd64 (2.42-4ubuntu2.10) ...
#9 123.1 Setting up x11-common (1:7.7+23ubuntu3) ...
#9 123.4 invoke-rc.d: could not determine current runlevel
#9 123.4 invoke-rc.d: policy-rc.d denied execution of start.
#9 123.4 Setting up libsensors-config (1:3.6.0-9build1) ...
#9 123.5 Setting up libpsl5t64:amd64 (0.21.2-1.1build1) ...
#9 123.6 Setting up libnghttp2-14:amd64 (1.59.0-1ubuntu0.3) ...
#9 123.6 Setting up libdeflate0:amd64 (1.19-1build1.1) ...
#9 123.6 Setting up perl-openssl-defaults:amd64 (7build3) ...
#9 123.7 Setting up linux-libc-dev:amd64 (6.8.0-124.124) ...
#9 123.7 Setting up libwebpdecoder3:amd64 (1.3.2-0.4build3) ...
#9 123.8 Setting up libctf-nobfd0:amd64 (2.42-4ubuntu2.10) ...
#9 123.8 Setting up gettext-base (0.21-14ubuntu2) ...
#9 123.8 Setting up m4 (1.4.19-4build1) ...
#9 123.9 Setting up libqhull-r8.0:amd64 (2020.2-6build1) ...
#9 123.9 Setting up xkb-data (2.41-2ubuntu1.1) ...
#9 124.0 Setting up liblzo2-2:amd64 (2.10-2build4) ...
#9 124.0 Setting up libsvtav1enc1d1:amd64 (1.7.0+dfsg-2build1) ...
#9 124.0 Setting up file (1:5.45-3build1) ...
#9 124.1 Setting up liblensfun-data-v1 (0.3.4-1build2) ...
#9 124.1 Setting up libmpg123-0t64:amd64 (1.32.5-1ubuntu1.1) ...
#9 124.1 Setting up libgomp1:amd64 (14.2.0-4ubuntu2~24.04.1) ...
#9 124.2 Setting up libcjson1:amd64 (1.7.17-1) ...
#9 124.3 Setting up libxvidcore4:amd64 (2:1.3.7-1build1) ...
#9 124.3 Setting up bzip2 (1.0.8-5.1build0.1) ...
#9 124.3 Setting up libffi-dev:amd64 (3.4.6-1build1) ...
#9 124.4 Setting up libunwind8:amd64 (1.6.2-3build1.1) ...
#9 124.4 Setting up libpthread-stubs0-dev:amd64 (0.4-1build3) ...
#9 124.5 Setting up libjbig0:amd64 (2.1-6.1ubuntu2) ...
#9 124.5 Setting up librav1e0:amd64 (0.7.1-2) ...
#9 124.5 Setting up libpcre2-16-0:amd64 (10.42-4ubuntu2.1) ...
#9 124.6 Setting up libaec0:amd64 (1.1.2-1build1) ...
#9 124.6 Setting up gdal-data (3.8.4+dfsg-3ubuntu3) ...
#9 124.7 Setting up libsframe1:amd64 (2.42-4ubuntu2.10) ...
#9 124.7 Setting up libpugixml1v5:amd64 (1.14-0.1build1) ...
#9 124.7 Setting up libopengl0:amd64 (1.7.0-1build1) ...
#9 124.8 Setting up ninja-build (1.11.1-2) ...
#9 124.8 Setting up libelf1t64:amd64 (0.190-1.1ubuntu0.1) ...
#9 124.9 Setting up libjansson4:amd64 (2.14-2build2) ...
#9 124.9 Setting up libpsl-dev:amd64 (0.21.2-1.1build1) ...
#9 125.0 Setting up libsnappy1v5:amd64 (1.1.10-1build1) ...
#9 125.0 Setting up liborc-0.4-0t64:amd64 (1:0.4.38-1ubuntu0.1) ...
#9 125.0 Setting up libkrb5support0:amd64 (1.20.1-6ubuntu2.6) ...
#9 125.1 Setting up libdw1t64:amd64 (0.190-1.1ubuntu0.1) ...
#9 125.1 Setting up libaom-dev:amd64 (3.8.2-2ubuntu0.1) ...
#9 125.2 Setting up libsasl2-modules-db:amd64 (2.1.28+dfsg1-5ubuntu3.1) ...
#9 125.2 Setting up librist4:amd64 (0.2.10+dfsg-2) ...
#9 125.3 Setting up libosp5 (1.5.2-15ubuntu2) ...
#9 125.3 Setting up tzdata (2026a-0ubuntu0.24.04.1) ...
#9 125.5 
#9 125.5 Current default time zone: 'Etc/UTC'
#9 125.5 Local time is now:      Fri May 29 20:08:50 UTC 2026.
#9 125.5 Universal Time is now:  Fri May 29 20:08:50 UTC 2026.
#9 125.5 Run 'dpkg-reconfigure tzdata' if you wish to change it.
#9 125.5 
#9 125.5 Setting up libcap2-bin (1:2.66-5ubuntu2.4) ...
#9 125.5 Setting up libexiv2-27:amd64 (0.27.6-1ubuntu0.3) ...
#9 125.6 Setting up libasound2-data (1.2.11-1ubuntu0.2) ...
#9 125.6 Setting up libpgm-5.3-0t64:amd64 (5.3.128~dfsg-2.1build1) ...
#9 125.7 Setting up xtrans-dev (1.4.0-1) ...
#9 125.7 Setting up libgraphite2-dev:amd64 (1.3.14-2build1) ...
#9 125.8 Setting up autotools-dev (20220109.1) ...
#9 125.8 Setting up libpcre2-32-0:amd64 (10.42-4ubuntu2.1) ...
#9 125.9 Setting up libglib2.0-0t64:amd64 (2.80.0-6ubuntu3.8) ...
#9 125.9 Setting up libblas3:amd64 (3.12.0-3build1.1) ...
#9 126.0 update-alternatives: using /usr/lib/x86_64-linux-gnu/blas/libblas.so.3 to provide /usr/lib/x86_64-linux-gnu/libblas.so.3 (libblas.so.3-x86_64-linux-gnu) in auto mode
#9 126.0 Setting up libglib2.0-data (2.80.0-6ubuntu3.8) ...
#9 126.1 Setting up libpkgconf3:amd64 (1.8.1-2build1) ...
#9 126.1 Setting up libgmpxx4ldbl:amd64 (2:6.3.0+dfsg-2ubuntu6.1) ...
#9 126.1 Setting up rpcsvc-proto (1.4.2-0ubuntu7) ...
#9 126.2 Setting up libgles2:amd64 (1.7.0-1build1) ...
#9 126.2 Setting up libasound2t64:amd64 (1.2.11-1ubuntu0.2) ...
#9 126.3 Setting up gcc-13-base:amd64 (13.3.0-6ubuntu2~24.04.1) ...
#9 126.3 Setting up libva2:amd64 (2.20.0-2ubuntu0.1) ...
#9 126.3 Setting up libx11-data (2:1.8.7-1build1) ...
#9 126.4 Setting up make (4.3-4.1build2) ...
#9 126.4 Setting up libgpg-error-dev (1.47-3build2.1) ...
#9 126.5 Setting up libepoxy0:amd64 (1.5.10-1build1) ...
#9 126.5 Setting up libmpfr6:amd64 (4.2.1-1build1.1) ...
#9 126.5 Setting up libnspr4:amd64 (2:4.35-1.1build1) ...
#9 126.6 Setting up librtmp1:amd64 (2.4+20151223.gitfa8646d.1-2build7) ...
#9 126.6 Setting up libavahi-common-data:amd64 (0.8-13ubuntu6.2) ...
#9 126.7 Setting up libncurses6:amd64 (6.4+20240113-1ubuntu2) ...
#9 126.7 Setting up libgles1:amd64 (1.7.0-1build1) ...
#9 126.7 Setting up libdbus-1-3:amd64 (1.14.10-4ubuntu4.1) ...
#9 126.8 Setting up xz-utils (5.6.1+really5.4.5-1ubuntu0.2) ...
#9 126.8 update-alternatives: using /usr/bin/xz to provide /usr/bin/lzma (lzma) in auto mode
#9 126.8 update-alternatives: warning: skip creation of /usr/share/man/man1/lzma.1.gz because associated file /usr/share/man/man1/xz.1.gz (of link group lzma) doesn't exist
#9 126.8 update-alternatives: warning: skip creation of /usr/share/man/man1/unlzma.1.gz because associated file /usr/share/man/man1/unxz.1.gz (of link group lzma) doesn't exist
#9 126.8 update-alternatives: warning: skip creation of /usr/share/man/man1/lzcat.1.gz because associated file /usr/share/man/man1/xzcat.1.gz (of link group lzma) doesn't exist
#9 126.8 update-alternatives: warning: skip creation of /usr/share/man/man1/lzmore.1.gz because associated file /usr/share/man/man1/xzmore.1.gz (of link group lzma) doesn't exist
#9 126.8 update-alternatives: warning: skip creation of /usr/share/man/man1/lzless.1.gz because associated file /usr/share/man/man1/xzless.1.gz (of link group lzma) doesn't exist
#9 126.8 update-alternatives: warning: skip creation of /usr/share/man/man1/lzdiff.1.gz because associated file /usr/share/man/man1/xzdiff.1.gz (of link group lzma) doesn't exist
#9 126.8 update-alternatives: warning: skip creation of /usr/share/man/man1/lzcmp.1.gz because associated file /usr/share/man/man1/xzcmp.1.gz (of link group lzma) doesn't exist
#9 126.8 update-alternatives: warning: skip creation of /usr/share/man/man1/lzgrep.1.gz because associated file /usr/share/man/man1/xzgrep.1.gz (of link group lzma) doesn't exist
#9 126.8 update-alternatives: warning: skip creation of /usr/share/man/man1/lzegrep.1.gz because associated file /usr/share/man/man1/xzegrep.1.gz (of link group lzma) doesn't exist
#9 126.8 update-alternatives: warning: skip creation of /usr/share/man/man1/lzfgrep.1.gz because associated file /usr/share/man/man1/xzfgrep.1.gz (of link group lzma) doesn't exist
#9 126.8 Setting up libfribidi0:amd64 (1.0.13-3build1) ...
#9 126.9 Setting up perl-modules-5.38 (5.38.2-3.2ubuntu0.2) ...
#9 126.9 Setting up libopus0:amd64 (1.4-1build1) ...
#9 127.0 Setting up libquadmath0:amd64 (14.2.0-4ubuntu2~24.04.1) ...
#9 127.1 Setting up libportmidi0:amd64 (1:217-6.1build3) ...
#9 127.1 Setting up libexif12:amd64 (0.6.24-1build2) ...
#9 127.1 Setting up fonts-dejavu-mono (2.37-8) ...
#9 127.2 Setting up libpng16-16t64:amd64 (1.6.43-5ubuntu0.6) ...
#9 127.3 Setting up libhwloc15:amd64 (2.10.0-1build1) ...
#9 127.3 Setting up libimath-3-1-29t64:amd64 (3.1.9-3.1ubuntu2) ...
#9 127.4 Setting up libmpc3:amd64 (1.3.1-1build1.1) ...
#9 127.4 Setting up libatomic1:amd64 (14.2.0-4ubuntu2~24.04.1) ...
#9 127.4 Setting up libvorbis0a:amd64 (1.3.7-1build3) ...
#9 127.5 Setting up patch (2.7.6-7build3) ...
#9 127.5 Setting up libjsoncpp25:amd64 (1.9.5-6build1) ...
#9 127.6 Setting up liblz4-dev:amd64 (1.9.4-1build1.1) ...
#9 127.6 Setting up fonts-dejavu-core (2.37-8) ...
#9 127.8 Setting up unixodbc-common (2.3.12-1ubuntu0.24.04.1) ...
#9 127.8 Setting up libsocket++1:amd64 (1.12.13+git20131030.5d039ba-1build1) ...
#9 127.9 Setting up libudev-dev:amd64 (255.4-1ubuntu8.15) ...
#9 127.9 Setting up libsepol-dev:amd64 (3.5-2build1) ...
#9 127.9 Setting up pkgconf-bin (1.8.1-2build1) ...
#9 128.0 Setting up gir1.2-glib-2.0:amd64 (2.80.0-6ubuntu3.8) ...
#9 128.1 Setting up libsensors5:amd64 (1:3.6.0-9build1) ...
#9 128.1 Setting up liblerc-dev:amd64 (4.0.0+ds-4ubuntu2) ...
#9 128.2 Setting up libjxl0.7:amd64 (0.7.0-10.2ubuntu6.1) ...
#9 128.2 Setting up libk5crypto3:amd64 (1.20.1-6ubuntu2.6) ...
#9 128.3 Setting up libjpeg-turbo8:amd64 (2.1.5-2ubuntu2) ...
#9 128.3 Setting up libltdl7:amd64 (2.4.7-7build1) ...
#9 128.3 Setting up opencl-c-headers (3.0~2023.12.14-1) ...
#9 128.4 Setting up libfftw3-double3:amd64 (3.3.10-1ubuntu3) ...
#9 128.4 Setting up libsasl2-2:amd64 (2.1.28+dfsg1-5ubuntu3.1) ...
#9 128.5 Setting up libgfortran5:amd64 (14.2.0-4ubuntu2~24.04.1) ...
#9 128.5 Setting up libvulkan1:amd64 (1.3.275.0-1build1) ...
#9 128.5 Setting up libsoup2.4-common (2.74.3-6ubuntu1.6) ...
#9 128.6 Setting up libwebp7:amd64 (1.3.2-0.4build3) ...
#9 128.6 Setting up liblcms2-dev:amd64 (2.14-2ubuntu0.1) ...
#9 128.7 Setting up liblzma-dev:amd64 (5.6.1+really5.4.5-1ubuntu0.2) ...
#9 128.7 Setting up libubsan1:amd64 (14.2.0-4ubuntu2~24.04.1) ...
#9 128.7 Setting up libicu74:amd64 (74.2-1ubuntu3.1) ...
#9 128.8 Setting up libhwy-dev:amd64 (1.0.7-8.1build1) ...
#9 128.8 Setting up libgif7:amd64 (5.2.2-1ubuntu1) ...
#9 128.8 Setting up libodbc2:amd64 (2.3.12-1ubuntu0.24.04.1) ...
#9 128.9 Setting up liburiparser1:amd64 (0.9.7+dfsg-2build1) ...
#9 128.9 Setting up libnuma1:amd64 (2.0.18-1ubuntu0.24.04.1) ...
#9 129.0 Setting up libpcre2-posix3:amd64 (10.42-4ubuntu2.1) ...
#9 129.0 Setting up libfyba0t64:amd64 (4.1.1-11build1) ...
#9 129.0 Setting up libvpx9:amd64 (1.14.0-1ubuntu2.3) ...
#9 129.1 Setting up librttopo1:amd64 (1.1.0-3build2) ...
#9 129.1 Setting up libsrt1.5-gnutls:amd64 (1.5.3-1build2) ...
#9 129.2 Setting up libportmidi-dev (1:217-6.1build3) ...
#9 129.2 Setting up wayland-protocols (1.45-1~ubuntu0.24.04.1) ...
#9 129.2 Setting up libdav1d7:amd64 (1.4.1-1build1) ...
#9 129.3 Setting up libminizip1t64:amd64 (1:1.3.dfsg-3.1ubuntu2.1) ...
#9 129.3 Setting up ocl-icd-libopencl1:amd64 (2.3.2-1build1) ...
#9 129.3 Setting up libduktape207:amd64 (2.7.0+tests-0ubuntu3) ...
#9 129.4 Setting up gir1.2-glib-2.0-dev:amd64 (2.80.0-6ubuntu3.8) ...
#9 129.4 Setting up libasyncns0:amd64 (0.8-6build4) ...
#9 129.4 Setting up libxshmfence1:amd64 (1.3-1build5) ...
#9 129.5 Setting up libhwasan0:amd64 (14.2.0-4ubuntu2~24.04.1) ...
#9 129.5 Setting up at-spi2-common (2.52.0-1build1) ...
#9 129.6 Setting up librhash0:amd64 (1.4.3-3build1) ...
#9 129.6 Setting up libcrypt-dev:amd64 (1:4.4.36-4build1) ...
#9 129.7 Setting up dbus-session-bus-common (1.14.10-4ubuntu4.1) ...
#9 129.7 Setting up libasan8:amd64 (14.2.0-4ubuntu2~24.04.1) ...
#9 129.7 Setting up libblosc1:amd64 (1.21.5+ds-1build1) ...
#9 129.8 Setting up liblua5.4-0:amd64 (5.4.6-3build2) ...
#9 129.8 Setting up libopenjp2-7:amd64 (2.5.0-2ubuntu0.5) ...
#9 129.9 Setting up git-man (1:2.43.0-1ubuntu7.3) ...
#9 130.0 Setting up libthai-data (0.1.29-2build1) ...
#9 130.1 Setting up libgirepository-1.0-1:amd64 (1.80.1-1) ...
#9 130.1 Setting up xorg-sgml-doctools (1:1.11-1.1) ...
#9 130.2 Setting up netbase (6.4) ...
#9 130.3 Setting up libjson-glib-1.0-common (1.8.0-2build2) ...
#9 130.3 Setting up sgml-base (1.31) ...
#9 130.4 Setting up cmake-data (3.28.3-1build7) ...
#9 130.5 Setting up libkrb5-3:amd64 (1.20.1-6ubuntu2.6) ...
#9 130.5 Setting up libabsl20220623t64:amd64 (20220623.1-3.1ubuntu3.2) ...
#9 130.6 Setting up libflac12t64:amd64 (1.4.3+ds-2.1ubuntu2) ...
#9 130.6 Setting up libwayland-egl1:amd64 (1.22.0-2.1build1) ...
#9 130.6 Setting up libusb-1.0-0:amd64 (2:1.0.27-1) ...
#9 130.7 Setting up libstemmer0d:amd64 (2.2.0-4build1) ...
#9 130.7 Setting up libperl5.38t64:amd64 (5.38.2-3.2ubuntu0.2) ...
#9 130.8 Setting up libtsan2:amd64 (14.2.0-4ubuntu2~24.04.1) ...
#9 130.8 Setting up libopengl-dev:amd64 (1.7.0-1build1) ...
#9 130.9 Setting up glib-networking-common (2.80.0-1build1) ...
#9 130.9 Setting up libbinutils:amd64 (2.42-4ubuntu2.10) ...
#9 130.9 Setting up dbus-system-bus-common (1.14.10-4ubuntu4.1) ...
#9 131.1 Setting up libisl23:amd64 (0.26-3build1.1) ...
#9 131.2 Setting up libasound2-dev:amd64 (1.2.11-1ubuntu0.2) ...
#9 131.2 Setting up libde265-0:amd64 (1.0.15-1build3) ...
#9 131.3 Setting up libsharpyuv-dev:amd64 (1.3.2-0.4build3) ...
#9 131.3 Setting up libc-dev-bin (2.39-0ubuntu8.7) ...
#9 131.3 Setting up libkmlbase1t64:amd64 (1.3.0-12build1) ...
#9 131.4 Setting up libsamplerate0:amd64 (0.2.2-4build1) ...
#9 131.4 Setting up openssl (3.0.13-0ubuntu3.9) ...
#9 131.5 Setting up libwebpmux3:amd64 (1.3.2-0.4build3) ...
#9 131.5 Setting up libbsd0:amd64 (0.12.1-1build1.1) ...
#9 131.6 Setting up libdeflate-dev:amd64 (1.19-1build1.1) ...
#9 131.6 Setting up libdrm-common (2.4.125-1ubuntu0.1~24.04.1) ...
#9 131.6 Setting up readline-common (8.2-4build1) ...
#9 131.7 Setting up libxml2:amd64 (2.9.14+dfsg-1.3ubuntu3.7) ...
#9 131.7 Setting up libcc1-0:amd64 (14.2.0-4ubuntu2~24.04.1) ...
#9 131.8 Setting up libldap2:amd64 (2.6.10+dfsg-0ubuntu0.24.04.1) ...
#9 131.8 Setting up iso-codes (4.16.0-1) ...
#9 131.9 Setting up dbus-bin (1.14.10-4ubuntu4.1) ...
#9 131.9 Setting up libbrotli-dev:amd64 (1.1.0-2build2) ...
#9 132.0 Setting up libzvbi-common (0.2.42-2) ...
#9 132.0 Setting up libsecret-common (0.21.4-1build3) ...
#9 132.1 Setting up liblsan0:amd64 (14.2.0-4ubuntu2~24.04.1) ...
#9 132.1 Setting up libgstreamer1.0-0:amd64 (1.24.2-1ubuntu0.1) ...
#9 132.2 Setcap worked! gst-ptp-helper is not suid!
#9 132.2 Setting up libmp3lame0:amd64 (3.100-6build1) ...
#9 132.2 Setting up libsz2:amd64 (1.1.2-1build1) ...
#9 132.2 Setting up libitm1:amd64 (14.2.0-4ubuntu2~24.04.1) ...
#9 132.3 Setting up libvorbisenc2:amd64 (1.3.7-1build3) ...
#9 132.3 Setting up gdal-plugins:amd64 (3.8.4+dfsg-3ubuntu3) ...
#9 132.4 Setting up libxkbcommon0:amd64 (1.6.0-1build1) ...
#9 132.4 Setting up libpotrace0:amd64 (1.16-2build1) ...
#9 132.4 Setting up libwayland-client0:amd64 (1.22.0-2.1build1) ...
#9 132.5 Setting up libctf0:amd64 (2.42-4ubuntu2.10) ...
#9 132.5 Setting up libjpeg8:amd64 (8c-2ubuntu11) ...
#9 132.6 Setting up x11proto-dev (2023.2-1) ...
#9 132.6 Setting up libgdcm3.0t64:amd64 (3.0.22-2.1ubuntu1) ...
#9 132.6 Setting up libimath-dev:amd64 (3.1.9-3.1ubuntu2) ...
#9 132.7 Setting up libice6:amd64 (2:1.0.10-1build3) ...
#9 132.7 Setting up session-migration (0.3.9build1) ...
#9 132.9 Created symlink /etc/systemd/user/graphical-session-pre.target.wants/session-migration.service → /usr/lib/systemd/user/session-migration.service.
#9 132.9 Setting up libodbcinst2:amd64 (2.3.12-1ubuntu0.24.04.1) ...
#9 133.0 Setting up libxdmcp6:amd64 (1:1.1.3-0ubuntu6) ...
#9 133.0 Setting up liblapack3:amd64 (3.12.0-3build1.1) ...
#9 133.0 update-alternatives: using /usr/lib/x86_64-linux-gnu/lapack/liblapack.so.3 to provide /usr/lib/x86_64-linux-gnu/liblapack.so.3 (liblapack.so.3-x86_64-linux-gnu) in auto mode
#9 133.0 Setting up libxcb1:amd64 (1.15-1ubuntu2) ...
#9 133.1 Setting up gettext (0.21-14ubuntu2) ...
#9 133.1 Setting up libarpack2t64:amd64 (3.9.1-1.1build2) ...
#9 133.2 Setting up libgmp-dev:amd64 (2:6.3.0+dfsg-2ubuntu6.1) ...
#9 133.2 Setting up libxcb-xfixes0:amd64 (1.15-1ubuntu2) ...
#9 133.2 Setting up libatk1.0-0t64:amd64 (2.52.0-1build1) ...
#9 133.3 Setting up desktop-file-utils (0.27-2build1) ...
#9 133.3 Setting up libxau-dev:amd64 (1:1.0.9-1build6) ...
#9 133.4 Setting up libzvbi0t64:amd64 (0.2.42-2) ...
#9 133.4 Setting up nettle-dev:amd64 (3.9.1-2.2build1.1) ...
#9 133.5 Setting up libice-dev:amd64 (2:1.0.10-1build3) ...
#9 133.5 Setting up libgirepository-2.0-0:amd64 (2.80.0-6ubuntu3.8) ...
#9 133.6 Setting up libxcb-render0:amd64 (1.15-1ubuntu2) ...
#9 133.6 Setting up libsoxr0:amd64 (0.1.3-4build3) ...
#9 133.7 Setting up gir1.2-atk-1.0:amd64 (2.52.0-1build1) ...
#9 133.7 Setting up cpp-13-x86-64-linux-gnu (13.3.0-6ubuntu2~24.04.1) ...
#9 133.8 Setting up fontconfig-config (2.15.0-1.1ubuntu2) ...
#9 134.0 Setting up libfribidi-dev:amd64 (1.0.13-3build1) ...
#9 134.0 Setting up libxcb-glx0:amd64 (1.15-1ubuntu2) ...
#9 134.1 Setting up libwebpdemux2:amd64 (1.3.2-0.4build3) ...
#9 134.1 Setting up libxkbcommon-dev:amd64 (1.6.0-1build1) ...
#9 134.1 Setting up libedit2:amd64 (3.1-20230828-1build1) ...
#9 134.2 Setting up libpotrace-dev:amd64 (1.16-2build1) ...
#9 134.2 Setting up libibus-1.0-5:amd64 (1.5.29-2) ...
#9 134.2 Setting up libpugixml-dev:amd64 (1.14-0.1build1) ...
#9 134.3 Setting up libavahi-common3:amd64 (0.8-13ubuntu6.2) ...
#9 134.3 Setting up libjbig-dev:amd64 (2.1-6.1ubuntu2) ...
#9 134.4 Setting up libglib2.0-bin (2.80.0-6ubuntu3.8) ...
#9 134.4 Setting up libnss3:amd64 (2:3.98-1ubuntu0.1) ...
#9 134.4 Setting up libxcb-shm0:amd64 (1.15-1ubuntu2) ...
#9 134.5 Setting up dbus-daemon (1.14.10-4ubuntu4.1) ...
#9 134.5 Setting up opensp (1.5.2-15ubuntu2) ...
#9 134.6 Setting up libsuperlu6:amd64 (6.0.1+dfsg1-1build1) ...
#9 134.6 Setting up libcolord2:amd64 (1.4.7-1build2) ...
#9 134.7 Setting up pkgconf:amd64 (1.8.1-2build1) ...
#9 134.7 Setting up libjson-glib-1.0-0:amd64 (1.8.0-2build2) ...
#9 134.7 Setting up libtbbbind-2-5:amd64 (2021.11.0-2ubuntu2) ...
#9 134.8 Setting up libexiv2-dev:amd64 (0.27.6-1ubuntu0.3) ...
#9 134.8 Setting up libxcb-present0:amd64 (1.15-1ubuntu2) ...
#9 134.9 Setting up libdconf1:amd64 (0.40.0-4ubuntu0.1) ...
#9 134.9 Setting up libkmldom1t64:amd64 (1.3.0-12build1) ...
#9 134.9 Setting up liblensfun1:amd64 (0.3.4-1build2) ...
#9 135.0 Setting up libthai0:amd64 (0.1.29-2build1) ...
#9 135.0 Setting up ca-certificates (20240203) ...
#9 135.5 Updating certificates in /etc/ssl/certs...
#9 136.3 146 added, 0 removed; done.
#9 136.4 Setting up libvorbisfile3:amd64 (1.3.7-1build3) ...
#9 136.5 Setting up libxdmcp-dev:amd64 (1:1.1.3-0ubuntu6) ...
#9 136.5 Setting up libwayland-bin (1.22.0-2.1build1) ...
#9 136.5 Setting up perl (5.38.2-3.2ubuntu0.2) ...
#9 136.6 Setting up libsecret-1-0:amd64 (0.21.4-1build3) ...
#9 136.6 Setting up libgprofng0:amd64 (2.42-4ubuntu2.10) ...
#9 136.7 Setting up libwebp-dev:amd64 (1.3.2-0.4build3) ...
#9 136.7 Setting up libxs-parse-keyword-perl (0.39-1build3) ...
#9 136.8 Setting up gir1.2-secret-1:amd64 (0.21.4-1build3) ...
#9 136.8 Setting up libfreetype6:amd64 (2.13.2+dfsg-1ubuntu0.1) ...
#9 136.8 Setting up libde265-dev:amd64 (1.0.15-1build3) ...
#9 136.9 Setting up libopenjp2-7-dev:amd64 (2.5.0-2ubuntu0.5) ...
#9 137.0 Setting up libxcb-sync1:amd64 (1.15-1ubuntu2) ...
#9 137.0 Setting up gir1.2-girepository-2.0:amd64 (1.80.1-1) ...
#9 137.1 Setting up x11proto-core-dev (2023.2-1) ...
#9 137.1 Setting up dbus (1.14.10-4ubuntu4.1) ...
#9 137.2 Setting up libdav1d-dev:amd64 (1.4.1-1build1) ...
#9 137.3 Setting up libopenexr-3-1-30:amd64 (3.1.5-5.1build3) ...
#9 137.3 Setting up shared-mime-info (2.4-4) ...
#9 145.7 Setting up opencl-clhpp-headers (3.0~2023.12.14-1ubuntu1) ...
#9 145.7 Setting up libdc1394-25:amd64 (2.2.6-4build1) ...
#9 145.8 Setting up libgssapi-krb5-2:amd64 (1.20.1-6ubuntu2.6) ...
#9 145.8 Setting up libio-html-perl (1.004-3) ...
#9 145.9 Setting up liblensfun-dev (0.3.4-1build2) ...
#9 145.9 Setting up libpod-parser-perl (1.67-1) ...
#9 146.0 Setting up libllvm20:amd64 (1:20.1.2-0ubuntu1~24.04.2) ...
#9 146.0 Setting up icu-devtools (74.2-1ubuntu3.1) ...
#9 146.0 Setting up libjxl-dev:amd64 (0.7.0-10.2ubuntu6.1) ...
#9 146.1 Setting up libgav1-1:amd64 (0.18.0-1build3) ...
#9 146.1 Setting up ocl-icd-opencl-dev:amd64 (2.3.2-1build1) ...
#9 146.2 Setting up libdpkg-perl (1.22.6ubuntu6.6) ...
#9 146.2 Setting up libssh-4:amd64 (0.10.6-2ubuntu0.4) ...
#9 146.3 Setting up libraw23t64:amd64 (0.21.2-2.1ubuntu0.24.04.1) ...
#9 146.3 Setting up autoconf (2.71-3) ...
#9 146.4 Setting up libx265-199:amd64 (3.5-2build1) ...
#9 146.4 Setting up libtimedate-perl (2.3300-2) ...
#9 146.4 Setting up libreadline8t64:amd64 (8.2-4build1) ...
#9 146.5 Setting up libsndio7.0:amd64 (1.9.0-0.3build3) ...
#9 146.5 Setting up libsyntax-keyword-try-perl (0.29-1build3) ...
#9 146.6 Setting up libdrm2:amd64 (2.4.125-1ubuntu0.1~24.04.1) ...
#9 146.6 Setting up libfreexl1:amd64 (2.0.0-1build2) ...
#9 146.6 Setting up libdatrie-dev:amd64 (0.2.13-3build1) ...
#9 146.7 Setting up gir1.2-colord-1.0:amd64 (1.4.7-1build2) ...
#9 146.7 Setting up libva-drm2:amd64 (2.20.0-2ubuntu0.1) ...
#9 146.8 Setting up libgcc-13-dev:amd64 (13.3.0-6ubuntu2~24.04.1) ...
#9 146.8 Setting up libtiff6:amd64 (4.5.1+git230720-4ubuntu2.5) ...
#9 146.8 Setting up libwayland-cursor0:amd64 (1.22.0-2.1build1) ...
#9 146.9 Setting up libxcb-randr0:amd64 (1.15-1ubuntu2) ...
#9 146.9 Setting up xml-core (0.19) ...
#9 147.3 Setting up libxslt1.1:amd64 (1.1.39-0exp1ubuntu0.24.04.3) ...
#9 147.3 Setting up libpam-systemd:amd64 (255.4-1ubuntu8.15) ...
#9 147.5 Setting up libdecor-0-0:amd64 (0.2.2-1build2) ...
#9 147.6 Setting up libc6-dev:amd64 (2.39-0ubuntu8.7) ...
#9 147.6 Setting up libx11-6:amd64 (2:1.8.7-1build1) ...
#9 147.6 Setting up libharfbuzz0b:amd64 (8.3.0-2build2) ...
#9 147.7 Setting up gir1.2-json-1.0:amd64 (1.8.0-2build2) ...
#9 147.7 Setting up libgdk-pixbuf-2.0-0:amd64 (2.42.10+dfsg-3ubuntu3.3) ...
#9 147.8 Setting up libgphoto2-port12t64:amd64 (2.5.31-2.1ubuntu1) ...
#9 147.8 Setting up libfontconfig1:amd64 (2.15.0-1.1ubuntu2) ...
#9 147.9 Setting up libsndfile1:amd64 (1.2.2-1ubuntu5.24.04.1) ...
#9 147.9 Setting up libxml2-utils (2.9.14+dfsg-1.3ubuntu3.7) ...
#9 148.0 Setting up libbluray2:amd64 (1:1.3.4-1build1) ...
#9 148.0 Setting up libtiffxx6:amd64 (4.5.1+git230720-4ubuntu2.5) ...
#9 148.0 Setting up gir1.2-ibus-1.0:amd64 (1.5.29-2) ...
#9 148.1 Setting up libyuv0:amd64 (0.0~git202401110.af6ac82-1) ...
#9 148.1 Setting up libxcomposite1:amd64 (1:0.4.5-1build3) ...
#9 148.2 Setting up libsm6:amd64 (2:1.2.3-1build3) ...
#9 148.2 Setting up libarchive13t64:amd64 (3.7.2-2ubuntu0.7) ...
#9 148.2 Setting up libicu-dev:amd64 (74.2-1ubuntu3.1) ...
#9 148.3 Setting up libopenmpt0t64:amd64 (0.7.3-1.1build3) ...
#9 148.3 Setting up libavahi-client3:amd64 (0.8-13ubuntu6.2) ...
#9 148.4 Setting up liburi-perl (5.27-1) ...
#9 148.4 Setting up libarmadillo12 (1:12.6.7+dfsg-1build2) ...
#9 148.4 Setting up libstdc++-13-dev:amd64 (13.3.0-6ubuntu2~24.04.1) ...
#9 148.5 Setting up binutils-x86-64-linux-gnu (2.42-4ubuntu2.10) ...
#9 148.5 Setting up libdrm-amdgpu1:amd64 (2.4.125-1ubuntu0.1~24.04.1) ...
#9 148.6 Setting up libbz2-dev:amd64 (1.0.8-5.1build0.1) ...
#9 148.6 Setting up libnet-ssleay-perl:amd64 (1.94-1build4) ...
#9 148.7 Setting up cpp-x86-64-linux-gnu (4:13.2.0-7ubuntu1) ...
#9 148.7 Setting up libssh-gcrypt-4:amd64 (0.10.6-2ubuntu0.4) ...
#9 148.7 Setting up automake (1:1.16.5-1.3ubuntu1) ...
#9 148.8 update-alternatives: using /usr/bin/automake-1.16 to provide /usr/bin/automake (automake) in auto mode
#9 148.8 update-alternatives: warning: skip creation of /usr/share/man/man1/automake.1.gz because associated file /usr/share/man/man1/automake-1.16.1.gz (of link group automake) doesn't exist
#9 148.8 update-alternatives: warning: skip creation of /usr/share/man/man1/aclocal.1.gz because associated file /usr/share/man/man1/aclocal-1.16.1.gz (of link group automake) doesn't exist
#9 148.8 Setting up libxcb-dri3-0:amd64 (1.15-1ubuntu2) ...
#9 148.9 Setting up gtk-update-icon-cache (3.24.41-4ubuntu1.3) ...
#9 149.0 Setting up libraw-dev:amd64 (0.21.2-2.1ubuntu0.24.04.1) ...
#9 149.0 Setting up libx11-xcb1:amd64 (2:1.8.7-1build1) ...
#9 149.0 Setting up libhttp-date-perl (6.06-1) ...
#9 149.1 Setting up fontconfig (2.15.0-1.1ubuntu2) ...
#9 149.1 Regenerating fonts cache... done.
#9 151.1 Setting up libjpeg-turbo8-dev:amd64 (2.1.5-2ubuntu2) ...
#9 151.2 Setting up libavif16:amd64 (1.0.4-1ubuntu3) ...
#9 151.3 Setting up libexif-dev:amd64 (0.6.24-1build2) ...
#9 151.3 Setting up libncurses-dev:amd64 (6.4+20240113-1ubuntu2) ...
#9 151.4 Setting up libsgmls-perl (1.03ii-38) ...
#9 151.5 Setting up libdrm-nouveau2:amd64 (2.4.125-1ubuntu0.1~24.04.1) ...
#9 151.5 Setting up libsndio-dev:amd64 (1.9.0-0.3build3) ...
#9 151.7 Setting up libharfbuzz-icu0:amd64 (8.3.0-2build2) ...
#9 151.8 Setting up libxdamage1:amd64 (1:1.1.6-1build1) ...
#9 151.9 Setting up libxcb1-dev:amd64 (1.15-1ubuntu2) ...
#9 152.0 Setting up libfile-listing-perl (6.16-1) ...
#9 152.0 Setting up libzmq5:amd64 (4.3.5-1build2) ...
#9 152.1 Setting up libpython3.12-stdlib:amd64 (3.12.3-1ubuntu0.13) ...
#9 152.2 Setting up libxpm4:amd64 (1:3.5.17-1build2) ...
#9 152.2 Setting up libpcre2-dev:amd64 (10.42-4ubuntu2.1) ...
#9 152.3 Setting up libattr1-dev:amd64 (1:2.5.2-1build1.1) ...
#9 152.3 Setting up cpp-13 (13.3.0-6ubuntu2~24.04.1) ...
#9 152.4 Setting up libxrender1:amd64 (1:0.9.10-1.1build1) ...
#9 152.5 Setting up gir1.2-gdkpixbuf-2.0:amd64 (2.42.10+dfsg-3ubuntu3.3) ...
#9 152.5 Setting up libcurl4t64:amd64 (8.5.0-2ubuntu10.9) ...
#9 152.6 Setting up libtirpc3t64:amd64 (1.3.4+ds-1.1build1) ...
#9 152.6 Setting up libogdi4.1:amd64 (4.1.1+ds-3build1) ...
#9 152.7 Setting up libpulse0:amd64 (1:16.1+dfsg1-2ubuntu10.1) ...
#9 152.8 Setting up libclone-perl:amd64 (0.46-1build3) ...
#9 152.8 Setting up libsm-dev:amd64 (2:1.2.3-1build3) ...
#9 152.9 Setting up libselinux1-dev:amd64 (3.5-2ubuntu2.1) ...
#9 152.9 Setting up libdrm-radeon1:amd64 (2.4.125-1ubuntu0.1~24.04.1) ...
#9 153.0 Setting up gcc-13-x86-64-linux-gnu (13.3.0-6ubuntu2~24.04.1) ...
#9 153.1 Setting up libhtml-tagset-perl (3.20-6) ...
#9 153.1 Setting up python3.12 (3.12.3-1ubuntu0.13) ...
#9 154.5 Setting up libpango-1.0-0:amd64 (1.52.1+ds-1build1) ...
#9 154.6 Setting up libsamplerate0-dev:amd64 (0.2.2-4build1) ...
#9 154.6 Setting up libdrm-intel1:amd64 (2.4.125-1ubuntu0.1~24.04.1) ...
#9 154.6 Setting up liblwp-mediatypes-perl (6.04-2) ...
#9 154.7 Setting up xsltproc (1.1.39-0exp1ubuntu0.24.04.3) ...
#9 154.8 Setting up libtry-tiny-perl (0.31-2) ...
#9 154.8 Setting up libpq5:amd64 (16.14-0ubuntu0.24.04.1) ...
#9 154.9 Setting up libx11-dev:amd64 (2:1.8.7-1build1) ...
#9 154.9 Setting up libcurl3t64-gnutls:amd64 (8.5.0-2ubuntu10.9) ...
#9 154.9 Setting up libxext6:amd64 (2:1.3.4-1build2) ...
#9 155.0 Setting up libnet-http-perl (6.23-1) ...
#9 155.0 Setting up libgstreamer-plugins-base1.0-0:amd64 (1.24.2-1ubuntu0.4) ...
#9 155.1 Setting up libencode-locale-perl (1.05-3) ...
#9 155.1 Setting up libtbb12:amd64 (2021.11.0-2ubuntu2) ...
#9 155.1 Setting up libharfbuzz-gobject0:amd64 (8.3.0-2build2) ...
#9 155.2 Setting up binutils (2.42-4ubuntu2.10) ...
#9 155.2 Setting up libkmlengine1t64:amd64 (1.3.0-12build1) ...
#9 155.3 Setting up gir1.2-girepository-2.0-dev:amd64 (1.80.1-1) ...
#9 155.3 Setting up libreadline-dev:amd64 (8.2-4build1) ...
#9 155.3 Setting up libxerces-c3.2t64:amd64 (3.2.4+debian-1.2ubuntu2) ...
#9 155.4 Setting up libcurl4-gnutls-dev:amd64 (8.5.0-2ubuntu10.9) ...
#9 155.5 Setting up libwayland-dev:amd64 (1.22.0-2.1build1) ...
#9 155.5 Setting up opencl-headers (3.0~2023.12.14-1) ...
#9 155.6 Setting up libyaml-tiny-perl (1.74-1) ...
#9 155.6 Setting up libcairo2:amd64 (1.18.0-3build1) ...
#9 155.6 Setting up dpkg-dev (1.22.6ubuntu6.6) ...
#9 155.7 Setting up liblua5.4-dev:amd64 (5.4.6-3build2) ...
#9 155.8 update-alternatives: using /usr/lib/x86_64-linux-gnu/pkgconfig/lua5.4.pc to provide /usr/lib/x86_64-linux-gnu/pkgconfig/lua.pc (lua-pkgconfig-x86_64-linux-gnu) in auto mode
#9 155.9 Setting up libxxf86vm1:amd64 (1:1.1.4-1build4) ...
#9 155.9 Setting up liberror-perl (0.17029-2) ...
#9 156.0 Setting up libdecor-0-dev:amd64 (0.2.2-1build2) ...
#9 156.1 Setting up libxcb-shm0-dev:amd64 (1.15-1ubuntu2) ...
#9 156.1 Setting up libltdl-dev:amd64 (2.4.7-7build1) ...
#9 156.2 Setting up dbus-user-session (1.14.10-4ubuntu4.1) ...
#9 156.2 Setting up libxml2-dev:amd64 (2.9.14+dfsg-1.3ubuntu3.7) ...
#9 156.3 Setting up libcfitsio10t64:amd64 (4.3.1-1.1build2) ...
#9 156.3 Setting up libexpat1-dev:amd64 (2.6.1-2ubuntu0.4) ...
#9 156.4 Setting up libgcrypt20-dev (1.10.3-2ubuntu0.1) ...
#9 156.4 Setting up libharfbuzz-cairo0:amd64 (8.3.0-2build2) ...
#9 156.5 Setting up libwmf-0.2-7:amd64 (0.2.13-1.1build3) ...
#9 156.5 Setting up libsqlite3-dev:amd64 (3.45.1-1ubuntu2.5) ...
#9 156.6 Setting up libxfixes3:amd64 (1:6.0.0-2build1) ...
#9 156.6 Setting up uuid-dev:amd64 (2.39.3-9ubuntu6.5) ...
#9 156.6 Setting up libpulse-mainloop-glib0:amd64 (1:16.1+dfsg1-2ubuntu10.1) ...
#9 156.7 Setting up libx265-dev:amd64 (3.5-2build1) ...
#9 156.7 Setting up libxinerama1:amd64 (2:1.1.4-3build1) ...
#9 156.8 Setting up libxt6t64:amd64 (1:1.2.1-1.2build1) ...
#9 156.8 Setting up comerr-dev:amd64 (2.1-1.47.0-2.4~exp1ubuntu4.1) ...
#9 156.9 Setting up libxv1:amd64 (2:1.0.11-1.1build1) ...
#9 156.9 Setting up libavif-dev:amd64 (1.0.4-1ubuntu3) ...
#9 156.9 Setting up gcc-13 (13.3.0-6ubuntu2~24.04.1) ...
#9 157.0 Setting up libxrandr2:amd64 (2:1.5.2-2build1) ...
#9 157.0 Setting up libxcb-render0-dev:amd64 (1.15-1ubuntu2) ...
#9 157.1 Setting up git (1:2.43.0-1ubuntu7.3) ...
#9 157.1 Setting up libhdf4-0-alt:amd64 (4.2.16-4build1) ...
#9 157.2 Setting up libxext-dev:amd64 (2:1.3.4-1build2) ...
#9 157.2 Setting up libthai-dev:amd64 (0.1.29-2build1) ...
#9 157.3 Setting up zlib1g-dev:amd64 (1:1.3.dfsg-3.1ubuntu2.1) ...
#9 157.3 Setting up libwww-robotrules-perl (6.02-1) ...
#9 157.4 Setting up libgdk-pixbuf2.0-bin (2.42.10+dfsg-3ubuntu3.3) ...
#9 157.4 Setting up libvdpau1:amd64 (1.5-2build1) ...
#9 157.6 Setting up cpp (4:13.2.0-7ubuntu1) ...
#9 157.7 Setting up libhtml-parser-perl:amd64 (3.81-1build3) ...
#9 157.8 Setting up libtheora0:amd64 (1.1.1+dfsg.1-16.1build3) ...
#9 157.9 Setting up libharfbuzz-subset0:amd64 (8.3.0-2build2) ...
#9 157.9 Setting up cmake (3.28.3-1build7) ...
#9 158.0 Setting up libcairo-gobject2:amd64 (1.18.0-3build1) ...
#9 158.0 Setting up curl (8.5.0-2ubuntu10.9) ...
#9 158.1 Setting up libxss1:amd64 (1:1.2.3-1build3) ...
#9 158.1 Setting up libpangoft2-1.0-0:amd64 (1.52.1+ds-1build1) ...
#9 158.1 Setting up libjpeg8-dev:amd64 (8c-2ubuntu11) ...
#9 158.2 Setting up libhdf5-103-1t64:amd64 (1.10.10+repack-3.1ubuntu4) ...
#9 158.2 Setting up libext2fs-dev (1.47.0-2.4~exp1ubuntu4.1) ...
#9 158.3 Setting up libva-x11-2:amd64 (2.20.0-2ubuntu0.1) ...
#9 158.3 Setting up libxrender-dev:amd64 (1:0.9.10-1.1build1) ...
#9 158.4 Setting up libcups2t64:amd64 (2.4.7-1.2ubuntu7.9) ...
#9 158.5 Setting up libio-socket-ssl-perl (2.085-1) ...
#9 158.5 Setting up libpangocairo-1.0-0:amd64 (1.52.1+ds-1build1) ...
#9 158.6 Setting up libpython3-stdlib:amd64 (3.12.3-0ubuntu2.1) ...
#9 158.6 Setting up libacl1-dev:amd64 (2.3.2-1build1.1) ...
#9 158.7 Setting up libhttp-message-perl (6.45-1ubuntu1) ...
#9 158.7 Setting up libcairo-script-interpreter2:amd64 (1.18.0-3build1) ...
#9 158.8 Setting up libblkid-dev:amd64 (2.39.3-9ubuntu6.5) ...
#9 158.8 Setting up libhdf5-hl-100t64:amd64 (1.10.10+repack-3.1ubuntu4) ...
#9 158.9 Setting up libhttp-negotiate-perl (6.01-2) ...
#9 158.9 Setting up mesa-libgallium:amd64 (25.2.8-0ubuntu0.24.04.1) ...
#9 159.0 Setting up libdrm-dev:amd64 (2.4.125-1ubuntu0.1~24.04.1) ...
#9 159.1 Setting up libnetcdf19t64:amd64 (1:4.9.2-5ubuntu4) ...
#9 159.1 Setting up libxft2:amd64 (2.3.6-1build1) ...
#9 159.2 Setting up libproxy1v5:amd64 (0.5.4-4build1) ...
#9 159.2 Setting up gir1.2-freedesktop:amd64 (1.80.1-1) ...
#9 159.3 Setting up po4a (0.69-1) ...
#9 159.3 Setting up libvpl2 (2023.3.0-1build1) ...
#9 159.4 Setting up libpangoxft-1.0-0:amd64 (1.52.1+ds-1build1) ...
#9 159.4 Setting up g++-13-x86-64-linux-gnu (13.3.0-6ubuntu2~24.04.1) ...
#9 159.5 Setting up libxi6:amd64 (2:1.8.1-1build1) ...
#9 159.5 Setting up gcc-x86-64-linux-gnu (4:13.2.0-7ubuntu1) ...
#9 159.6 Setting up libappstream-glib8:amd64 (0.8.2-1.1build1) ...
#9 159.7 Setting up libproj25:amd64 (9.4.0-1build2) ...
#9 159.7 Setting up libgbm1:amd64 (25.2.8-0ubuntu0.24.04.1) ...
#9 159.7 Setting up libhttp-cookies-perl (6.11-1) ...
#9 159.8 Setting up libpoppler134:amd64 (24.02.0-1ubuntu9.8) ...
#9 159.8 Setting up libxtst6:amd64 (2:1.2.3-1.1build1) ...
#9 159.9 Setting up libhtml-tree-perl (5.07-3) ...
#9 159.9 Setting up libxxf86vm-dev:amd64 (1:1.1.4-1build4) ...
#9 160.0 Setting up libxcursor1:amd64 (1:1.2.1-1build1) ...
#9 160.0 Setting up libgl1-mesa-dri:amd64 (25.2.8-0ubuntu0.24.04.1) ...
#9 160.0 Setting up libpng-dev:amd64 (1.6.43-5ubuntu0.6) ...
#9 160.1 Setting up pango1.0-tools (1.52.1+ds-1build1) ...
#9 160.2 Setting up libjpeg-dev:amd64 (8c-2ubuntu11) ...
#9 160.2 Setting up libavutil58:amd64 (7:6.1.1-3ubuntu5) ...
#9 160.3 Setting up dconf-service (0.40.0-4ubuntu0.1) ...
#9 160.3 Setting up python3 (3.12.3-0ubuntu2.1) ...
#9 161.1 Setting up libxss-dev:amd64 (1:1.2.3-1build3) ...
#9 161.2 Setting up python3-markupsafe (2.1.5-1build2) ...
#9 161.3 Setting up gir1.2-harfbuzz-0.0:amd64 (8.3.0-2build2) ...
#9 161.4 Setting up libgbm-dev:amd64 (25.2.8-0ubuntu0.24.04.1) ...
#9 161.4 Setting up gcc (4:13.2.0-7ubuntu1) ...
#9 161.5 Setting up libgeotiff5:amd64 (1.7.1-5build1) ...
#9 161.5 Setting up libfreetype-dev:amd64 (2.13.2+dfsg-1ubuntu0.1) ...
#9 161.6 Setting up librsvg2-2:amd64 (2.58.0+dfsg-1build1) ...
#9 161.6 Setting up libxfixes-dev:amd64 (1:6.0.0-2build1) ...
#9 161.6 Setting up libcupsimage2t64:amd64 (2.4.7-1.2ubuntu7.9) ...
#9 161.7 Setting up libxv-dev:amd64 (2:1.0.11-1.1build1) ...
#9 161.7 Setting up libwmf-dev (0.2.13-1.1build3) ...
#9 161.8 Setting up gir1.2-pango-1.0:amd64 (1.52.1+ds-1build1) ...
#9 161.8 Setting up libxrandr-dev:amd64 (2:1.5.2-2build1) ...
#9 161.8 Setting up libegl-mesa0:amd64 (25.2.8-0ubuntu0.24.04.1) ...
#9 161.9 Setting up libopenexr-dev (3.1.5-5.1build3) ...
#9 162.0 Setting up python3-packaging (24.0-1) ...
#9 162.2 Setting up libtiff-dev:amd64 (4.5.1+git230720-4ubuntu2.5) ...
#9 162.2 Setting up libswresample4:amd64 (7:6.1.1-3ubuntu5) ...
#9 162.3 Setting up libxt-dev:amd64 (1:1.2.1-1.2build1) ...
#9 162.3 Setting up libatspi2.0-0t64:amd64 (2.52.0-1build1) ...
#9 162.3 Setting up gir1.2-freedesktop-dev:amd64 (1.80.1-1) ...
#9 162.4 Setting up python3-markdown (3.5.2-1) ...
#9 162.7 Setting up appstream-util (0.8.2-1.1build1) ...
#9 162.7 Setting up libxinerama-dev:amd64 (2:1.1.4-3build1) ...
#9 162.7 Setting up librsvg2-common:amd64 (2.58.0+dfsg-1build1) ...
#9 162.8 Setting up libavcodec60:amd64 (7:6.1.1-3ubuntu5) ...
#9 162.9 Setting up python3-pyrsistent:amd64 (0.20.0-1build2) ...
#9 163.1 Setting up libarchive-dev:amd64 (3.7.2-2ubuntu0.7) ...
#9 163.1 Setting up libegl1:amd64 (1.7.0-1build1) ...
#9 163.1 Setting up g++-x86-64-linux-gnu (4:13.2.0-7ubuntu1) ...
#9 163.2 Setting up libxi-dev:amd64 (2:1.8.1-1build1) ...
#9 163.3 Setting up gir1.2-rsvg-2.0:amd64 (2.58.0+dfsg-1build1) ...
#9 163.3 Setting up libsdl2-2.0-0:amd64 (2.30.0+dfsg-1ubuntu3.1) ...
#9 163.4 Setting up libmount-dev:amd64 (2.39.3-9ubuntu6.5) ...
#9 163.4 Setting up libswscale7:amd64 (7:6.1.1-3ubuntu5) ...
#9 163.5 Setting up libspatialite8t64:amd64 (5.1.0-3build1) ...
#9 163.5 Setting up libxtst-dev:amd64 (2:1.2.3-1.1build1) ...
#9 163.5 Setting up python3-pkg-resources (68.1.2-2ubuntu1.2) ...
#9 164.0 Setting up libxdamage-dev:amd64 (1:1.1.6-1build1) ...
#9 164.0 Setting up libatk-bridge2.0-0t64:amd64 (2.52.0-1build1) ...
#9 164.0 Setting up libglib2.0-dev-bin (2.80.0-6ubuntu3.8) ...
#9 164.3 Setting up glib-networking-services (2.80.0-1build1) ...
#9 164.3 Setting up python3-attr (23.2.0-2) ...
#9 164.6 Setting up g++-13 (13.3.0-6ubuntu2~24.04.1) ...
#9 164.6 Setting up libglx-mesa0:amd64 (25.2.8-0ubuntu0.24.04.1) ...
#9 164.6 Setting up python3-setuptools (68.1.2-2ubuntu1.2) ...
#9 165.3 Setting up libglx0:amd64 (1.7.0-1build1) ...
#9 165.3 Setting up dconf-gsettings-backend:amd64 (0.40.0-4ubuntu0.1) ...
#9 165.3 Setting up libfontconfig-dev:amd64 (2.15.0-1.1ubuntu2) ...
#9 165.4 Setting up libxcomposite-dev:amd64 (1:0.4.5-1build3) ...
#9 165.4 Setting up libxcursor-dev:amd64 (1:1.2.1-1build1) ...
#9 165.5 Setting up libtiff5-dev:amd64 (4.5.1+git230720-4ubuntu2.5) ...
#9 165.5 Setting up gir1.2-atspi-2.0:amd64 (2.52.0-1build1) ...
#9 165.5 Setting up libavformat60:amd64 (7:6.1.1-3ubuntu5) ...
#9 165.6 Setting up libgl1:amd64 (1.7.0-1build1) ...
#9 165.6 Setting up libglib2.0-dev:amd64 (2.80.0-6ubuntu3.8) ...
#9 165.7 Setting up python3-jsonschema (4.10.3-2ubuntu1) ...
#9 165.9 Setting up libpulse-dev:amd64 (1:16.1+dfsg1-2ubuntu10.1) ...
#9 166.0 Setting up g++ (4:13.2.0-7ubuntu1) ...
#9 166.0 update-alternatives: using /usr/bin/g++ to provide /usr/bin/c++ (c++) in auto mode
#9 166.0 update-alternatives: warning: skip creation of /usr/share/man/man1/c++.1.gz because associated file /usr/share/man/man1/g++.1.gz (of link group c++) doesn't exist
#9 166.0 Setting up build-essential (12.10ubuntu1) ...
#9 166.0 Setting up libglx-dev:amd64 (1.7.0-1build1) ...
#9 166.1 Setting up libcairo2-dev:amd64 (1.18.0-3build1) ...
#9 166.1 Setting up libopencv-core406t64:amd64 (4.6.0+dfsg-13.1ubuntu1) ...
#9 166.2 Setting up libgl-dev:amd64 (1.7.0-1build1) ...
#9 166.2 Setting up libgtk-3-common (3.24.41-4ubuntu1.3) ...
#9 166.3 Setting up libatk1.0-dev:amd64 (2.52.0-1build1) ...
#9 166.3 Setting up python3-mako (1.3.2-1ubuntu0.1) ...
#9 166.7 Setting up libcolord-dev:amd64 (1.4.7-1build2) ...
#9 166.7 Setting up libxft-dev:amd64 (2.3.6-1build1) ...
#9 166.7 Setting up libgdk-pixbuf-2.0-dev:amd64 (2.42.10+dfsg-3ubuntu3.3) ...
#9 166.8 Setting up gsettings-desktop-schemas (46.1-0ubuntu1) ...
#9 166.8 Setting up libharfbuzz-dev:amd64 (8.3.0-2build2) ...
#9 166.9 Setting up libegl-dev:amd64 (1.7.0-1build1) ...
#9 166.9 Setting up gobject-introspection-bin (1.80.1-1) ...
#9 167.2 Setting up libjson-glib-dev:amd64 (1.8.0-2build2) ...
#9 167.3 Setting up libepoxy-dev:amd64 (1.5.10-1build1) ...
#9 167.3 Setting up gobject-introspection:amd64 (1.80.1-1) ...
#9 167.3 Setting up libsecret-1-dev:amd64 (0.21.4-1build3) ...
#9 167.4 Setting up libpango1.0-dev:amd64 (1.52.1+ds-1build1) ...
#9 167.4 Setting up libopencv-imgproc406t64:amd64 (4.6.0+dfsg-13.1ubuntu1) ...
#9 167.5 Setting up libgirepository-1.0-dev:amd64 (1.80.1-1) ...
#9 167.5 Setting up glib-networking:amd64 (2.80.0-1build1) ...
#9 167.6 Setting up libgles-dev:amd64 (1.7.0-1build1) ...
#9 167.6 Setting up libglvnd-dev:amd64 (1.7.0-1build1) ...
#9 167.6 Setting up libgirepository1.0-dev (1.80.1-1) ...
#9 167.8 Setting up librsvg2-dev:amd64 (2.58.0+dfsg-1build1) ...
#9 167.8 Setting up libsoup-2.4-1:amd64 (2.74.3-6ubuntu1.6) ...
#9 167.9 Setting up libegl1-mesa-dev:amd64 (25.2.8-0ubuntu0.24.04.1) ...
#9 168.0 Setting up libsoup-gnome-2.4-1:amd64 (2.74.3-6ubuntu1.6) ...
#9 168.0 Setting up gir1.2-soup-2.4:amd64 (2.74.3-6ubuntu1.6) ...
#9 168.0 Setting up libsoup2.4-dev:amd64 (2.74.3-6ubuntu1.6) ...
#9 168.1 Setting up adwaita-icon-theme (46.0-1) ...
#9 168.1 update-alternatives: using /usr/share/icons/Adwaita/cursor.theme to provide /usr/share/icons/default/index.theme (x-cursor-theme) in auto mode
#9 168.2 Setting up libgtk-3-0t64:amd64 (3.24.41-4ubuntu1.3) ...
#9 168.2 Setting up libcolord-gtk1t64:amd64 (0.3.1-1build2) ...
#9 168.3 Setting up libheif-plugin-aomdec:amd64 (1.17.6-1ubuntu4.3) ...
#9 168.3 Setting up liblwp-protocol-https-perl (6.13-1) ...
#9 168.3 Setting up libwww-perl (6.76-1) ...
#9 168.4 Setting up libcupsimage2-dev:amd64 (2.4.7-1.2ubuntu7.9) ...
#9 168.4 Setting up libheif1:amd64 (1.17.6-1ubuntu4.3) ...
#9 168.5 Setting up gir1.2-gtk-3.0:amd64 (3.24.41-4ubuntu1.3) ...
#9 168.5 Setting up libheif-dev:amd64 (1.17.6-1ubuntu4.3) ...
#9 168.6 Setting up libgdal34t64:amd64 (3.8.4+dfsg-3ubuntu3) ...
#9 168.6 Setting up humanity-icon-theme (0.6.16) ...
#9 168.9 Setting up libosmgpsmap-1.0-1:amd64 (1.2.0-2build2) ...
#9 169.0 Setting up libgd3:amd64 (2.3.3-9ubuntu5) ...
#9 169.0 Setting up libcups2-dev:amd64 (2.4.7-1.2ubuntu7.9) ...
#9 169.0 Setting up libopencv-imgcodecs406t64:amd64 (4.6.0+dfsg-13.1ubuntu1) ...
#9 169.1 Setting up libxml-parser-perl (2.47-1ubuntu0.24.04.1) ...
#9 169.1 Setting up libgraphicsmagick-q16-3t64 (1.4+really1.3.42-1.1build3) ...
#9 169.2 Setting up gir1.2-colordgtk-1.0:amd64 (0.3.1-1build2) ...
#9 169.2 Setting up ubuntu-mono (24.04-0ubuntu1) ...
#9 169.4 Setting up libgraphicsmagick++-q16-12t64 (1.4+really1.3.42-1.1build3) ...
#9 169.4 Setting up gir1.2-osmgpsmap-1.0:amd64 (1.2.0-2build2) ...
#9 169.4 Setting up libgphoto2-6t64:amd64 (2.5.31-2.1ubuntu1) ...
#9 169.5 No diversion 'diversion of /lib/udev/hwdb.d/20-libgphoto2-6.hwdb to /lib/udev/hwdb.d/20-libgphoto2-6.hwdb.usr-is-merged by usr-is-merged', none removed.
#9 169.6 No diversion 'diversion of /lib/udev/rules.d/60-libgphoto2-6.rules to /lib/udev/rules.d/60-libgphoto2-6.rules.usr-is-merged by usr-is-merged', none removed.
#9 169.6 Setting up libopencv-videoio406t64:amd64 (4.6.0+dfsg-13.1ubuntu1) ...
#9 169.6 Setting up intltool (0.51.0-6) ...
#9 169.7 Setting up libgmic1:amd64 (2.9.4-4build11) ...
#9 169.7 Setting up libgraphicsmagick1-dev (1.4+really1.3.42-1.1build3) ...
#9 169.7 Setting up libgmic-dev (2.9.4-4build11) ...
#9 169.8 Setting up libgphoto2-dev:amd64 (2.5.31-2.1ubuntu1) ...
#9 169.9 Processing triggers for libc-bin (2.39-0ubuntu8.7) ...
#9 170.0 Processing triggers for sgml-base (1.31) ...
#9 170.1 Setting up libdbus-1-dev:amd64 (1.14.10-4ubuntu4.1) ...
#9 170.4 Setting up libatspi2.0-dev:amd64 (2.52.0-1build1) ...
#9 170.5 Setting up libatk-bridge2.0-dev:amd64 (2.52.0-1build1) ...
#9 170.5 Setting up libibus-1.0-dev:amd64 (1.5.29-2) ...
#9 170.6 Setting up libgtk-3-dev:amd64 (3.24.41-4ubuntu1.3) ...
#9 170.6 Setting up libsdl2-dev:amd64 (2.30.0+dfsg-1ubuntu3.1) ...
#9 170.6 Setting up libosmgpsmap-1.0-dev (1.2.0-2build2) ...
#9 170.7 Setting up libcolord-gtk-dev:amd64 (0.3.1-1build2) ...
#9 170.8 Processing triggers for ca-certificates (20240203) ...
#9 170.8 Updating certificates in /etc/ssl/certs...
#9 171.3 0 added, 0 removed; done.
#9 171.3 Running hooks in /etc/ca-certificates/update.d...
#9 171.3 done.
#9 171.4 Processing triggers for libgdk-pixbuf-2.0-0:amd64 (2.42.10+dfsg-3ubuntu3.3) ...
#9 DONE 172.2s

#11 [builder 3/6] RUN curl --proto '=https' --tlsv1.2 -sSf https://sh.rustup.rs     | sh -s -- -y --default-toolchain stable --profile minimal     && rm -rf /root/.rustup/toolchains/*/share/doc
#11 0.673 info: downloading installer
#11 1.261 warn: It looks like you have an existing rustup settings file at:
#11 1.261 warn: /root/.rustup/settings.toml
#11 1.261 warn: Rustup will install the default toolchain as specified in the settings file,
#11 1.261 warn: instead of the one inferred from the default host triple.
#11 1.311 info: profile set to minimal
#11 1.311 info: default host triple is x86_64-unknown-linux-gnu
#11 1.313 info: syncing channel updates for stable-x86_64-unknown-linux-gnu
#11 1.508 info: latest update on 2026-05-28 for version 1.96.0 (ac68faa20 2026-05-25)
#11 1.508 info: downloading 3 components
#11 15.57 info: default toolchain set to stable-x86_64-unknown-linux-gnu
#11 15.57 
#11 15.58   stable-x86_64-unknown-linux-gnu installed - rustc 1.96.0 (ac68faa20 2026-05-25)
#11 15.58 
#11 15.58 
#11 15.58 Rust is installed now. Great!
#11 15.58 
#11 15.58 To get started you may need to restart your current shell.
#11 15.58 This would reload your PATH environment variable to include
#11 15.58 Cargo's bin directory ($HOME/.cargo/bin).
#11 15.58 
#11 15.58 To configure your current shell, you need to source
#11 15.58 the corresponding env file under $HOME/.cargo.
#11 15.58 
#11 15.58 This is usually done by running one of the following (note the leading DOT):
#11 15.58 . "$HOME/.cargo/env"            # For sh/bash/zsh/ash/dash/pdksh
#11 15.58 source "$HOME/.cargo/env.fish"  # For fish
#11 15.58 source "~/.cargo/env.nu"  # For nushell
#11 15.58 source "$HOME/.cargo/env.tcsh"  # For tcsh
#11 15.58 . "$HOME/.cargo/env.ps1"        # For pwsh
#11 15.58 source "$HOME/.cargo/env.xsh"   # For xonsh
#11 DONE 17.7s

#12 [builder 4/6] RUN git clone --recurse-submodules --depth 1 -b master https://github.com/ilfrick/darkroom.git /src
#12 0.506 Cloning into '/src'...
#12 5.742 Submodule 'src/external/LibRaw' (https://github.com/LibRaw/LibRaw.git) registered for path 'src/external/LibRaw'
#12 5.743 Submodule 'src/external/OpenCL' (https://github.com/KhronosGroup/OpenCL-Headers.git) registered for path 'src/external/OpenCL'
#12 5.743 Submodule 'src/external/libxcf' (https://github.com/houz/libxcf.git) registered for path 'src/external/libxcf'
#12 5.744 Submodule 'src/external/lua-scripts' (https://github.com/darktable-org/lua-scripts.git) registered for path 'src/external/lua-scripts'
#12 5.745 Submodule 'src/external/rawspeed' (https://github.com/darktable-org/rawspeed.git) registered for path 'src/external/rawspeed'
#12 5.747 Submodule 'src/external/whereami' (https://github.com/gpakosz/whereami) registered for path 'src/external/whereami'
#12 5.749 Submodule 'src/tests/integration' (https://github.com/darktable-org/darktable-tests.git) registered for path 'src/tests/integration'
#12 5.760 Cloning into '/src/src/external/LibRaw'...
#12 9.922 Cloning into '/src/src/external/OpenCL'...
#12 10.79 Cloning into '/src/src/external/libxcf'...
#12 11.45 Cloning into '/src/src/external/lua-scripts'...
#12 12.50 Cloning into '/src/src/external/rawspeed'...
#12 15.74 Cloning into '/src/src/external/whereami'...
#12 16.34 Cloning into '/src/src/tests/integration'...
#12 105.5 Submodule path 'src/external/LibRaw': checked out 'f74ddd995c5447458f132a5377ca0f4b394dff6e'
#12 105.5 Submodule path 'src/external/OpenCL': checked out '8a97ebc88daa3495d6f57ec10bb515224400186f'
#12 105.6 Submodule path 'src/external/libxcf': checked out '64efecf63ddd952ccf654e479714aaae6f8c5986'
#12 105.6 Submodule path 'src/external/lua-scripts': checked out '8abc350d683beee5bd88789026ca0d5e439746e3'
#12 106.7 From https://github.com/darktable-org/rawspeed
#12 106.7  * branch              4c511d611c1beee9aa97a2ec50b0838c6c7be52e -> FETCH_HEAD
#12 106.7 Submodule path 'src/external/rawspeed': checked out '4c511d611c1beee9aa97a2ec50b0838c6c7be52e'
#12 106.8 Submodule path 'src/external/whereami': checked out 'e07bc35ecd92ee4c3ac71cf0fb6b01132bfa50de'
#12 108.3 Submodule path 'src/tests/integration': checked out '62436e1375d03311052080ed723e91b1d7ab6dfc'
#12 DONE 116.2s

#13 [builder 5/6] WORKDIR /src
#13 DONE 0.2s

#14 [builder 6/6] RUN cmake -B build -G Ninja     -DCMAKE_BUILD_TYPE=Release     -DCMAKE_INSTALL_PREFIX=/opt/darkroom     -DUSE_AI=OFF     -DUSE_OPENCL=ON     -DDONT_USE_INTERNAL_LIBRAW=ON     -DRAWSPEED_ENABLE_LTO=ON     -DBINARY_PACKAGE_BUILD=ON     && cmake --build build --parallel 4     && cmake --install build
#14 0.614 -- The CXX compiler identification is GNU 13.3.0
#14 0.744 -- The C compiler identification is GNU 13.3.0
#14 0.773 -- Detecting CXX compiler ABI info
#14 0.876 -- Detecting CXX compiler ABI info - done
#14 0.889 -- Check for working CXX compiler: /usr/bin/c++ - skipped
#14 0.889 -- Detecting CXX compile features
#14 0.890 -- Detecting CXX compile features - done
#14 0.902 -- Detecting C compiler ABI info
#14 0.971 -- Detecting C compiler ABI info - done
#14 0.983 -- Check for working C compiler: /usr/bin/cc - skipped
#14 0.983 -- Detecting C compile features
#14 0.984 -- Detecting C compile features - done
#14 1.244 -- Found OpenMP_C: -fopenmp (found suitable version "4.5", minimum required is "4.5") 
#14 1.334 -- Found OpenMP_CXX: -fopenmp (found suitable version "4.5", minimum required is "4.5") 
#14 1.334 -- Found OpenMP: TRUE (found suitable version "4.5", minimum required is "4.5")  
#14 1.337 -- Performing Test CMAKE_HAVE_LIBC_PTHREAD
#14 1.412 -- Performing Test CMAKE_HAVE_LIBC_PTHREAD - Success
#14 1.413 -- Found Threads: TRUE  
#14 1.416 -- Performing Test IS_SUPPORTED_PLATFORM
#14 1.480 -- Performing Test IS_SUPPORTED_PLATFORM - Success
#14 1.480 -- Looking for cpuid.h
#14 1.541 -- Looking for cpuid.h - found
#14 1.542 -- Looking for __get_cpuid
#14 1.602 -- Looking for __get_cpuid - found
#14 1.603 -- Looking for execinfo.h
#14 1.660 -- Looking for execinfo.h - found
#14 1.660 -- Performing Test HAVE_OMP_FIRSTPRIVATE_WITH_CONST
#14 1.734 -- Performing Test HAVE_OMP_FIRSTPRIVATE_WITH_CONST - Success
#14 1.734 -- Performing Test HAVE_THREAD_RWLOCK_ARCH_T_READERS
#14 1.799 -- Performing Test HAVE_THREAD_RWLOCK_ARCH_T_READERS - Success
#14 1.800 -- Performing Test HAVE_THREAD_RWLOCK_ARCH_T_NR_READERS
#14 1.839 -- Performing Test HAVE_THREAD_RWLOCK_ARCH_T_NR_READERS - Failed
#14 1.841 -- Performing libstdc++ version check
#14 1.918 -- Performing libstdc++ version check - Success
#14 1.918 -- Performing libc++ version check
#14 1.995 -- Performing libc++ version check - Success
#14 1.999 fatal: No names found, cannot describe anything.
#14 3.707 -- Performing Test C_COMPILER_UNDERSTANDS_-Wall
#14 3.766 -- Performing Test C_COMPILER_UNDERSTANDS_-Wall - Success
#14 3.767 -- Performing Test CXX_COMPILER_UNDERSTANDS_-Wall
#14 3.845 -- Performing Test CXX_COMPILER_UNDERSTANDS_-Wall - Success
#14 3.846 -- Performing Test C_COMPILER_UNDERSTANDS_-Wformat
#14 3.906 -- Performing Test C_COMPILER_UNDERSTANDS_-Wformat - Success
#14 3.907 -- Performing Test CXX_COMPILER_UNDERSTANDS_-Wformat
#14 3.980 -- Performing Test CXX_COMPILER_UNDERSTANDS_-Wformat - Success
#14 3.981 -- Performing Test C_COMPILER_UNDERSTANDS_-Wformat-security
#14 4.045 -- Performing Test C_COMPILER_UNDERSTANDS_-Wformat-security - Success
#14 4.046 -- Performing Test CXX_COMPILER_UNDERSTANDS_-Wformat-security
#14 4.119 -- Performing Test CXX_COMPILER_UNDERSTANDS_-Wformat-security - Success
#14 4.120 -- Performing Test C_COMPILER_UNDERSTANDS_-Wshadow
#14 4.186 -- Performing Test C_COMPILER_UNDERSTANDS_-Wshadow - Success
#14 4.187 -- Performing Test CXX_COMPILER_UNDERSTANDS_-Wshadow
#14 4.268 -- Performing Test CXX_COMPILER_UNDERSTANDS_-Wshadow - Success
#14 4.269 -- Performing Test C_COMPILER_UNDERSTANDS_-Wtype-limits
#14 4.335 -- Performing Test C_COMPILER_UNDERSTANDS_-Wtype-limits - Success
#14 4.336 -- Performing Test CXX_COMPILER_UNDERSTANDS_-Wtype-limits
#14 4.408 -- Performing Test CXX_COMPILER_UNDERSTANDS_-Wtype-limits - Success
#14 4.409 -- Performing Test C_COMPILER_UNDERSTANDS_-Wvla
#14 4.470 -- Performing Test C_COMPILER_UNDERSTANDS_-Wvla - Success
#14 4.471 -- Performing Test CXX_COMPILER_UNDERSTANDS_-Wvla
#14 4.542 -- Performing Test CXX_COMPILER_UNDERSTANDS_-Wvla - Success
#14 4.543 -- Performing Test C_COMPILER_UNDERSTANDS_-Wold-style-declaration
#14 4.610 -- Performing Test C_COMPILER_UNDERSTANDS_-Wold-style-declaration - Success
#14 4.611 -- Performing Test C_COMPILER_UNDERSTANDS_-Wthread-safety
#14 4.648 -- Performing Test C_COMPILER_UNDERSTANDS_-Wthread-safety - Failed
#14 4.649 -- Performing Test CXX_COMPILER_UNDERSTANDS_-Wthread-safety
#14 4.685 -- Performing Test CXX_COMPILER_UNDERSTANDS_-Wthread-safety - Failed
#14 4.686 -- Performing Test C_COMPILER_UNDERSTANDS_-Wmaybe-uninitialized
#14 4.754 -- Performing Test C_COMPILER_UNDERSTANDS_-Wmaybe-uninitialized - Success
#14 4.755 -- Performing Test CXX_COMPILER_UNDERSTANDS_-Wmaybe-uninitialized
#14 4.843 -- Performing Test CXX_COMPILER_UNDERSTANDS_-Wmaybe-uninitialized - Success
#14 4.845 -- Performing Test C_COMPILER_UNDERSTANDS_-Wno-unknown-pragmas
#14 4.915 -- Performing Test C_COMPILER_UNDERSTANDS_-Wno-unknown-pragmas - Success
#14 4.916 -- Performing Test CXX_COMPILER_UNDERSTANDS_-Wno-unknown-pragmas
#14 4.994 -- Performing Test CXX_COMPILER_UNDERSTANDS_-Wno-unknown-pragmas - Success
#14 4.995 -- Performing Test C_COMPILER_UNDERSTANDS_-Wno-error=varargs
#14 5.055 -- Performing Test C_COMPILER_UNDERSTANDS_-Wno-error=varargs - Success
#14 5.056 -- Performing Test CXX_COMPILER_UNDERSTANDS_-Wno-error=varargs
#14 5.130 -- Performing Test CXX_COMPILER_UNDERSTANDS_-Wno-error=varargs - Success
#14 5.131 -- Performing Test C_COMPILER_UNDERSTANDS_-Wno-format-truncation
#14 5.199 -- Performing Test C_COMPILER_UNDERSTANDS_-Wno-format-truncation - Success
#14 5.201 -- Performing Test CXX_COMPILER_UNDERSTANDS_-Wno-format-truncation
#14 5.288 -- Performing Test CXX_COMPILER_UNDERSTANDS_-Wno-format-truncation - Success
#14 5.289 -- Performing Test C_COMPILER_UNDERSTANDS_-Wno-error=address-of-packed-member
#14 5.359 -- Performing Test C_COMPILER_UNDERSTANDS_-Wno-error=address-of-packed-member - Success
#14 5.360 -- Performing Test CXX_COMPILER_UNDERSTANDS_-Wno-error=address-of-packed-member
#14 5.445 -- Performing Test CXX_COMPILER_UNDERSTANDS_-Wno-error=address-of-packed-member - Success
#14 5.446 -- Performing Test C_COMPILER_UNDERSTANDS_-Wno-typedef-redefinition
#14 5.507 -- Performing Test C_COMPILER_UNDERSTANDS_-Wno-typedef-redefinition - Failed
#14 5.508 -- Looking for external programs
#14 5.508 -- Found perl
#14 5.508 -- Found intltool-merge
#14 5.508 -- Found desktop-file-validate
#14 5.517 -- Could NOT find LLVM (missing: LLVM_DIR)
#14 5.518 CMake Warning at CMakeLists.txt:325 (message):
#14 5.518   Could not find LLVM 7 or above
#14 5.518 
#14 5.518 
#14 5.518 CMake Warning at CMakeLists.txt:326 (message):
#14 5.518   Test-compilation of OpenCL programs can not be done.
#14 5.518 
#14 5.518 
#14 5.518 -- Test-compilation of OpenCL programs is disabled.
#14 5.518 -- Found jsonschema
#14 5.518 -- Found xsltproc
#14 5.518 -- Found xmllint
#14 5.518 -- All external programs found
#14 5.528 -- Found Gettext: /usr/bin/msgmerge (found version "0.21") 
#14 5.563 -- Found ZLIB: /usr/lib/x86_64-linux-gnu/libz.so (found version "1.3")  
#14 5.565 -- The following REQUIRED packages have been found:
#14 5.565 
#14 5.565  * OpenMP (required version >= 4.5)
#14 5.565  * Threads
#14 5.565  * Gettext
#14 5.565  * ZLIB
#14 5.565 
#14 5.565 -- The following OPTIONAL packages have not been found:
#14 5.565 
#14 5.565  * LLVM
#14 5.565 
#14 5.571 -- Checking for -mtune=generic support
#14 5.572 -- Performing Test RAWSPEED_MTUNEGENERIC
#14 5.652 -- Performing Test RAWSPEED_MTUNEGENERIC - Success
#14 5.652 -- Checking for -mtune=generic support - works
#14 5.657 -- Found GCCAr: /usr/bin/gcc-ar  
#14 5.658 -- Found GCCNm: /usr/bin/gcc-nm  
#14 5.660 -- Found GCCRanLib: /usr/bin/gcc-ranlib  
#14 5.662 -- Performing Test RAWSPEED_HAVE_CXX_FLAG_WALL
#14 5.833 -- Performing Test RAWSPEED_HAVE_CXX_FLAG_WALL - Success
#14 5.834 -- Performing Test RAWSPEED_HAVE_CXX_FLAG_WEXTRA
#14 5.949 -- Performing Test RAWSPEED_HAVE_CXX_FLAG_WEXTRA - Success
#14 5.950 -- Performing Test RAWSPEED_HAVE_CXX_FLAG_WCAST_QUAL
#14 6.069 -- Performing Test RAWSPEED_HAVE_CXX_FLAG_WCAST_QUAL - Success
#14 6.070 -- Performing Test RAWSPEED_HAVE_CXX_FLAG_WEXTRA_SEMI
#14 6.192 -- Performing Test RAWSPEED_HAVE_CXX_FLAG_WEXTRA_SEMI - Success
#14 6.194 -- Performing Test RAWSPEED_HAVE_CXX_FLAG_WFORMAT_2
#14 6.325 -- Performing Test RAWSPEED_HAVE_CXX_FLAG_WFORMAT_2 - Success
#14 6.327 -- Performing Test RAWSPEED_HAVE_CXX_FLAG_WPOINTER_ARITH
#14 6.449 -- Performing Test RAWSPEED_HAVE_CXX_FLAG_WPOINTER_ARITH - Success
#14 6.450 -- Performing Test RAWSPEED_HAVE_CXX_FLAG_WVLA
#14 6.574 -- Performing Test RAWSPEED_HAVE_CXX_FLAG_WVLA - Success
#14 6.576 -- Performing Test RAWSPEED_HAVE_CXX_FLAG_WMISSING_FORMAT_ATTRIBUTE
#14 6.692 -- Performing Test RAWSPEED_HAVE_CXX_FLAG_WMISSING_FORMAT_ATTRIBUTE - Success
#14 6.694 -- Performing Test RAWSPEED_HAVE_CXX_FLAG_WSUGGEST_ATTRIBUTE_FORMAT
#14 6.816 -- Performing Test RAWSPEED_HAVE_CXX_FLAG_WSUGGEST_ATTRIBUTE_FORMAT - Success
#14 6.818 -- Performing Test RAWSPEED_HAVE_CXX_FLAG_WNO_UNUSED_PARAMETER
#14 6.941 -- Performing Test RAWSPEED_HAVE_CXX_FLAG_WNO_UNUSED_PARAMETER - Success
#14 6.942 -- Performing Test RAWSPEED_HAVE_CXX_FLAG_WNO_MAYBE_UNINITIALIZED
#14 7.061 -- Performing Test RAWSPEED_HAVE_CXX_FLAG_WNO_MAYBE_UNINITIALIZED - Success
#14 7.063 -- Performing Test RAWSPEED_HAVE_CXX_FLAG_WNO_STRINGOP_OVERFLOW
#14 7.180 -- Performing Test RAWSPEED_HAVE_CXX_FLAG_WNO_STRINGOP_OVERFLOW - Success
#14 7.181 -- Performing Test RAWSPEED_HAVE_CXX_FLAG_WNO_ARRAY_BOUNDS
#14 7.294 -- Performing Test RAWSPEED_HAVE_CXX_FLAG_WNO_ARRAY_BOUNDS - Success
#14 7.295 -- Performing Test RAWSPEED_HAVE_CXX_FLAG_WNO_FREE_NONHEAP_OBJECT
#14 7.431 -- Performing Test RAWSPEED_HAVE_CXX_FLAG_WNO_FREE_NONHEAP_OBJECT - Success
#14 7.432 -- Performing Test RAWSPEED_HAVE_CXX_FLAG_WSTACK_USAGE_4096
#14 7.553 -- Performing Test RAWSPEED_HAVE_CXX_FLAG_WSTACK_USAGE_4096 - Success
#14 7.555 -- Performing Test RAWSPEED_HAVE_CXX_FLAG_WFRAME_LARGER_THAN_4096
#14 7.700 -- Performing Test RAWSPEED_HAVE_CXX_FLAG_WFRAME_LARGER_THAN_4096 - Success
#14 7.701 -- Performing Test RAWSPEED_HAVE_CXX_FLAG_WLARGER_THAN_32768
#14 7.819 -- Performing Test RAWSPEED_HAVE_CXX_FLAG_WLARGER_THAN_32768 - Success
#14 7.821 -- Performing Test RAWSPEED_HAVE_CXX_FLAG_WERROR
#14 7.935 -- Performing Test RAWSPEED_HAVE_CXX_FLAG_WERROR - Success
#14 7.937 -- Performing basic integral type checks
#14 8.066 -- Performing basic integral type checks - Success
#14 8.066 -- Looking for OpenMP
#14 8.070 -- Found OpenMP_C: -fopenmp (found version "4.5") 
#14 8.070 -- Found OpenMP_CXX: -fopenmp (found version "4.5") 
#14 8.071 -- Found OpenMP: TRUE (found version "4.5")  
#14 8.071 -- Looking for OpenMP - found (system)
#14 8.071 -- Looking for pugixml
#14 8.129 -- Found Pugixml 1.14
#14 8.129 -- Looking for pugixml - found (system)
#14 8.129 -- Looking for JPEG
#14 8.172 -- Found JPEG: /usr/lib/x86_64-linux-gnu/libjpeg.so (found version "80") 
#14 8.172 -- Looking for JPEG - found
#14 8.174 -- Looking for jpeg_mem_src
#14 8.317 -- Looking for jpeg_mem_src - found
#14 8.317 -- Looking for ZLIB
#14 8.326 -- Found ZLIB: /usr/lib/x86_64-linux-gnu/libz.so (found suitable version "1.3", minimum required is "1.2.11")  
#14 8.329 -- Looking for C++ include zlib.h
#14 8.471 -- Looking for C++ include zlib.h - found
#14 8.471 -- Looking for sys/types.h
#14 8.565 -- Looking for sys/types.h - found
#14 8.565 -- Looking for stdint.h
#14 8.679 -- Looking for stdint.h - found
#14 8.682 -- Looking for stddef.h
#14 8.788 -- Looking for stddef.h - found
#14 8.789 -- Check size of uLongf
#14 8.892 -- Check size of uLongf - done
#14 8.892 -- Looking for Z_OK
#14 9.028 -- Looking for Z_OK - found
#14 9.028 -- Checking prototype uncompress for HAVE_ZLIB_UNCOMPRESS_PROTOTYPE
#14 9.172 -- Checking prototype uncompress for HAVE_ZLIB_UNCOMPRESS_PROTOTYPE - True
#14 9.173 -- Checking prototype zError for HAVE_ZLIB_ZERROR_PROTOTYPE
#14 9.343 -- Checking prototype zError for HAVE_ZLIB_ZERROR_PROTOTYPE - True
#14 9.343 -- Looking for uncompress
#14 9.522 -- Looking for uncompress - found
#14 9.522 -- Looking for zError
#14 9.661 -- Looking for zError - found
#14 9.661 -- Looking for ZLIB - found (system)
#14 9.663 -- Performing Test HAVE_CXX_THREAD_LOCAL
#14 9.803 -- Performing Test HAVE_CXX_THREAD_LOCAL - Success
#14 9.804 -- Trying to query CPU L1d cache line size
#14 9.804 -- Performing binary package build, using hardcoded value.
#14 9.804 -- Deciding that the CPU L1d cache line size is 64 bytes
#14 9.804 -- Trying to query CPU page size
#14 9.804 -- Performing binary package build, using hardcoded value.
#14 9.804 -- Deciding that the CPU page size is 4096 bytes
#14 9.804 -- Trying to query CPU large page size
#14 9.804 -- Performing binary package build, using hardcoded value.
#14 9.804 -- Deciding that the CPU large page size is 4096 bytes
#14 9.823 -- Performing Test RAWSPEED_HAVE_CXX_FLAG_WNO_GLOBAL_CONSTRUCTORS
#14 9.944 -- Performing Test RAWSPEED_HAVE_CXX_FLAG_WNO_GLOBAL_CONSTRUCTORS - Success
#14 9.945 -- Performing Test RAWSPEED_HAVE_CXX_FLAG_WNO_EXIT_TIME_DESTRUCTORS
#14 10.07 -- Performing Test RAWSPEED_HAVE_CXX_FLAG_WNO_EXIT_TIME_DESTRUCTORS - Success
#14 10.07 -- Found XMLLINT: /usr/bin/xmllint  
#14 10.07 -- The following features have been enabled:
#14 10.07 
#14 10.07  * OpenMP-based threading, used for parallelization of the library
#14 10.07  * XML reading, used for loading of data/cameras.xml
#14 10.07  * Lossy JPEG decoding, used for DNG Lossy JPEG compression decoding
#14 10.07  * ZLIB decoding, used for DNG Deflate compression decoding
#14 10.07 
#14 10.07 -- The following OPTIONAL packages have been found:
#14 10.07 
#14 10.07  * XMLLINT, command line XML tool, <http://xmlsoft.org/>
#14 10.07    Used for validation of data/cameras.xml
#14 10.07 
#14 10.07 -- The following RECOMMENDED packages have been found:
#14 10.07 
#14 10.07  * JPEG, free library for handling the JPEG image data format, implements a JPEG codec
#14 10.07    Used for decoding DNG Lossy JPEG compression
#14 10.07 
#14 10.07 -- The following REQUIRED packages have been found:
#14 10.07 
#14 10.07  * Threads
#14 10.07  * Gettext
#14 10.07  * GCCAr, create, modify, and extract from archives, <https://sourceware.org/binutils/docs/binutils/ar.html>
#14 10.07    A wrapper around ar adding the --plugin option
#14 10.07  * GCCNm, list GCC bitcode and object file’s symbol table, <https://sourceware.org/binutils/docs/binutils/nm.html>
#14 10.07    A wrapper around ar adding the --plugin option
#14 10.07  * GCCRanLib, generate index for GCC archive, <https://sourceware.org/binutils/docs/binutils/ranlib.html>
#14 10.07    A wrapper around ar adding the --plugin option
#14 10.07  * OpenMP, Open Multi-Processing, <https://www.openmp.org/>
#14 10.07    Used for parallelization of the library
#14 10.07  * Pugixml (required version >= 1.8), Light-weight, simple and fast XML parser, <http://pugixml.org/>
#14 10.07    Used for loading of data/cameras.xml
#14 10.07  * ZLIB (required version >= 1.2.11), software library used for data compression
#14 10.07    Used for decoding DNG Deflate compression
#14 10.07 
#14 10.07 -- The following OPTIONAL packages have not been found:
#14 10.07 
#14 10.07  * LLVM
#14 10.07 
#14 10.17 -- Found Glib 2.80.0
#14 10.18 -- Found PkgConfig: /usr/bin/pkg-config (found version "1.8.1") 
#14 10.18 -- Checking for module 'gtk+-3.0'
#14 10.22 --   Found gtk+-3.0, version 3.24.41
#14 10.52 -- Found GTK3: /usr/include/gtk-3.0;/usr/include/pango-1.0;/usr/include;/usr/include/glib-2.0;/usr/lib/x86_64-linux-gnu/glib-2.0/include;/usr/include/harfbuzz;/usr/include/freetype2;/usr/include/libpng16;/usr/include/libmount;/usr/include/blkid;/usr/include/fribidi;/usr/include/cairo;/usr/include/pixman-1;/usr/include/gdk-pixbuf-2.0;/usr/include/x86_64-linux-gnu;/usr/include/webp;/usr/include/gio-unix-2.0;/usr/include/atk-1.0;/usr/include/at-spi2-atk/2.0;/usr/include/at-spi-2.0;/usr/include/dbus-1.0;/usr/lib/x86_64-linux-gnu/dbus-1.0/include (Required is at least version "3.24.15") 
#14 10.58 -- Found LibXml2: /usr/lib/x86_64-linux-gnu/libxml2.so (found suitable version "2.9.14", minimum required is "2.6") 
#14 10.59 -- Found Potrace: /usr/lib/x86_64-linux-gnu/libpotrace.so  
#14 10.70 -- Found Gphoto2: /usr/lib/x86_64-linux-gnu/libgphoto2.so (Required is at least version "2.5") 
#14 10.72 -- Found ZLIB: /usr/lib/x86_64-linux-gnu/libz.so (found version "1.3")  
#14 10.77 -- Found JXL: /usr/lib/x86_64-linux-gnu/libjxl.so (found suitable version "0.7.0", minimum required is "0.7.0") 
#14 10.83 -- Found WebP: /usr/lib/x86_64-linux-gnu/libwebp.so;/usr/lib/x86_64-linux-gnu/libwebpmux.so (Required is at least version "0.3.0") 
#14 10.90 -- Found libraw: /usr/lib/x86_64-linux-gnu/libraw.so (found suitable version "0.21.2", minimum required is "0.21.0") 
#14 10.90 -- Using system LibRaw
#14 10.95 -- Found LensFun: /usr/lib/x86_64-linux-gnu/liblensfun.so  
#14 10.96 -- Found SQLite3: /usr/include (found suitable version "3.45.1", minimum required is "3.26") 
#14 11.06 -- Found GIO 
#14 11.06 -- Found GThread: /usr/lib/x86_64-linux-gnu/libgthread-2.0.so  
#14 11.07 -- Found GModule: /usr/lib/x86_64-linux-gnu/libgmodule-2.0.so  
#14 11.07 -- Found PangoCairo: /usr/lib/x86_64-linux-gnu/libpangocairo-1.0.so  
#14 11.07 -- Found Rsvg2: /usr/lib/x86_64-linux-gnu/librsvg-2.so  
#14 11.09 -- Found PNG: /usr/lib/x86_64-linux-gnu/libpng.so (found version "1.6.43") 
#14 11.12 -- Found TIFF: /usr/lib/x86_64-linux-gnu/libtiff.so (found version "4.5.1")  
#14 11.12 -- Found LCMS2: /usr/lib/x86_64-linux-gnu/liblcms2.so  
#14 11.19 -- Found JsonGlib 
#14 11.19 -- AI features: disabled
#14 11.26 -- Found CURL: /usr/lib/x86_64-linux-gnu/libcurl.so (found suitable version "8.5.0", minimum required is "7.56")  
#14 11.31 -- Found Exiv2: /usr/lib/x86_64-linux-gnu/libexiv2.so (Required is at least version "0.27.2") 
#14 11.31 -- Looking for EXV_ENABLE_BMFF
#14 11.37 -- Looking for EXV_ENABLE_BMFF - found
#14 11.37 -- Exiv2 >= 0.27.4 found with ISOBMFF support (CR3, AVIF, HEIF)
#14 11.42 -- Found PortMidi: /usr/lib/x86_64-linux-gnu/libportmidi.so  
#14 11.43 -- The imported target "openjpip" references the file
#14 11.43    "/usr/lib/x86_64-linux-gnu/libopenjpip.so.2.5.0"
#14 11.43 but this file does not exist.  Possible reasons include:
#14 11.43 * The file was deleted, renamed, or moved to another location.
#14 11.43 * An install or uninstall procedure did not complete successfully.
#14 11.43 * The installation package was faulty and contained
#14 11.43    "/usr/lib/x86_64-linux-gnu/openjpeg-2.5/OpenJPEGTargets.cmake"
#14 11.43 but not all the files it references.
#14 11.43 
#14 11.43 -- The imported target "opj_decompress" references the file
#14 11.43    "/usr/bin/opj_decompress"
#14 11.43 but this file does not exist.  Possible reasons include:
#14 11.43 * The file was deleted, renamed, or moved to another location.
#14 11.43 * An install or uninstall procedure did not complete successfully.
#14 11.43 * The installation package was faulty and contained
#14 11.43    "/usr/lib/x86_64-linux-gnu/openjpeg-2.5/OpenJPEGTargets.cmake"
#14 11.43 but not all the files it references.
#14 11.43 
#14 11.43 -- The imported target "opj_compress" references the file
#14 11.43    "/usr/bin/opj_compress"
#14 11.43 but this file does not exist.  Possible reasons include:
#14 11.43 * The file was deleted, renamed, or moved to another location.
#14 11.43 * An install or uninstall procedure did not complete successfully.
#14 11.43 * The installation package was faulty and contained
#14 11.43    "/usr/lib/x86_64-linux-gnu/openjpeg-2.5/OpenJPEGTargets.cmake"
#14 11.43 but not all the files it references.
#14 11.43 
#14 11.43 -- The imported target "opj_dump" references the file
#14 11.43    "/usr/bin/opj_dump"
#14 11.43 but this file does not exist.  Possible reasons include:
#14 11.43 * The file was deleted, renamed, or moved to another location.
#14 11.43 * An install or uninstall procedure did not complete successfully.
#14 11.43 * The installation package was faulty and contained
#14 11.43    "/usr/lib/x86_64-linux-gnu/openjpeg-2.5/OpenJPEGTargets.cmake"
#14 11.43 but not all the files it references.
#14 11.43 
#14 11.43 -- The imported target "opj_jpip_addxml" references the file
#14 11.43    "/usr/bin/opj_jpip_addxml"
#14 11.43 but this file does not exist.  Possible reasons include:
#14 11.43 * The file was deleted, renamed, or moved to another location.
#14 11.43 * An install or uninstall procedure did not complete successfully.
#14 11.43 * The installation package was faulty and contained
#14 11.43    "/usr/lib/x86_64-linux-gnu/openjpeg-2.5/OpenJPEGTargets.cmake"
#14 11.43 but not all the files it references.
#14 11.43 
#14 11.43 -- The imported target "opj_server" references the file
#14 11.43    "/usr/bin/opj_server"
#14 11.43 but this file does not exist.  Possible reasons include:
#14 11.43 * The file was deleted, renamed, or moved to another location.
#14 11.43 * An install or uninstall procedure did not complete successfully.
#14 11.43 * The installation package was faulty and contained
#14 11.43    "/usr/lib/x86_64-linux-gnu/openjpeg-2.5/OpenJPEGTargets.cmake"
#14 11.43 but not all the files it references.
#14 11.43 
#14 11.43 -- The imported target "opj_dec_server" references the file
#14 11.43    "/usr/bin/opj_dec_server"
#14 11.43 but this file does not exist.  Possible reasons include:
#14 11.43 * The file was deleted, renamed, or moved to another location.
#14 11.43 * An install or uninstall procedure did not complete successfully.
#14 11.43 * The installation package was faulty and contained
#14 11.43    "/usr/lib/x86_64-linux-gnu/openjpeg-2.5/OpenJPEGTargets.cmake"
#14 11.43 but not all the files it references.
#14 11.43 
#14 11.43 -- The imported target "opj_jpip_transcode" references the file
#14 11.43    "/usr/bin/opj_jpip_transcode"
#14 11.43 but this file does not exist.  Possible reasons include:
#14 11.43 * The file was deleted, renamed, or moved to another location.
#14 11.43 * An install or uninstall procedure did not complete successfully.
#14 11.43 * The installation package was faulty and contained
#14 11.43    "/usr/lib/x86_64-linux-gnu/openjpeg-2.5/OpenJPEGTargets.cmake"
#14 11.43 but not all the files it references.
#14 11.43 
#14 11.43 -- The imported target "opj_jpip_test" references the file
#14 11.43    "/usr/bin/opj_jpip_test"
#14 11.43 but this file does not exist.  Possible reasons include:
#14 11.43 * The file was deleted, renamed, or moved to another location.
#14 11.43 * An install or uninstall procedure did not complete successfully.
#14 11.43 * The installation package was faulty and contained
#14 11.43    "/usr/lib/x86_64-linux-gnu/openjpeg-2.5/OpenJPEGTargets.cmake"
#14 11.43 but not all the files it references.
#14 11.43 
#14 11.44 -- Checking for module 'iso-codes'
#14 11.45 --   Found iso-codes, version 4.16.0
#14 11.56 -- Found Libsecret: /usr/include/libsecret-1;/usr/include/glib-2.0;/usr/lib/x86_64-linux-gnu/glib-2.0/include;/usr/include;/usr/include/libmount;/usr/include/blkid;/usr/include/gio-unix-2.0  
#14 11.61 -- Found GraphicsMagick 1.3.42
#14 11.63 -- Performing Test GMIC_VERSION_OK
#14 11.73 -- Performing Test GMIC_VERSION_OK - Success
#14 11.73 -- Found GMIC 
#14 11.74 -- Found the following ICU libraries:
#14 11.74 --   i18n (required): /usr/lib/x86_64-linux-gnu/libicui18n.so
#14 11.74 --   data (required): /usr/lib/x86_64-linux-gnu/libicudata.so
#14 11.74 --   uc (required): /usr/lib/x86_64-linux-gnu/libicuuc.so
#14 11.75 -- Found ICU: /usr/include (found version "74.2") 
#14 11.75 -- Performing Test HAVE_BUILTIN_CPU_SUPPORTS
#14 11.81 -- Performing Test HAVE_BUILTIN_CPU_SUPPORTS - Success
#14 11.81 -- Does the compiler support __builtin_cpu_supports(): 1
#14 11.81 -- Performing Test HAVE_TLS
#14 11.88 -- Performing Test HAVE_TLS - Success
#14 11.88 -- Checking for -mtune=generic support
#14 11.88 -- Performing Test MTUNEGENERIC
#14 11.94 -- Performing Test MTUNEGENERIC - Success
#14 12.00 -- Lua support: Enabled
#14 12.01 -- Found Pugixml 1.14
#14 12.35 -- Map mode: enabled
#14 12.79 -- Found Cups: /usr/lib/x86_64-linux-gnu/libcups.so (found version "2.4.7") 
#14 12.79 -- Print mode: enabled
#14 12.79 -- Signal debug: print-trace possible
#14 12.97 -- Found X11: /usr/include   
#14 12.97 -- Looking for XOpenDisplay in /usr/lib/x86_64-linux-gnu/libX11.so;/usr/lib/x86_64-linux-gnu/libXext.so
#14 13.05 -- Looking for XOpenDisplay in /usr/lib/x86_64-linux-gnu/libX11.so;/usr/lib/x86_64-linux-gnu/libXext.so - found
#14 13.05 -- Looking for gethostbyname
#14 13.16 -- Looking for gethostbyname - found
#14 13.16 -- Looking for connect
#14 13.23 -- Looking for connect - found
#14 13.23 -- Looking for remove
#14 13.30 -- Looking for remove - found
#14 13.30 -- Looking for shmat
#14 13.36 -- Looking for shmat - found
#14 13.36 -- Looking for IceConnectionNumber in ICE
#14 13.43 -- Looking for IceConnectionNumber in ICE - found
#14 13.43 -- building darktable-cmstest with colord support. nice.
#14 13.64 -- The following features have been enabled:
#14 13.64 
#14 13.64  * OpenMP-based threading, used for parallelization of the library
#14 13.64  * XML reading, used for loading of data/cameras.xml
#14 13.64  * Lossy JPEG decoding, used for DNG Lossy JPEG compression decoding
#14 13.64  * ZLIB decoding, used for DNG Deflate compression decoding
#14 13.64 
#14 13.64 -- The following OPTIONAL packages have been found:
#14 13.64 
#14 13.64  * XMLLINT, command line XML tool, <http://xmlsoft.org/>
#14 13.64    Used for validation of data/cameras.xml
#14 13.64  * Gphoto2 (required version >= 2.5)
#14 13.64  * OpenEXR (required version >= 3.0)
#14 13.64  * JXL (required version >= 0.7.0)
#14 13.64  * WebP (required version >= 0.3.0)
#14 13.64  * libavif
#14 13.64  * libheif
#14 13.64  * libraw (required version >= 0.21.0)
#14 13.64  * PortMidi, Portable MIDI library, <https://github.com/PortMidi/portmidi>
#14 13.64    Used for hardware MIDI input devices
#14 13.64  * OpenJPEG
#14 13.64  * IsoCodes (required version >= 3.66)
#14 13.64  * Libsecret
#14 13.64  * GraphicsMagick
#14 13.64  * GMIC
#14 13.64  * ICU
#14 13.64  * Lua54 (required version >= 5.4)
#14 13.64  * OSMGpsMap
#14 13.64  * Colord
#14 13.64  * ColordGTK
#14 13.64  * Cups
#14 13.64  * SDL2, low level access to audio, keyboard, mouse, joystick, and graphics hardware, <https://www.libsdl.org/>
#14 13.64  * X11
#14 13.64 
#14 13.64 -- The following REQUIRED packages have been found:
#14 13.64 
#14 13.64  * Gettext
#14 13.64  * GCCAr, create, modify, and extract from archives, <https://sourceware.org/binutils/docs/binutils/ar.html>
#14 13.64    A wrapper around ar adding the --plugin option
#14 13.64  * GCCNm, list GCC bitcode and object file’s symbol table, <https://sourceware.org/binutils/docs/binutils/nm.html>
#14 13.64    A wrapper around ar adding the --plugin option
#14 13.64  * GCCRanLib, generate index for GCC archive, <https://sourceware.org/binutils/docs/binutils/ranlib.html>
#14 13.64    A wrapper around ar adding the --plugin option
#14 13.64  * OpenMP, Open Multi-Processing, <https://www.openmp.org/>
#14 13.64    Used for parallelization of the library
#14 13.64  * GTK3 (required version >= 3.24.15)
#14 13.64  * LibXml2 (required version >= 2.6)
#14 13.64  * Potrace
#14 13.64  * Threads
#14 13.64  * Imath
#14 13.64  * LensFun
#14 13.64  * SQLite3 (required version >= 3.26)
#14 13.64  * GIO
#14 13.64  * GThread
#14 13.64  * GModule
#14 13.64  * PangoCairo
#14 13.64  * Rsvg2
#14 13.64  * ZLIB, software library used for data compression
#14 13.64    Used for decoding DNG Deflate compression
#14 13.64  * PNG
#14 13.64  * JPEG, free library for handling the JPEG image data format, implements a JPEG codec
#14 13.64    Used for decoding DNG Lossy JPEG compression
#14 13.64  * TIFF
#14 13.64  * LCMS2
#14 13.64  * JsonGlib
#14 13.64  * CURL (required version >= 7.56)
#14 13.64  * Exiv2 (required version >= 0.27.2)
#14 13.64  * Pugixml (required version >= 1.5), Light-weight, simple and fast XML parser, <http://pugixml.org/>
#14 13.64    Used for loading of data/cameras.xml
#14 13.64  * Glib
#14 13.64 
#14 13.64 -- The following OPTIONAL packages have not been found:
#14 13.64 
#14 13.64  * LLVM
#14 13.64 
#14 13.65 -- Configuring done (13.2s)
#14 17.49 -- Generating done (3.7s)
#14 17.50 -- Build files have been written to: /src/build
#14 17.83 [1/855] Building ca locale
#14 17.83 3058 translated messages.
#14 17.94 [2/855] Building af locale
#14 17.94 4067 translated messages.
#14 17.96 [3/855] Building cs locale
#14 17.96 5494 translated messages, 152 fuzzy translations, 111 untranslated messages.
#14 17.98 [4/855] Building da locale
#14 17.98 3056 translated messages.
#14 18.01 [5/855] Building el locale
#14 18.01 1923 translated messages, 524 fuzzy translations, 608 untranslated messages.
#14 18.02 [6/855] Updating version string (git checkout)
#14 18.02 fatal: No names found, cannot describe anything.
#14 18.02 Version string: 9761a3c
#14 18.03 [7/855] Generating bin/version_gen.c
#14 18.03 
#14 18.09 [8/855] Building eo locale
#14 18.09 4609 translated messages.
#14 18.12 [9/855] Building en@truecase locale
#14 18.12 5877 translated messages.
#14 18.21 [10/855] Building fi locale
#14 18.21 5484 translated messages.
#14 18.29 [11/855] Building gl locale
#14 18.29 311 translated messages, 1166 fuzzy translations, 1578 untranslated messages.
#14 18.32 [12/855] Building de locale
#14 18.32 5878 translated messages.
#14 18.39 [13/855] Building fr locale
#14 18.39 5877 translated messages.
#14 18.45 [14/855] Building hu locale
#14 18.45 5484 translated messages.
#14 18.48 [15/855] Building it locale
#14 18.48 5484 translated messages.
#14 18.56 [16/855] Building es locale
#14 18.56 5483 translated messages.
#14 18.58 [17/855] Building he locale
#14 18.58 4778 translated messages.
#14 18.61 [18/855] Building ja locale
#14 18.61 5666 translated messages.
#14 18.71 [19/855] Building ko_KR locale
#14 18.71 5483 translated messages.
#14 18.81 [20/855] Building pl locale
#14 18.81 5481 translated messages.
#14 18.82 [21/855] Building pt_BR locale
#14 18.82 5868 translated messages, 11 untranslated messages.
#14 18.84 [22/855] Building nl locale
#14 18.84 5484 translated messages.
#14 18.89 [23/855] Building nb locale
#14 18.89 5878 translated messages.
#14 18.91 [24/855] Building ro locale
#14 18.91 571 translated messages, 1141 fuzzy translations, 1343 untranslated messages.
#14 18.92 [25/855] Building pt_PT locale
#14 18.92 1557 translated messages, 703 fuzzy translations, 795 untranslated messages.
#14 18.95 [26/855] Building ru locale
#14 18.95 5239 translated messages, 8 fuzzy translations, 260 untranslated messages.
#14 19.01 [27/855] Building sr locale
#14 19.01 3871 translated messages.
#14 19.02 [28/855] Building sk locale
#14 19.02 3718 translated messages.
#14 19.07 [29/855] Building sr@latin locale
#14 19.07 3871 translated messages.
#14 19.10 [30/855] Building th locale
#14 19.10 420 translated messages, 485 fuzzy translations, 2150 untranslated messages.
#14 19.15 [31/855] Building sq locale
#14 19.15 5786 translated messages.
#14 19.17 [32/855] Building sl locale
#14 19.17 5878 translated messages.
#14 19.18 [33/855] Building sv locale
#14 19.18 5484 translated messages.
#14 19.40 [34/855] Building tr locale
#14 19.40 4939 translated messages.
#14 19.46 [35/855] Building zh_CN locale
#14 19.46 5484 translated messages.
#14 19.47 [36/855] Building zh_TW locale
#14 19.48 5485 translated messages.
#14 19.48 [37/855] Building uk locale
#14 19.48 5876 translated messages, 1 untranslated message.
#14 19.55 [38/855] Generating configuration min/max/default/type
#14 19.82 [39/855] Building C object bin/external/CMakeFiles/whereami.dir/whereami/src/whereami.c.o
#14 19.88 [40/855] Linking C static library bin/external/libwhereami.a
#14 19.92 [41/855] Generating authors.h for about dialog.
#14 19.94 [42/855] Running utility command for deploy
#14 20.07 [43/855] Building C object bin/external/libxcf/CMakeFiles/xcf.dir/xcf_names.c.o
#14 21.31 [44/855] Building C object bin/external/libxcf/CMakeFiles/xcf.dir/xcf.c.o
#14 21.33 [45/855] Linking C static library bin/external/libxcf/libxcf.a
#14 22.16 [46/855] Building CXX object lib/darktable/rawspeed/src/librawspeed/common/CMakeFiles/rawspeed_common.dir/ChecksumFile.cpp.o
#14 22.19 [47/855] Building CXX object lib/darktable/rawspeed/src/librawspeed/common/CMakeFiles/rawspeed_common.dir/CpuFeatures.cpp.o
#14 22.23 [48/855] Building CXX object lib/darktable/rawspeed/src/librawspeed/common/CMakeFiles/rawspeed_common.dir/Common.cpp.o
#14 22.97 [49/855] Building CXX object lib/darktable/rawspeed/src/librawspeed/common/CMakeFiles/rawspeed_common.dir/ErrorLog.cpp.o
#14 23.88 [50/855] Generating styles strings for translation
#14 23.91 [51/855] Building CXX object lib/darktable/rawspeed/src/librawspeed/common/CMakeFiles/rawspeed_common.dir/GetNumberOfProcessorCores.cpp.o
#14 25.25 [52/855] Building CXX object lib/darktable/rawspeed/src/librawspeed/common/CMakeFiles/rawspeed_common.dir/DngOpcodes.cpp.o
#14 27.10 [53/855] Building CXX object lib/darktable/rawspeed/src/librawspeed/common/CMakeFiles/rawspeed_common.dir/RawImageDataFloat.cpp.o
#14 27.13 [54/855] Building CXX object lib/darktable/rawspeed/src/librawspeed/common/CMakeFiles/rawspeed_common.dir/RawImage.cpp.o
#14 28.40 [55/855] Building CXX object lib/darktable/rawspeed/src/librawspeed/common/CMakeFiles/rawspeed_common.dir/RawspeedException.cpp.o
#14 28.57 [56/855] Building CXX object lib/darktable/rawspeed/src/librawspeed/common/CMakeFiles/rawspeed_common.dir/TableLookUp.cpp.o
#14 30.36 [57/855] Building CXX object lib/darktable/rawspeed/src/librawspeed/common/CMakeFiles/rawspeed_common.dir/RawImageDataU16.cpp.o
#14 32.94 [58/855] Building CXX object lib/darktable/rawspeed/src/librawspeed/metadata/CMakeFiles/rawspeed_metadata.dir/CameraMetadataException.cpp.o
#14 33.82 [59/855] Building CXX object lib/darktable/rawspeed/src/librawspeed/metadata/CMakeFiles/rawspeed_metadata.dir/CameraSensorInfo.cpp.o
#14 34.73 [60/855] Building CXX object lib/darktable/rawspeed/src/librawspeed/metadata/CMakeFiles/rawspeed_metadata.dir/Camera.cpp.o
#14 35.37 [61/855] Building CXX object lib/darktable/rawspeed/src/librawspeed/metadata/CMakeFiles/rawspeed_metadata.dir/CameraMetaData.cpp.o
#14 36.36 [62/855] Building CXX object lib/darktable/rawspeed/src/librawspeed/metadata/CMakeFiles/rawspeed_metadata.dir/ColorFilterArray.cpp.o
#14 36.62 [63/855] Building CXX object lib/darktable/rawspeed/src/librawspeed/io/CMakeFiles/rawspeed_io.dir/FileIOException.cpp.o
#14 37.46 [64/855] Building CXX object lib/darktable/rawspeed/src/librawspeed/io/CMakeFiles/rawspeed_io.dir/FileReader.cpp.o
#14 38.09 [65/855] Building CXX object lib/darktable/rawspeed/src/librawspeed/io/CMakeFiles/rawspeed_io.dir/IOException.cpp.o
#14 38.53 [66/855] Building CXX object lib/darktable/rawspeed/src/librawspeed/io/CMakeFiles/rawspeed_io.dir/FileWriter.cpp.o
#14 39.21 [67/855] Building CXX object lib/darktable/rawspeed/src/librawspeed/io/CMakeFiles/rawspeed_io.dir/MMapReader.cpp.o
#14 41.10 [68/855] Building CXX object lib/darktable/rawspeed/src/librawspeed/tiff/CMakeFiles/rawspeed_tiff.dir/CiffEntry.cpp.o
#14 42.49 [69/855] Building CXX object lib/darktable/rawspeed/src/librawspeed/tiff/CMakeFiles/rawspeed_tiff.dir/CiffIFD.cpp.o
#14 42.85 [70/855] Building CXX object lib/darktable/rawspeed/src/librawspeed/tiff/CMakeFiles/rawspeed_tiff.dir/TiffEntry.cpp.o
#14 44.35 [71/855] Building CXX object lib/darktable/rawspeed/src/librawspeed/parsers/CMakeFiles/rawspeed_parsers.dir/CiffParserException.cpp.o
#14 45.73 [72/855] Building CXX object lib/darktable/rawspeed/src/librawspeed/tiff/CMakeFiles/rawspeed_tiff.dir/TiffIFD.cpp.o
#14 49.23 [73/855] Building CXX object lib/darktable/rawspeed/src/librawspeed/parsers/CMakeFiles/rawspeed_parsers.dir/FiffParserException.cpp.o
#14 49.30 [74/855] Building CXX object lib/darktable/rawspeed/src/librawspeed/parsers/CMakeFiles/rawspeed_parsers.dir/CiffParser.cpp.o
#14 50.60 [75/855] Building CXX object lib/darktable/rawspeed/src/librawspeed/parsers/CMakeFiles/rawspeed_parsers.dir/RawParserException.cpp.o
#14 50.83 [76/855] Building CXX object lib/darktable/rawspeed/src/librawspeed/parsers/CMakeFiles/rawspeed_parsers.dir/FiffParser.cpp.o
#14 52.01 [77/855] Building CXX object lib/darktable/rawspeed/src/librawspeed/parsers/CMakeFiles/rawspeed_parsers.dir/TiffParserException.cpp.o
#14 53.20 [78/855] Building CXX object lib/darktable/rawspeed/src/librawspeed/parsers/CMakeFiles/rawspeed_parsers.dir/RawParser.cpp.o
#14 54.10 [79/855] Building Rust crate darkroom-core
#14 54.10 info: syncing channel updates for stable-x86_64-unknown-linux-gnu
#14 54.10 info: latest update on 2026-05-28 for version 1.96.0 (ac68faa20 2026-05-25)
#14 54.10 info: downloading component clippy
#14 54.10     Updating crates.io index
#14 54.10      Locking 49 packages to latest compatible versions
#14 54.10       Adding bindgen v0.70.1 (available: v0.72.1)
#14 54.10       Adding rusqlite v0.31.0 (available: v0.40.0)
#14 54.10  Downloading crates ...
#14 54.10   Downloaded cexpr v0.6.0
#14 54.10   Downloaded anyhow v1.0.102
#14 54.10   Downloaded cfg-if v1.0.4
#14 54.10   Downloaded rustc-hash v1.1.0
#14 54.10   Downloaded either v1.16.0
#14 54.10   Downloaded glob v0.3.3
#14 54.10   Downloaded crossbeam-deque v0.8.6
#14 54.10   Downloaded libloading v0.8.9
#14 54.10   Downloaded shlex v1.3.0
#14 54.10   Downloaded clang-sys v1.8.1
#14 54.10   Downloaded quote v1.0.45
#14 54.10   Downloaded crossbeam-utils v0.8.21
#14 54.10   Downloaded unicode-ident v1.0.24
#14 54.10   Downloaded proc-macro2 v1.0.106
#14 54.10   Downloaded log v0.4.30
#14 54.10   Downloaded bitflags v2.11.1
#14 54.10   Downloaded rayon-core v1.13.0
#14 54.10   Downloaded prettyplease v0.2.37
#14 54.10   Downloaded minimal-lexical v0.2.1
#14 54.10   Downloaded nom v7.1.3
#14 54.10   Downloaded memchr v2.8.1
#14 54.10   Downloaded itertools v0.13.0
#14 54.10   Downloaded regex v1.12.3
#14 54.10   Downloaded bindgen v0.70.1
#14 54.10   Downloaded rayon v1.12.0
#14 54.10   Downloaded aho-corasick v1.1.4
#14 54.10   Downloaded crossbeam-epoch v0.9.18
#14 54.10   Downloaded syn v2.0.117
#14 54.10   Downloaded regex-syntax v0.8.10
#14 54.10   Downloaded regex-automata v0.4.14
#14 54.10   Downloaded libc v0.2.186
#14 54.10    Compiling proc-macro2 v1.0.106
#14 54.10    Compiling quote v1.0.45
#14 54.10    Compiling unicode-ident v1.0.24
#14 54.10    Compiling glob v0.3.3
#14 54.10    Compiling libc v0.2.186
#14 54.10    Compiling prettyplease v0.2.37
#14 54.10    Compiling crossbeam-utils v0.8.21
#14 54.10    Compiling regex-syntax v0.8.10
#14 54.10    Compiling clang-sys v1.8.1
#14 54.10    Compiling minimal-lexical v0.2.1
#14 54.10    Compiling memchr v2.8.1
#14 54.10    Compiling cfg-if v1.0.4
#14 54.10    Compiling libloading v0.8.9
#14 54.10    Compiling nom v7.1.3
#14 54.10    Compiling syn v2.0.117
#14 54.10    Compiling either v1.16.0
#14 54.10    Compiling regex-automata v0.4.14
#14 54.10    Compiling bindgen v0.70.1
#14 54.10    Compiling itertools v0.13.0
#14 54.10    Compiling cexpr v0.6.0
#14 54.10    Compiling regex v1.12.3
#14 54.10    Compiling rustc-hash v1.1.0
#14 54.10    Compiling bitflags v2.11.1
#14 54.10    Compiling shlex v1.3.0
#14 54.10    Compiling log v0.4.30
#14 54.10    Compiling crossbeam-epoch v0.9.18
#14 54.10    Compiling rayon-core v1.13.0
#14 54.10    Compiling crossbeam-deque v0.8.6
#14 54.10    Compiling anyhow v1.0.102
#14 54.10    Compiling rayon v1.12.0
#14 54.10    Compiling darkroom-sys v0.1.0 (/src/crates/darkroom-sys)
#14 54.10    Compiling darkroom-core v0.1.0 (/src/crates/darkroom-core)
#14 54.10 warning: variable does not need to be mutable
#14 54.10    --> crates/darkroom-core/src/iop/channelmixerrgb.rs:318:13
#14 54.10     |
#14 54.10 318 |         let mut t2 = [
#14 54.10     |             ----^^
#14 54.10     |             |
#14 54.10     |             help: remove this `mut`
#14 54.10     |
#14 54.10     = note: `#[warn(unused_mut)]` (part of `#[warn(unused)]`) on by default
#14 54.10 
#14 54.10 warning: variable does not need to be mutable
#14 54.10    --> crates/darkroom-core/src/iop/channelmixerrgb.rs:359:13
#14 54.10     |
#14 54.10 359 |         let mut gmapped = gamut_mapping(xyz, gamut, clip_b);
#14 54.10     |             ----^^^^^^^
#14 54.10     |             |
#14 54.10     |             help: remove this `mut`
#14 54.10 
#14 54.10 warning: `darkroom-core` (lib) generated 2 warnings (run `cargo fix --lib -p darkroom-core` to apply 2 suggestions)
#14 54.10     Finished `release` profile [optimized] target(s) in 32.20s
#14 55.95 [80/855] Building CXX object lib/darktable/rawspeed/src/librawspeed/parsers/CMakeFiles/rawspeed_parsers.dir/TiffParser.cpp.o
#14 56.71 [81/855] Building CXX object lib/darktable/rawspeed/src/librawspeed/decompressors/CMakeFiles/rawspeed_decompressors.dir/AbstractLJpegDecoder.cpp.o
#14 56.71 [82/855] Building CXX object lib/darktable/rawspeed/src/librawspeed/decompressors/CMakeFiles/rawspeed_decompressors.dir/AbstractDngDecompressor.cpp.o
#14 57.82 [83/855] Building CXX object lib/darktable/rawspeed/src/librawspeed/decompressors/CMakeFiles/rawspeed_decompressors.dir/Cr2Decompressor.cpp.o
#14 59.18 [84/855] Building CXX object lib/darktable/rawspeed/src/librawspeed/decompressors/CMakeFiles/rawspeed_decompressors.dir/DeflateDecompressor.cpp.o
#14 59.33 [85/855] Building CXX object lib/darktable/rawspeed/src/librawspeed/decompressors/CMakeFiles/rawspeed_decompressors.dir/Cr2LJpegDecoder.cpp.o
#14 62.35 [86/855] Building CXX object lib/darktable/rawspeed/src/librawspeed/decompressors/CMakeFiles/rawspeed_decompressors.dir/FujiDecompressor.cpp.o
#14 62.54 [87/855] Building CXX object lib/darktable/rawspeed/src/librawspeed/decompressors/CMakeFiles/rawspeed_decompressors.dir/CrwDecompressor.cpp.o
#14 63.54 [88/855] Building CXX object lib/darktable/rawspeed/src/librawspeed/decompressors/CMakeFiles/rawspeed_decompressors.dir/HasselbladDecompressor.cpp.o
#14 63.70 [89/855] Building CXX object lib/darktable/rawspeed/src/librawspeed/decompressors/CMakeFiles/rawspeed_decompressors.dir/HasselbladLJpegDecoder.cpp.o
#14 66.16 [90/855] Building CXX object lib/darktable/rawspeed/src/librawspeed/decompressors/CMakeFiles/rawspeed_decompressors.dir/JpegDecompressor.cpp.o
#14 66.80 [91/855] Building CXX object lib/darktable/rawspeed/src/librawspeed/decompressors/CMakeFiles/rawspeed_decompressors.dir/KodakDecompressor.cpp.o
#14 67.23 [92/855] Building CXX object lib/darktable/rawspeed/src/librawspeed/decompressors/CMakeFiles/rawspeed_decompressors.dir/LJpegDecoder.cpp.o
#14 68.36 [93/855] Building CXX object lib/darktable/rawspeed/src/librawspeed/decompressors/CMakeFiles/rawspeed_decompressors.dir/LJpegDecompressor.cpp.o
#14 70.41 [94/855] Building CXX object lib/darktable/rawspeed/src/librawspeed/decompressors/CMakeFiles/rawspeed_decompressors.dir/OlympusDecompressor.cpp.o
#14 70.42 [95/855] Building CXX object lib/darktable/rawspeed/src/librawspeed/decompressors/CMakeFiles/rawspeed_decompressors.dir/NikonDecompressor.cpp.o
#14 70.77 [96/855] Building CXX object lib/darktable/rawspeed/src/librawspeed/decompressors/CMakeFiles/rawspeed_decompressors.dir/PanasonicV4Decompressor.cpp.o
#14 71.89 [97/855] Building CXX object lib/darktable/rawspeed/src/librawspeed/decompressors/CMakeFiles/rawspeed_decompressors.dir/PanasonicV5Decompressor.cpp.o
#14 73.35 [98/855] Building CXX object lib/darktable/rawspeed/src/librawspeed/decompressors/CMakeFiles/rawspeed_decompressors.dir/PanasonicV7Decompressor.cpp.o
#14 74.45 [99/855] Building CXX object lib/darktable/rawspeed/src/librawspeed/decompressors/CMakeFiles/rawspeed_decompressors.dir/PanasonicV6Decompressor.cpp.o
#14 75.49 [100/855] Building CXX object lib/darktable/rawspeed/src/librawspeed/decompressors/CMakeFiles/rawspeed_decompressors.dir/PanasonicV8Decompressor.cpp.o
#14 75.51 [101/855] Building CXX object lib/darktable/rawspeed/src/librawspeed/decompressors/CMakeFiles/rawspeed_decompressors.dir/PentaxDecompressor.cpp.o
#14 76.60 [102/855] Building CXX object lib/darktable/rawspeed/src/librawspeed/decompressors/CMakeFiles/rawspeed_decompressors.dir/PhaseOneDecompressor.cpp.o
#14 77.05 [103/855] Building CXX object lib/darktable/rawspeed/src/librawspeed/decompressors/CMakeFiles/rawspeed_decompressors.dir/SamsungV0Decompressor.cpp.o
#14 78.17 [104/855] Building CXX object lib/darktable/rawspeed/src/librawspeed/decompressors/CMakeFiles/rawspeed_decompressors.dir/SamsungV2Decompressor.cpp.o
#14 79.02 [105/855] Building CXX object lib/darktable/rawspeed/src/librawspeed/decompressors/CMakeFiles/rawspeed_decompressors.dir/SamsungV1Decompressor.cpp.o
#14 79.57 [106/855] Building CXX object lib/darktable/rawspeed/src/librawspeed/decompressors/CMakeFiles/rawspeed_decompressors.dir/SonyArw1Decompressor.cpp.o
#14 79.67 [107/855] Building CXX object lib/darktable/rawspeed/src/librawspeed/decompressors/CMakeFiles/rawspeed_decompressors.dir/SonyArw2Decompressor.cpp.o
#14 80.88 [108/855] Building CXX object lib/darktable/rawspeed/src/librawspeed/decompressors/CMakeFiles/rawspeed_decompressors.dir/UncompressedDecompressor.cpp.o
#14 82.40 [109/855] Building CXX object lib/darktable/rawspeed/src/librawspeed/decoders/CMakeFiles/rawspeed_decoders.dir/AbstractTiffDecoder.cpp.o
#14 82.56 [110/855] Building CXX object lib/darktable/rawspeed/src/librawspeed/interpolators/CMakeFiles/rawspeed_interpolators.dir/Cr2sRawInterpolator.cpp.o
#14 84.63 [111/855] Building CXX object lib/darktable/rawspeed/src/librawspeed/decompressors/CMakeFiles/rawspeed_decompressors.dir/VC5Decompressor.cpp.o
#14 84.68 [112/855] Building CXX object lib/darktable/rawspeed/src/librawspeed/decoders/CMakeFiles/rawspeed_decoders.dir/ArwDecoder.cpp.o
#14 85.23 [113/855] Building CXX object lib/darktable/rawspeed/src/librawspeed/decoders/CMakeFiles/rawspeed_decoders.dir/CrwDecoder.cpp.o
#14 86.53 [114/855] Building CXX object lib/darktable/rawspeed/src/librawspeed/decoders/CMakeFiles/rawspeed_decoders.dir/Cr2Decoder.cpp.o
#14 87.25 [115/855] Building CXX object lib/darktable/rawspeed/src/librawspeed/decoders/CMakeFiles/rawspeed_decoders.dir/DcsDecoder.cpp.o
#14 87.43 [116/855] Building CXX object lib/darktable/rawspeed/src/librawspeed/decoders/CMakeFiles/rawspeed_decoders.dir/DcrDecoder.cpp.o
#14 88.54 [117/855] Building CXX object lib/darktable/rawspeed/src/librawspeed/decoders/CMakeFiles/rawspeed_decoders.dir/ErfDecoder.cpp.o
#14 88.90 [118/855] Building CXX object lib/darktable/rawspeed/src/librawspeed/decoders/CMakeFiles/rawspeed_decoders.dir/DngDecoder.cpp.o
#14 89.64 [119/855] Building CXX object lib/darktable/rawspeed/src/librawspeed/decoders/CMakeFiles/rawspeed_decoders.dir/KdcDecoder.cpp.o
#14 90.66 [120/855] Building CXX object lib/darktable/rawspeed/src/librawspeed/decoders/CMakeFiles/rawspeed_decoders.dir/MefDecoder.cpp.o
#14 90.68 [121/855] Building CXX object lib/darktable/rawspeed/src/librawspeed/decoders/CMakeFiles/rawspeed_decoders.dir/IiqDecoder.cpp.o
#14 91.71 [122/855] Building CXX object lib/darktable/rawspeed/src/librawspeed/decoders/CMakeFiles/rawspeed_decoders.dir/MosDecoder.cpp.o
#14 92.99 [123/855] Building CXX object lib/darktable/rawspeed/src/librawspeed/decoders/CMakeFiles/rawspeed_decoders.dir/MrwDecoder.cpp.o
#14 93.67 [124/855] Building CXX object lib/darktable/rawspeed/src/librawspeed/decoders/CMakeFiles/rawspeed_decoders.dir/NakedDecoder.cpp.o
#14 94.00 [125/855] Building CXX object lib/darktable/rawspeed/src/librawspeed/decoders/CMakeFiles/rawspeed_decoders.dir/NefDecoder.cpp.o
#14 94.69 [126/855] Building CXX object lib/darktable/rawspeed/src/librawspeed/decoders/CMakeFiles/rawspeed_decoders.dir/OrfDecoder.cpp.o
#14 95.41 [127/855] Building CXX object lib/darktable/rawspeed/src/librawspeed/decoders/CMakeFiles/rawspeed_decoders.dir/RawDecoderException.cpp.o
#14 95.70 [128/855] Building CXX object lib/darktable/rawspeed/src/librawspeed/decoders/CMakeFiles/rawspeed_decoders.dir/PefDecoder.cpp.o
#14 96.65 [129/855] Building CXX object lib/darktable/rawspeed/src/librawspeed/decoders/CMakeFiles/rawspeed_decoders.dir/RafDecoder.cpp.o
#14 96.88 [130/855] Building CXX object lib/darktable/rawspeed/src/librawspeed/decoders/CMakeFiles/rawspeed_decoders.dir/RawDecoder.cpp.o
#14 98.03 [131/855] Building CXX object lib/darktable/rawspeed/src/librawspeed/decoders/CMakeFiles/rawspeed_decoders.dir/SimpleTiffDecoder.cpp.o
#14 98.71 [132/855] Building CXX object lib/darktable/rawspeed/src/librawspeed/decoders/CMakeFiles/rawspeed_decoders.dir/Rw2Decoder.cpp.o
#14 98.84 [133/855] Checking validity of cameras.xml
#14 98.84 /src/src/external/rawspeed/data/cameras.xml validates
#14 100.2 [134/855] Building CXX object lib/darktable/rawspeed/src/librawspeed/decoders/CMakeFiles/rawspeed_decoders.dir/SrwDecoder.cpp.o
#14 100.5 [135/855] Building CXX object lib/darktable/rawspeed/src/librawspeed/decoders/CMakeFiles/rawspeed_decoders.dir/StiDecoder.cpp.o
#14 101.3 [136/855] Building CXX object lib/darktable/rawspeed/src/librawspeed/decoders/CMakeFiles/rawspeed_decoders.dir/ThreefrDecoder.cpp.o
#14 101.6 [137/855] Building CXX object lib/darktable/rawspeed/src/librawspeed/common/CMakeFiles/rawspeed_get_number_of_processor_cores.dir/GetNumberOfProcessorCores.cpp.o
#14 102.2 [138/855] Building C object bin/external/LuaAutoC/CMakeFiles/lautoc.dir/lautoc.c.o
#14 102.3 [139/855] Linking C static library bin/external/LuaAutoC/liblautoc.a
#14 102.9 [140/855] Linking CXX static library lib/darktable/rawspeed/librawspeed.a
#14 103.0 [141/855] Linking CXX static library lib/darktable/rawspeed/src/librawspeed/common/librawspeed_get_number_of_processor_cores.a
#14 103.0 [142/855] Building C object bin/cmstest/CMakeFiles/darktable-cmstest.dir/__/version_gen.c.o
#14 103.3 [143/855] Building C object bin/cmstest/CMakeFiles/darktable-cmstest.dir/main.c.o
#14 103.3 [144/855] Building CXX object lib/darktable/rawspeed/src/utilities/identify/CMakeFiles/darktable-rs-identify.dir/rawspeed-identify.cpp.o
#14 103.5 [145/855] Linking C executable bin/darktable-cmstest
#14 105.0 [146/855] Building CXX object bin/CMakeFiles/lib_darktable_imageio_rawspeed.dir/imageio/imageio_rawspeed.cc.o
#14 105.0 [147/855] Linking CXX static library bin/liblib_darktable_imageio_rawspeed.a
#14 106.7 [148/855] Generating org.darktable.darktable.desktop
#14 106.7 Merging translations into /src/build/share/darktable/org.darktable.darktable.desktop.
#14 106.7 [149/855] Checking validity of org.darktable.darktable.desktop
#14 107.2 [150/855] Generating ../metainfo/org.darktable.darktable.appdata.xml
#14 107.2 Merging translations into /src/build/bin/../share/metainfo/org.darktable.darktable.appdata.xml.
#14 107.2 CREATED /src/build/bin/../share/metainfo/org.darktable.darktable.appdata.xml
#14 107.3 [151/855] Checking validity of /src/build/share/darktable/darktableconfig.xml
#14 107.3 [152/855] Generating preferences
#14 107.3 [153/855] Building C object bin/CMakeFiles/lib_darktable.dir/version_gen.c.o
#14 107.3 [154/855] Checking validity of noiseprofiles.json
#14 108.3 [155/855] Building C object bin/CMakeFiles/lib_darktable.dir/common/act_on.c.o
#14 108.4 [156/855] Building C object bin/CMakeFiles/lib_darktable.dir/common/atomic.c.o
#14 110.1 [157/855] Building C object bin/CMakeFiles/lib_darktable.dir/bauhaus/bauhaus.c.o
#14 110.8 [158/855] Building C object bin/CMakeFiles/lib_darktable.dir/common/bilateral.c.o
#14 110.9 [159/855] Building C object bin/CMakeFiles/lib_darktable.dir/common/bilateralcl.c.o
#14 111.5 [160/855] Building C object bin/CMakeFiles/lib_darktable.dir/common/cache.c.o
#14 112.1 [161/855] Building C object bin/CMakeFiles/lib_darktable.dir/common/calculator.c.o
#14 112.1 [162/855] Checking validity of wb_presets.json
#14 112.6 [163/855] Building C object bin/CMakeFiles/lib_darktable.dir/common/color_harmony.c.o
#14 114.0 [164/855] Building C object bin/CMakeFiles/lib_darktable.dir/common/color_picker.c.o
#14 114.1 [165/855] Building C object bin/CMakeFiles/lib_darktable.dir/common/collection.c.o
#14 114.7 [166/855] Building C object bin/CMakeFiles/lib_darktable.dir/common/color_vocabulary.c.o
#14 115.2 [167/855] Building CXX object bin/CMakeFiles/lib_darktable.dir/common/box_filters.cc.o
#14 115.2 [168/855] Building C object bin/CMakeFiles/lib_darktable.dir/common/colorlabels.c.o
#14 115.5 [169/855] Building C object bin/CMakeFiles/lib_darktable.dir/common/curve_tools.c.o
#14 115.9 [170/855] Building C object bin/CMakeFiles/lib_darktable.dir/common/curl_tools.c.o
#14 116.1 [171/855] Building C object bin/CMakeFiles/lib_darktable.dir/common/custom_primaries.c.o
#14 116.9 [172/855] Building C object bin/CMakeFiles/lib_darktable.dir/common/colorspaces.c.o
#14 118.0 [173/855] Building C object bin/CMakeFiles/lib_darktable.dir/common/datetime.c.o
#14 118.3 [174/855] Building C object bin/CMakeFiles/lib_darktable.dir/common/darktable.c.o
#14 119.0 [175/855] Building C object bin/CMakeFiles/lib_darktable.dir/common/dbus.c.o
#14 119.9 [176/855] Building C object bin/CMakeFiles/lib_darktable.dir/common/distance_transform.c.o
#14 120.0 [177/855] Building C object bin/CMakeFiles/lib_darktable.dir/common/database.c.o
#14 120.7 [178/855] Building C object bin/CMakeFiles/lib_darktable.dir/common/dng_opcode.c.o
#14 120.7 [179/855] Building C object bin/CMakeFiles/lib_darktable.dir/common/dlopencl.c.o
#14 120.9 [180/855] Building C object bin/CMakeFiles/lib_darktable.dir/common/dtpthread.c.o
#14 121.5 [181/855] Building C object bin/CMakeFiles/lib_darktable.dir/common/dynload.c.o
#14 121.7 [182/855] Building CXX object bin/CMakeFiles/lib_darktable.dir/common/densecrf.cc.o
#14 122.3 [183/855] Building C object bin/CMakeFiles/lib_darktable.dir/common/dwt.c.o
#14 122.9 [184/855] Building C object bin/CMakeFiles/lib_darktable.dir/common/file_location.c.o
#14 123.7 [185/855] Building C object bin/CMakeFiles/lib_darktable.dir/common/eaw.c.o
#14 124.3 [186/855] Building C object bin/CMakeFiles/lib_darktable.dir/common/film.c.o
#14 125.3 [187/855] Building C object bin/CMakeFiles/lib_darktable.dir/common/gimp.c.o
#14 126.3 [188/855] Building C object bin/CMakeFiles/lib_darktable.dir/common/gpx.c.o
#14 126.3 [189/855] Building C object bin/CMakeFiles/lib_darktable.dir/common/gaussian.c.o
#14 127.0 [190/855] Building C object bin/CMakeFiles/lib_darktable.dir/common/grouping.c.o
#14 127.8 [191/855] Building C object bin/CMakeFiles/lib_darktable.dir/common/guided_filter.c.o
#14 128.1 [192/855] Building C object bin/CMakeFiles/lib_darktable.dir/common/heal.c.o
#14 128.7 [193/855] Building C object bin/CMakeFiles/lib_darktable.dir/common/histogram.c.o
#14 129.8 [194/855] Building C object bin/CMakeFiles/lib_darktable.dir/common/history_snapshot.c.o
#14 130.5 [195/855] Building C object bin/CMakeFiles/lib_darktable.dir/common/history.c.o
#14 131.7 [196/855] Building C object bin/CMakeFiles/lib_darktable.dir/common/image_cache.c.o
#14 132.8 [197/855] Building C object bin/CMakeFiles/lib_darktable.dir/common/image.c.o
#14 133.2 [198/855] Building C object bin/CMakeFiles/lib_darktable.dir/common/imagebuf.c.o
#14 133.8 [199/855] Building C object bin/CMakeFiles/lib_darktable.dir/common/import_session.c.o
#14 134.5 [200/855] Building C object bin/CMakeFiles/lib_darktable.dir/common/iop_group.c.o
#14 135.0 [201/855] Building C object bin/CMakeFiles/lib_darktable.dir/common/interpolation.c.o
#14 136.2 [202/855] Building C object bin/CMakeFiles/lib_darktable.dir/common/iop_order.c.o
#14 137.0 [203/855] Building C object bin/CMakeFiles/lib_darktable.dir/common/l10n.c.o
#14 138.1 [204/855] Building CXX object bin/CMakeFiles/lib_darktable.dir/common/exif.cc.o
#14 138.4 [205/855] Building C object bin/CMakeFiles/lib_darktable.dir/common/iop_profile.c.o
#14 139.0 [206/855] Building C object bin/CMakeFiles/lib_darktable.dir/common/locallaplacian.c.o
#14 139.1 [207/855] Building C object bin/CMakeFiles/lib_darktable.dir/common/locallaplaciancl.c.o
#14 139.4 [208/855] Building C object bin/CMakeFiles/lib_darktable.dir/common/map_locations.c.o
#14 139.6 [209/855] Building C object bin/CMakeFiles/lib_darktable.dir/common/matrices.c.o
#14 139.9 [210/855] Building C object bin/CMakeFiles/lib_darktable.dir/common/metadata_export.c.o
#14 140.1 [211/855] Building C object bin/CMakeFiles/lib_darktable.dir/common/metadata.c.o
#14 140.4 [212/855] Building C object bin/CMakeFiles/lib_darktable.dir/common/module.c.o
#14 140.9 [213/855] Building C object bin/CMakeFiles/lib_darktable.dir/common/mipmap_cache.c.o
#14 141.5 [214/855] Building C object bin/CMakeFiles/lib_darktable.dir/common/noiseprofiles.c.o
#14 142.3 [215/855] Building C object bin/CMakeFiles/lib_darktable.dir/common/overlay.c.o
#14 143.1 [216/855] Building C object bin/CMakeFiles/lib_darktable.dir/common/pdf.c.o
#14 143.9 [217/855] Building C object bin/CMakeFiles/lib_darktable.dir/common/pfm.c.o
#14 144.0 [218/855] Building C object bin/CMakeFiles/lib_darktable.dir/common/opencl.c.o
#14 144.5 [219/855] Building C object bin/CMakeFiles/lib_darktable.dir/common/nlmeans_core.c.o
#14 144.6 [220/855] Linking CXX executable lib/darktable/rawspeed/src/utilities/identify/darktable-rs-identify
#14 144.6 lto-wrapper: warning: using serial compilation of 15 LTRANS jobs
#14 144.6 lto-wrapper: note: see the '-flto' option documentation for more information
#14 144.7 [221/855] Building C object bin/CMakeFiles/lib_darktable.dir/common/print_layouts.c.o
#14 145.1 [222/855] Building C object bin/CMakeFiles/lib_darktable.dir/common/presets.c.o
#14 145.3 [223/855] Building C object bin/CMakeFiles/lib_darktable.dir/common/pwstorage/backend_kwallet.c.o
#14 145.4 [224/855] Building C object bin/CMakeFiles/lib_darktable.dir/common/resource_limits.c.o
#14 145.4 [225/855] Building C object bin/CMakeFiles/lib_darktable.dir/common/pwstorage/pwstorage.c.o
#14 145.5 [226/855] Building C object bin/CMakeFiles/lib_darktable.dir/common/ras2vect.c.o
#14 145.9 [227/855] Building C object bin/CMakeFiles/lib_darktable.dir/common/ratings.c.o
#14 146.1 [228/855] Building C object bin/CMakeFiles/lib_darktable.dir/common/smart_previews.c.o
#14 146.3 [229/855] Building C object bin/CMakeFiles/lib_darktable.dir/common/selection.c.o
#14 146.7 [230/855] Building C object bin/CMakeFiles/lib_darktable.dir/common/system_signal_handling.c.o
#14 147.6 [231/855] Building C object bin/CMakeFiles/lib_darktable.dir/common/undo.c.o
#14 147.7 [232/855] Building C object bin/CMakeFiles/lib_darktable.dir/common/styles.c.o
#14 148.1 [233/855] Building C object bin/CMakeFiles/lib_darktable.dir/common/usermanual_url.c.o
#14 148.2 [234/855] Building C object bin/CMakeFiles/lib_darktable.dir/common/tags.c.o
#14 148.7 [235/855] Building C object bin/CMakeFiles/lib_darktable.dir/common/utility.c.o
#14 148.7 [236/855] Building CXX object bin/CMakeFiles/lib_darktable.dir/common/splines.cpp.o
#14 148.9 [237/855] Building C object bin/CMakeFiles/lib_darktable.dir/common/virtual_copies.c.o
#14 149.6 [238/855] Building C object bin/CMakeFiles/lib_darktable.dir/common/wb_presets.c.o
#14 149.7 [239/855] Building C object bin/CMakeFiles/lib_darktable.dir/common/variables.c.o
#14 149.9 [240/855] Building C object bin/CMakeFiles/lib_darktable.dir/control/conf.c.o
#14 150.1 [241/855] Building C object bin/CMakeFiles/lib_darktable.dir/control/control.c.o
#14 150.7 [242/855] Building C object bin/CMakeFiles/lib_darktable.dir/control/crawler.c.o
#14 150.8 [243/855] Building C object bin/CMakeFiles/lib_darktable.dir/control/jobs/develop_jobs.c.o
#14 150.9 [244/855] Building C object bin/CMakeFiles/lib_darktable.dir/control/jobs.c.o
#14 151.5 [245/855] Building C object bin/CMakeFiles/lib_darktable.dir/control/jobs/film_jobs.c.o
#14 151.5 [246/855] Building C object bin/CMakeFiles/lib_darktable.dir/control/jobs/image_jobs.c.o
#14 151.8 [247/855] Building C object bin/CMakeFiles/lib_darktable.dir/control/jobs/sidecar_jobs.c.o
#14 152.3 [248/855] Building C object bin/CMakeFiles/lib_darktable.dir/control/jobs/control_jobs.c.o
#14 152.6 [249/855] Building C object bin/CMakeFiles/lib_darktable.dir/control/signal.c.o
#14 152.7 [250/855] Building C object bin/CMakeFiles/lib_darktable.dir/control/progress.c.o
#14 153.7 [251/855] Building C object bin/CMakeFiles/lib_darktable.dir/develop/blend.c.o
#14 155.1 [252/855] Building C object bin/CMakeFiles/lib_darktable.dir/develop/blends/blendif_raw.c.o
#14 155.1 [253/855] Building C object bin/CMakeFiles/lib_darktable.dir/develop/blend_gui.c.o
#14 156.1 [254/855] Building C object bin/CMakeFiles/lib_darktable.dir/develop/borders_helper.c.o
#14 156.7 [255/855] Building C object bin/CMakeFiles/lib_darktable.dir/develop/blends/blendif_lab.c.o
#14 157.5 [256/855] Building C object bin/CMakeFiles/lib_darktable.dir/develop/format.c.o
#14 158.8 [257/855] Building C object bin/CMakeFiles/lib_darktable.dir/develop/develop.c.o
#14 159.2 [258/855] Building C object bin/CMakeFiles/lib_darktable.dir/develop/blends/blendif_rgb_hsl.c.o
#14 159.6 [259/855] Building C object bin/CMakeFiles/lib_darktable.dir/develop/imageop_gui.c.o
#14 159.8 [260/855] Building C object bin/CMakeFiles/lib_darktable.dir/develop/blends/blendif_rgb_jzczhz.c.o
#14 160.2 [261/855] Building C object bin/CMakeFiles/lib_darktable.dir/develop/imageop.c.o
#14 161.1 [262/855] Building C object bin/CMakeFiles/lib_darktable.dir/develop/lightroom.c.o
#14 161.9 [263/855] Building C object bin/CMakeFiles/lib_darktable.dir/develop/imageop_math.c.o
#14 162.1 [264/855] Building C object bin/CMakeFiles/lib_darktable.dir/develop/masks/circle.c.o
#14 162.9 [265/855] Building C object bin/CMakeFiles/lib_darktable.dir/develop/masks/brush.c.o
#14 163.9 [266/855] Building C object bin/CMakeFiles/lib_darktable.dir/develop/masks/ellipse.c.o
#14 164.3 [267/855] Building C object bin/CMakeFiles/lib_darktable.dir/develop/masks/gradient.c.o
#14 164.3 [268/855] Building C object bin/CMakeFiles/lib_darktable.dir/develop/masks/group.c.o
#14 166.3 [269/855] Building C object bin/CMakeFiles/lib_darktable.dir/develop/masks/masks.c.o
#14 167.2 [270/855] Building C object bin/CMakeFiles/lib_darktable.dir/dtgtk/button.c.o
#14 167.2 [271/855] Building C object bin/CMakeFiles/lib_darktable.dir/develop/tiling.c.o
#14 167.7 [272/855] Building C object bin/CMakeFiles/lib_darktable.dir/dtgtk/drawingarea.c.o
#14 168.2 [273/855] Building C object bin/CMakeFiles/lib_darktable.dir/develop/masks/path.c.o
#14 168.2 [274/855] Building C object bin/CMakeFiles/lib_darktable.dir/develop/pixelpipe.c.o
#14 168.6 [275/855] Building C object bin/CMakeFiles/lib_darktable.dir/dtgtk/expander.c.o
#14 168.8 [276/855] Building C object bin/CMakeFiles/lib_darktable.dir/dtgtk/icon.c.o
#14 168.9 [277/855] Building C object bin/CMakeFiles/lib_darktable.dir/dtgtk/culling.c.o
#14 169.6 [278/855] Building C object bin/CMakeFiles/lib_darktable.dir/dtgtk/gradientslider.c.o
#14 169.6 [279/855] Building C object bin/CMakeFiles/lib_darktable.dir/dtgtk/resetlabel.c.o
#14 170.4 [280/855] Building C object bin/CMakeFiles/lib_darktable.dir/dtgtk/sidepanel.c.o
#14 170.6 [281/855] Building C object bin/CMakeFiles/lib_darktable.dir/dtgtk/stylemenu.c.o
#14 170.6 [282/855] Building C object bin/CMakeFiles/lib_darktable.dir/dtgtk/range.c.o
#14 171.2 [283/855] Building C object bin/CMakeFiles/lib_darktable.dir/dtgtk/thumbnail_btn.c.o
#14 171.4 [284/855] Building C object bin/CMakeFiles/lib_darktable.dir/dtgtk/paint.c.o
#14 172.0 [285/855] Building C object bin/CMakeFiles/lib_darktable.dir/gui/about.c.o
#14 172.0 [286/855] Building C object bin/CMakeFiles/lib_darktable.dir/dtgtk/togglebutton.c.o
#14 172.7 [287/855] Building C object bin/CMakeFiles/lib_darktable.dir/dtgtk/thumbtable.c.o
#14 173.0 [288/855] Building C object bin/CMakeFiles/lib_darktable.dir/gui/color_picker_proxy.c.o
#14 173.6 [289/855] Building C object bin/CMakeFiles/lib_darktable.dir/gui/gtkentry.c.o
#14 174.8 [290/855] Building C object bin/CMakeFiles/lib_darktable.dir/gui/guides.c.o
#14 175.4 [291/855] Building C object bin/CMakeFiles/lib_darktable.dir/gui/gtk.c.o
#14 175.8 [292/855] Building C object bin/CMakeFiles/lib_darktable.dir/gui/hist_dialog.c.o
#14 175.8 [293/855] Building C object bin/CMakeFiles/lib_darktable.dir/gui/accelerators.c.o
#14 176.6 [294/855] Building C object bin/CMakeFiles/lib_darktable.dir/gui/metadata_tags.c.o
#14 176.6 [295/855] Building C object bin/CMakeFiles/lib_darktable.dir/gui/import_metadata.c.o
#14 177.2 [296/855] Building C object bin/CMakeFiles/lib_darktable.dir/gui/splash.c.o
#14 177.7 [297/855] Building C object bin/CMakeFiles/lib_darktable.dir/dtgtk/thumbnail.c.o
#14 178.3 [298/855] Building C object bin/CMakeFiles/lib_darktable.dir/gui/styles_dialog.c.o
#14 178.4 [299/855] Building C object bin/CMakeFiles/lib_darktable.dir/gui/presets.c.o
#14 178.7 [300/855] Building C object bin/CMakeFiles/lib_darktable.dir/gui/welcome.c.o
#14 179.3 [301/855] Building C object bin/CMakeFiles/lib_darktable.dir/gui/workspace.c.o
#14 179.8 [302/855] Building C object bin/CMakeFiles/lib_darktable.dir/imageio/imageio_dng.c.o
#14 179.9 [303/855] Building C object bin/CMakeFiles/lib_darktable.dir/gui/preferences.c.o
#14 180.0 [304/855] Building C object bin/CMakeFiles/lib_darktable.dir/imageio/imageio.c.o
#14 180.1 [305/855] Building C object bin/CMakeFiles/lib_darktable.dir/imageio/imageio_jpeg.c.o
#14 180.5 [306/855] Building C object bin/CMakeFiles/lib_darktable.dir/imageio/imageio_pfm.c.o
#14 180.8 [307/855] Building C object bin/CMakeFiles/lib_darktable.dir/imageio/imageio_module.c.o
#14 180.8 [308/855] Building C object bin/CMakeFiles/lib_darktable.dir/imageio/imageio_png.c.o
#14 181.2 [309/855] Building C object bin/CMakeFiles/lib_darktable.dir/imageio/imageio_pnm.c.o
#14 181.4 [310/855] Building C object bin/CMakeFiles/lib_darktable.dir/imageio/imageio_qoi.c.o
#14 181.7 [311/855] Building C object bin/CMakeFiles/lib_darktable.dir/imageio/imageio_rgbe.c.o
#14 183.0 [312/855] Building C object bin/CMakeFiles/lib_darktable.dir/imageio/imageio_tiff.c.o
#14 183.2 [313/855] Building C object bin/CMakeFiles/lib_darktable.dir/libs/lib.c.o
#14 183.5 [314/855] Building C object bin/CMakeFiles/lib_darktable.dir/common/camera_control.c.o
#14 184.1 [315/855] Building C object bin/CMakeFiles/lib_darktable.dir/control/jobs/camera_jobs.c.o
#14 184.3 [316/855] Building C object bin/CMakeFiles/lib_darktable.dir/imageio/imageio_jpegxl.c.o
#14 185.0 [317/855] Building C object bin/CMakeFiles/lib_darktable.dir/imageio/imageio_webp.c.o
#14 185.5 [318/855] Building C object bin/CMakeFiles/lib_darktable.dir/imageio/imageio_avif.c.o
#14 185.9 [319/855] Building C object bin/CMakeFiles/lib_darktable.dir/imageio/imageio_heif.c.o
#14 186.4 [320/855] Building C object bin/CMakeFiles/lib_darktable.dir/imageio/imageio_libraw.c.o
#14 186.8 [321/855] Building C object bin/CMakeFiles/lib_darktable.dir/imageio/imageio_j2k.c.o
#14 186.9 [322/855] Building C object bin/CMakeFiles/lib_darktable.dir/common/pwstorage/backend_libsecret.c.o
#14 187.4 [323/855] Building C object bin/CMakeFiles/lib_darktable.dir/common/sqliteicu.c.o
#14 187.5 [324/855] Building C object bin/CMakeFiles/lib_darktable.dir/lua/ai.c.o
#14 187.5 [325/855] Building CXX object bin/CMakeFiles/lib_darktable.dir/imageio/imageio_exr.cc.o
#14 187.6 [326/855] Building C object bin/CMakeFiles/lib_darktable.dir/imageio/imageio_gm.c.o
#14 188.2 [327/855] Building C object bin/CMakeFiles/lib_darktable.dir/lua/configuration.c.o
#14 188.2 [328/855] Building C object bin/CMakeFiles/lib_darktable.dir/lua/cairo.c.o
#14 188.4 [329/855] Building C object bin/CMakeFiles/lib_darktable.dir/lua/call.c.o
#14 188.8 [330/855] Building C object bin/CMakeFiles/lib_darktable.dir/views/view.c.o
#14 189.0 [331/855] Building C object bin/CMakeFiles/lib_darktable.dir/lua/database.c.o
#14 189.0 [332/855] Building C object bin/CMakeFiles/lib_darktable.dir/lua/events.c.o
#14 189.2 [333/855] Building C object bin/CMakeFiles/lib_darktable.dir/lua/gettext.c.o
#14 189.2 [334/855] Building C object bin/CMakeFiles/lib_darktable.dir/lua/film.c.o
#14 189.3 [335/855] Building C object bin/CMakeFiles/lib_darktable.dir/lua/glist.c.o
#14 190.0 [336/855] Building C object bin/CMakeFiles/lib_darktable.dir/lua/format.c.o
#14 190.3 [337/855] Building C object bin/CMakeFiles/lib_darktable.dir/lua/gui.c.o
#14 190.5 [338/855] Building C object bin/CMakeFiles/lib_darktable.dir/lua/guides.c.o
#14 190.7 [339/855] Building C object bin/CMakeFiles/lib_darktable.dir/lua/image.c.o
#14 191.2 [340/855] Building C object bin/CMakeFiles/lib_darktable.dir/lua/init.c.o
#14 191.5 [341/855] Building C object bin/CMakeFiles/lib_darktable.dir/lua/lua.c.o
#14 191.5 [342/855] Building C object bin/CMakeFiles/lib_darktable.dir/lua/lualib.c.o
#14 191.6 [343/855] Building C object bin/CMakeFiles/lib_darktable.dir/lua/lib.c.o
#14 192.1 [344/855] Building C object bin/CMakeFiles/lib_darktable.dir/lua/metadata.c.o
#14 192.1 [345/855] Building C object bin/CMakeFiles/lib_darktable.dir/lua/luastorage.c.o
#14 192.2 [346/855] Building C object bin/CMakeFiles/lib_darktable.dir/lua/password.c.o
#14 192.3 [347/855] Building C object bin/CMakeFiles/lib_darktable.dir/lua/modules.c.o
#14 192.9 [348/855] Building C object bin/CMakeFiles/lib_darktable.dir/lua/storage.c.o
#14 193.1 [349/855] Building C object bin/CMakeFiles/lib_darktable.dir/lua/print.c.o
#14 193.2 [350/855] Building C object bin/CMakeFiles/lib_darktable.dir/lua/preferences.c.o
#14 193.3 [351/855] Building C object bin/CMakeFiles/lib_darktable.dir/lua/styles.c.o
#14 193.7 [352/855] Building C object bin/CMakeFiles/lib_darktable.dir/lua/tags.c.o
#14 193.8 [353/855] Building C object bin/CMakeFiles/lib_darktable.dir/lua/util.c.o
#14 194.1 [354/855] Building C object bin/CMakeFiles/lib_darktable.dir/lua/view.c.o
#14 194.3 [355/855] Building C object bin/CMakeFiles/lib_darktable.dir/lua/types.c.o
#14 194.4 [356/855] Building C object bin/CMakeFiles/lib_darktable.dir/lua/widget/button.c.o
#14 194.5 [357/855] Building C object bin/CMakeFiles/lib_darktable.dir/lua/widget/box.c.o
#14 194.6 [358/855] Building C object bin/CMakeFiles/lib_darktable.dir/lua/widget/check_button.c.o
#14 195.0 [359/855] Building C object bin/CMakeFiles/lib_darktable.dir/lua/widget/combobox.c.o
#14 195.1 [360/855] Building C object bin/CMakeFiles/lib_darktable.dir/lua/widget/container.c.o
#14 195.1 [361/855] Building C object bin/CMakeFiles/lib_darktable.dir/lua/widget/entry.c.o
#14 195.1 [362/855] Building C object bin/CMakeFiles/lib_darktable.dir/lua/widget/file_chooser.c.o
#14 195.6 [363/855] Building C object bin/CMakeFiles/lib_darktable.dir/lua/widget/label.c.o
#14 195.6 [364/855] Building C object bin/CMakeFiles/lib_darktable.dir/lua/widget/section_label.c.o
#14 195.8 [365/855] Building C object bin/CMakeFiles/lib_darktable.dir/lua/widget/separator.c.o
#14 196.2 [366/855] Building C object bin/CMakeFiles/lib_darktable.dir/lua/widget/slider.c.o
#14 196.3 [367/855] Building C object bin/CMakeFiles/lib_darktable.dir/lua/widget/stack.c.o
#14 196.4 [368/855] Building C object bin/CMakeFiles/lib_darktable.dir/lua/widget/text_view.c.o
#14 196.7 [369/855] Building C object bin/CMakeFiles/lib_darktable.dir/lua/widget/widget.c.o
#14 197.0 [370/855] Building C object bin/CMakeFiles/lib_darktable.dir/common/printprof.c.o
#14 197.0 [371/855] Building C object bin/CMakeFiles/lib_darktable.dir/common/printing.c.o
#14 197.2 [372/855] Building C object bin/CMakeFiles/lib_darktable.dir/common/cups_print.c.o
#14 197.4 [373/855] Building C object bin/CMakeFiles/darktable.dir/main.c.o
#14 198.4 [374/855] Building C object lib/darktable/views/CMakeFiles/slideshow.dir/slideshow.c.o
#14 198.8 [375/855] Building C object lib/darktable/views/CMakeFiles/lighttable.dir/lighttable.c.o
#14 200.2 [376/855] Building C object lib/darktable/views/CMakeFiles/tethering.dir/tethering.c.o
#14 200.4 [377/855] Building C object lib/darktable/views/CMakeFiles/darkroom.dir/darkroom.c.o
#14 200.9 [378/855] Building C object lib/darktable/views/CMakeFiles/map.dir/map.c.o
#14 201.1 [379/855] Building C object lib/darktable/views/CMakeFiles/print.dir/print.c.o
#14 201.8 [380/855] Building C object lib/darktable/plugins/lighttable/CMakeFiles/export.dir/export_metadata.c.o
#14 202.5 [381/855] Building C object lib/darktable/plugins/lighttable/CMakeFiles/import.dir/import.c.o
#14 202.6 [382/855] Building C object lib/darktable/plugins/lighttable/CMakeFiles/export.dir/export.c.o
#14 202.8 [383/855] Building C object lib/darktable/plugins/lighttable/CMakeFiles/copy_history.dir/copy_history.c.o
#14 203.6 [384/855] Building C object lib/darktable/plugins/lighttable/CMakeFiles/styles.dir/styles.c.o
#14 203.7 [385/855] Building C object lib/darktable/plugins/lighttable/CMakeFiles/image.dir/image.c.o
#14 204.4 [386/855] Building C object lib/darktable/plugins/lighttable/CMakeFiles/select.dir/select.c.o
#14 205.3 [387/855] Building C object lib/darktable/plugins/lighttable/CMakeFiles/tagging.dir/tagging.c.o
#14 205.4 [388/855] Building C object lib/darktable/plugins/lighttable/CMakeFiles/recentcollect.dir/recentcollect.c.o
#14 206.3 [389/855] Building C object lib/darktable/plugins/lighttable/CMakeFiles/collect.dir/collect.c.o
#14 206.9 [390/855] Building C object lib/darktable/plugins/lighttable/CMakeFiles/metadata.dir/metadata.c.o
#14 207.9 [391/855] Building C object lib/darktable/plugins/lighttable/CMakeFiles/navigation.dir/navigation.c.o
#14 207.9 [392/855] Building C object lib/darktable/plugins/lighttable/CMakeFiles/metadata_view.dir/metadata_view.c.o
#14 208.9 [393/855] Building C object lib/darktable/plugins/lighttable/CMakeFiles/histogram.dir/scopes/histogram.c.o
#14 209.1 [394/855] Building C object lib/darktable/plugins/lighttable/CMakeFiles/histogram.dir/histogram.c.o
#14 209.5 [395/855] Building C object lib/darktable/plugins/lighttable/CMakeFiles/filtering.dir/filtering.c.o
#14 209.8 [396/855] Building C object lib/darktable/plugins/lighttable/CMakeFiles/histogram.dir/scopes/waveform.c.o
#14 210.4 [397/855] Building C object lib/darktable/plugins/lighttable/CMakeFiles/histogram.dir/scopes/split.c.o
#14 211.0 [398/855] Building C object lib/darktable/plugins/lighttable/CMakeFiles/histogram.dir/scopes/vectorscope.c.o
#14 211.5 [399/855] Building C object lib/darktable/plugins/lighttable/CMakeFiles/history.dir/history.c.o
#14 212.0 [400/855] Building C object lib/darktable/plugins/lighttable/CMakeFiles/snapshots.dir/snapshots.c.o
#14 212.3 [401/855] Building C object lib/darktable/plugins/lighttable/CMakeFiles/backgroundjobs.dir/backgroundjobs.c.o
#14 213.4 [402/855] Building C object lib/darktable/plugins/lighttable/CMakeFiles/colorpicker.dir/colorpicker.c.o
#14 214.0 [403/855] Building C object lib/darktable/plugins/lighttable/CMakeFiles/modulegroups.dir/modulegroups.c.o
#14 214.3 [404/855] Building C object lib/darktable/plugins/lighttable/CMakeFiles/masks.dir/masks.c.o
#14 214.4 [405/855] Building C object lib/darktable/plugins/lighttable/CMakeFiles/session.dir/session.c.o
#14 215.4 [406/855] Building C object lib/darktable/plugins/lighttable/CMakeFiles/ioporder.dir/ioporder.c.o
#14 215.4 [407/855] Building C object lib/darktable/plugins/lighttable/CMakeFiles/viewswitcher.dir/tools/viewswitcher.c.o
#14 215.6 [408/855] Building C object lib/darktable/plugins/lighttable/CMakeFiles/duplicate.dir/duplicate.c.o
#14 216.3 [409/855] Building C object lib/darktable/plugins/lighttable/CMakeFiles/darktable_label.dir/tools/darktable.c.o
#14 216.5 [410/855] Building C object lib/darktable/plugins/lighttable/CMakeFiles/colorlabels.dir/tools/colorlabels.c.o
#14 216.6 [411/855] Building C object lib/darktable/plugins/lighttable/CMakeFiles/ratings.dir/tools/ratings.c.o
#14 217.3 [412/855] Building C object lib/darktable/plugins/lighttable/CMakeFiles/filter.dir/tools/filter.c.o
#14 217.4 [413/855] Building C object lib/darktable/plugins/lighttable/CMakeFiles/view_toolbox.dir/tools/view_toolbox.c.o
#14 217.5 [414/855] Building C object lib/darktable/plugins/lighttable/CMakeFiles/lighttable_mode.dir/tools/lighttable.c.o
#14 218.0 [415/855] Building C object lib/darktable/plugins/lighttable/CMakeFiles/module_toolbox.dir/tools/module_toolbox.c.o
#14 218.2 [416/855] Building C object lib/darktable/plugins/lighttable/CMakeFiles/filmstrip.dir/tools/filmstrip.c.o
#14 218.3 [417/855] Building C object lib/darktable/plugins/lighttable/CMakeFiles/hinter.dir/tools/hinter.c.o
#14 219.1 [418/855] Building C object lib/darktable/plugins/lighttable/CMakeFiles/image_infos.dir/tools/image_infos.c.o
#14 219.2 [419/855] Building C object lib/darktable/plugins/lighttable/CMakeFiles/global_toolbox.dir/tools/global_toolbox.c.o
#14 219.9 [420/855] Building C object lib/darktable/plugins/lighttable/CMakeFiles/log_history.dir/tools/log_history.c.o
#14 220.3 [421/855] Building C object lib/darktable/plugins/lighttable/CMakeFiles/timeline.dir/tools/timeline.c.o
#14 220.5 [422/855] Building C object lib/darktable/plugins/lighttable/CMakeFiles/midi.dir/tools/midi.c.o
#14 221.4 [423/855] Building C object lib/darktable/plugins/lighttable/CMakeFiles/camera.dir/camera.c.o
#14 221.8 [424/855] Building C object lib/darktable/plugins/lighttable/CMakeFiles/live_view.dir/live_view.c.o
#14 222.0 [425/855] Building C object lib/darktable/plugins/lighttable/CMakeFiles/gamepad.dir/tools/gamepad.c.o
#14 222.6 [426/855] Building C object lib/darktable/plugins/lighttable/CMakeFiles/map_settings.dir/map_settings.c.o
#14 222.6 [427/855] Building C object lib/darktable/plugins/lighttable/CMakeFiles/location.dir/location.c.o
#14 223.2 [428/855] Building C object lib/darktable/plugins/lighttable/CMakeFiles/map_locations.dir/map_locations.c.o
#14 224.3 [429/855] Building C object lib/darktable/plugins/imageio/format/CMakeFiles/copy.dir/copy.c.o
#14 224.3 [430/855] Building C object lib/darktable/plugins/lighttable/CMakeFiles/geotagging.dir/geotagging.c.o
#14 224.6 [431/855] Building C object lib/darktable/plugins/lighttable/CMakeFiles/print_settings.dir/print_settings.c.o
#14 225.2 [432/855] Building C object lib/darktable/plugins/imageio/format/CMakeFiles/jpeg.dir/jpeg.c.o
#14 225.3 [433/855] Building C object lib/darktable/plugins/imageio/format/CMakeFiles/pdf.dir/pdf.c.o
#14 225.4 [434/855] Building C object lib/darktable/plugins/imageio/format/CMakeFiles/png.dir/png.c.o
#14 225.8 [435/855] Building C object lib/darktable/plugins/imageio/format/CMakeFiles/ppm.dir/ppm.c.o
#14 226.0 [436/855] Building C object lib/darktable/plugins/imageio/format/CMakeFiles/pfm.dir/pfm.c.o
#14 226.9 [437/855] Building C object lib/darktable/plugins/imageio/format/CMakeFiles/jxl_format.dir/jxl.c.o
#14 227.1 [438/855] Building C object lib/darktable/plugins/imageio/format/CMakeFiles/heif_format.dir/heif.c.o
#14 227.4 [439/855] Building C object lib/darktable/plugins/imageio/format/CMakeFiles/tiff.dir/tiff.c.o
#14 227.8 [440/855] Building C object lib/darktable/plugins/imageio/format/CMakeFiles/webp.dir/webp.c.o
#14 228.3 [441/855] Building C object lib/darktable/plugins/imageio/format/CMakeFiles/j2k.dir/j2k.c.o
#14 229.0 [442/855] Building C object lib/darktable/plugins/imageio/format/CMakeFiles/avif_format.dir/avif.c.o
#14 229.4 [443/855] Building C object lib/darktable/plugins/imageio/format/CMakeFiles/gimp_xcf.dir/xcf.c.o
#14 230.1 [444/855] Building C object lib/darktable/plugins/imageio/storage/CMakeFiles/disk.dir/disk.c.o
#14 230.2 [445/855] Building C object lib/darktable/plugins/imageio/storage/CMakeFiles/email.dir/email.c.o
#14 231.0 [446/855] Building C object lib/darktable/plugins/imageio/storage/CMakeFiles/gallery.dir/gallery.c.o
#14 231.1 [447/855] Building C object lib/darktable/plugins/imageio/storage/CMakeFiles/latex.dir/latex.c.o
#14 231.8 [448/855] Building C object bin/cltest/CMakeFiles/darktable-cltest.dir/main.c.o
#14 231.9 [449/855] Building CXX object lib/darktable/plugins/imageio/format/CMakeFiles/exr.dir/exr.cc.o
#14 232.6 [450/855] Building C object lib/darktable/plugins/imageio/storage/CMakeFiles/piwigo.dir/piwigo.c.o
#14 233.0 [451/855] Building C object bin/generate-cache/CMakeFiles/darktable-generate-cache.dir/main.c.o
#14 233.2 [452/855] Building C object bin/cli/CMakeFiles/darktable-cli.dir/main.c.o
#14 233.8 [453/855] Building C object bin/chart/CMakeFiles/darktable-chart.dir/deltaE.c.o
#14 234.1 [454/855] Building C object bin/chart/CMakeFiles/darktable-chart.dir/colorchart.c.o
#14 234.5 [455/855] Building C object bin/chart/CMakeFiles/darktable-chart.dir/main.c.o
#14 234.6 [456/855] Building C object bin/chart/CMakeFiles/darktable-chart.dir/__/common/pfm.c.o
#14 235.0 [457/855] Building C object bin/chart/CMakeFiles/darktable-chart.dir/dtcairo.c.o
#14 235.2 [458/855] Building C object bin/chart/CMakeFiles/darktable-chart.dir/tonecurve.c.o
#14 235.2 [459/855] Generating darktablerc
#14 235.4 [460/855] Generating darktable.1
#14 235.5 [461/855] Building C object bin/chart/CMakeFiles/darktable-chart.dir/common.c.o
#14 235.5 [462/855] Generating darktable-cli.1
#14 235.6 [463/855] Generating darktable-generate-cache.1
#14 235.6 [464/855] Generating darktable-cltest.1
#14 235.7 [465/855] Generating darktable-cmstest.1
#14 235.8 [466/855] Generating de/darktable-cli.pod
#14 235.8 po4a-translate is deprecated. The unified po4a(1) program is more convenient and less error prone.
#14 235.8 [467/855] Generating de/darktable.pod
#14 235.8 po4a-translate is deprecated. The unified po4a(1) program is more convenient and less error prone.
#14 235.9 [468/855] Generating de/darktable-cli.1
#14 236.0 [469/855] Generating de/darktable.1
#14 236.1 [470/855] Generating de/darktable-generate-cache.pod
#14 236.1 po4a-translate is deprecated. The unified po4a(1) program is more convenient and less error prone.
#14 236.2 [471/855] Generating de/darktable-cltest.pod
#14 236.2 po4a-translate is deprecated. The unified po4a(1) program is more convenient and less error prone.
#14 236.2 [472/855] Generating de/darktable-generate-cache.1
#14 236.4 [473/855] Generating de/darktable-cltest.1
#14 236.4 [474/855] Generating de/darktable-cmstest.pod
#14 236.4 po4a-translate is deprecated. The unified po4a(1) program is more convenient and less error prone.
#14 236.5 [475/855] Generating de/darktable-cmstest.1
#14 236.5 [476/855] Building C object bin/chart/CMakeFiles/darktable-chart.dir/thinplate.c.o
#14 236.5 [477/855] Generating fr/darktable.pod
#14 236.5 po4a-translate is deprecated. The unified po4a(1) program is more convenient and less error prone.
#14 236.6 [478/855] Generating fr/darktable-cli.pod
#14 236.6 po4a-translate is deprecated. The unified po4a(1) program is more convenient and less error prone.
#14 236.6 [479/855] Generating fr/darktable-generate-cache.pod
#14 236.6 po4a-translate is deprecated. The unified po4a(1) program is more convenient and less error prone.
#14 236.7 [480/855] Generating fr/darktable.1
#14 236.7 [481/855] Generating fr/darktable-cli.1
#14 236.7 [482/855] Generating fr/darktable-generate-cache.1
#14 236.8 [483/855] Generating fr/darktable-cltest.pod
#14 236.8 po4a-translate is deprecated. The unified po4a(1) program is more convenient and less error prone.
#14 236.8 [484/855] Generating fr/darktable-cmstest.pod
#14 236.8 po4a-translate is deprecated. The unified po4a(1) program is more convenient and less error prone.
#14 236.9 [485/855] Generating fr/darktable-cltest.1
#14 236.9 [486/855] Generating fr/darktable-cmstest.1
#14 236.9 [487/855] Generating es/darktable.pod
#14 236.9 po4a-translate is deprecated. The unified po4a(1) program is more convenient and less error prone.
#14 237.0 [488/855] Generating es/darktable-cli.pod
#14 237.0 po4a-translate is deprecated. The unified po4a(1) program is more convenient and less error prone.
#14 237.0 [489/855] Generating es/darktable-generate-cache.pod
#14 237.0 po4a-translate is deprecated. The unified po4a(1) program is more convenient and less error prone.
#14 237.1 [490/855] Generating es/darktable.1
#14 237.1 [491/855] Generating es/darktable-generate-cache.1
#14 237.2 [492/855] Generating es/darktable-cli.1
#14 237.2 [493/855] Generating es/darktable-cltest.pod
#14 237.2 po4a-translate is deprecated. The unified po4a(1) program is more convenient and less error prone.
#14 237.3 [494/855] Generating es/darktable-cmstest.pod
#14 237.3 po4a-translate is deprecated. The unified po4a(1) program is more convenient and less error prone.
#14 237.3 [495/855] Generating es/darktable-cltest.1
#14 237.4 [496/855] Generating es/darktable-cmstest.1
#14 238.1 [497/855] Linking C shared library bin/libdarktable.so
#14 238.1 lto-wrapper: warning: using serial compilation of 14 LTRANS jobs
#14 238.1 lto-wrapper: note: see the '-flto' option documentation for more information
#14 238.1 In function 'deduceColorDataFormat',
#14 238.1     inlined from 'decodeCanonColorData' at /src/src/external/rawspeed/src/librawspeed/decoders/Cr2Decoder.cpp:388:35,
#14 238.1     inlined from 'parseWhiteBalance' at /src/src/external/rawspeed/src/librawspeed/decoders/Cr2Decoder.cpp:436:27,
#14 238.1     inlined from 'decodeMetaDataInternal' at /src/src/external/rawspeed/src/librawspeed/decoders/Cr2Decoder.cpp:498:22:
#14 238.1 /src/src/external/rawspeed/src/librawspeed/decoders/Cr2Decoder.cpp:246:46: warning: 'MEM <int> [(struct Optional *)&D.26116 + 4B]' may be used uninitialized [-Wmaybe-uninitialized]
#14 238.1   246 |     return {{ColorDataFormat::ColorData1, {}}};
#14 238.1       |                                              ^
#14 238.1 /src/src/external/rawspeed/src/librawspeed/decoders/Cr2Decoder.cpp: In member function 'decodeMetaDataInternal':
#14 238.1 /src/src/external/rawspeed/src/librawspeed/decoders/Cr2Decoder.cpp:246:46: note: '<anonymous>' declared here
#14 238.1   246 |     return {{ColorDataFormat::ColorData1, {}}};
#14 238.1       |                                              ^
#14 238.1 In function 'deduceColorDataFormat',
#14 238.1     inlined from 'decodeCanonColorData' at /src/src/external/rawspeed/src/librawspeed/decoders/Cr2Decoder.cpp:388:35,
#14 238.1     inlined from 'parseWhiteBalance' at /src/src/external/rawspeed/src/librawspeed/decoders/Cr2Decoder.cpp:436:27,
#14 238.1     inlined from 'decodeMetaDataInternal' at /src/src/external/rawspeed/src/librawspeed/decoders/Cr2Decoder.cpp:498:22:
#14 238.1 /src/src/external/rawspeed/src/librawspeed/decoders/Cr2Decoder.cpp:249:46: warning: 'MEM <int> [(struct Optional *)&D.26113 + 4B]' may be used uninitialized [-Wmaybe-uninitialized]
#14 238.1   249 |     return {{ColorDataFormat::ColorData2, {}}};
#14 238.1       |                                              ^
#14 238.1 /src/src/external/rawspeed/src/librawspeed/decoders/Cr2Decoder.cpp: In member function 'decodeMetaDataInternal':
#14 238.1 /src/src/external/rawspeed/src/librawspeed/decoders/Cr2Decoder.cpp:249:46: note: '<anonymous>' declared here
#14 238.1   249 |     return {{ColorDataFormat::ColorData2, {}}};
#14 238.1       |                                              ^
#14 238.1 In member function 'getInitialPreds',
#14 238.1     inlined from 'decodeN' at /src/src/external/rawspeed/src/librawspeed/decompressors/LJpegDecompressor.cpp:285:47:
#14 238.1 /src/src/external/rawspeed/src/librawspeed/decompressors/LJpegDecompressor.cpp:174:10: warning: 'preds' may be used uninitialized [-Wmaybe-uninitialized]
#14 238.1   174 |   return preds;
#14 238.1       |          ^
#14 238.1 /src/src/external/rawspeed/src/librawspeed/decompressors/LJpegDecompressor.cpp: In member function 'decodeN':
#14 238.1 /src/src/external/rawspeed/src/librawspeed/decompressors/LJpegDecompressor.cpp:170:32: note: 'preds' declared here
#14 238.1   170 |   std::array<uint16_t, N_COMP> preds;
#14 238.1       |                                ^
#14 238.1 In member function 'getInitialPreds',
#14 238.1     inlined from 'decodeN' at /src/src/external/rawspeed/src/librawspeed/decompressors/LJpegDecompressor.cpp:285:47:
#14 238.1 /src/src/external/rawspeed/src/librawspeed/decompressors/LJpegDecompressor.cpp:174:10: warning: 'preds' may be used uninitialized [-Wmaybe-uninitialized]
#14 238.1   174 |   return preds;
#14 238.1       |          ^
#14 238.1 /src/src/external/rawspeed/src/librawspeed/decompressors/LJpegDecompressor.cpp: In member function 'decodeN':
#14 238.1 /src/src/external/rawspeed/src/librawspeed/decompressors/LJpegDecompressor.cpp:170:32: note: 'preds' declared here
#14 238.1   170 |   std::array<uint16_t, N_COMP> preds;
#14 238.1       |                                ^
#14 238.1 In member function 'getInitialPreds',
#14 238.1     inlined from 'decodeN' at /src/src/external/rawspeed/src/librawspeed/decompressors/LJpegDecompressor.cpp:285:47:
#14 238.1 /src/src/external/rawspeed/src/librawspeed/decompressors/LJpegDecompressor.cpp:174:10: warning: 'preds' may be used uninitialized [-Wmaybe-uninitialized]
#14 238.1   174 |   return preds;
#14 238.1       |          ^
#14 238.1 /src/src/external/rawspeed/src/librawspeed/decompressors/LJpegDecompressor.cpp: In member function 'decodeN':
#14 238.1 /src/src/external/rawspeed/src/librawspeed/decompressors/LJpegDecompressor.cpp:170:32: note: 'preds' declared here
#14 238.1   170 |   std::array<uint16_t, N_COMP> preds;
#14 238.1       |                                ^
#14 238.1 In member function 'getInitialPreds',
#14 238.1     inlined from 'decodeN' at /src/src/external/rawspeed/src/librawspeed/decompressors/LJpegDecompressor.cpp:285:47:
#14 238.1 /src/src/external/rawspeed/src/librawspeed/decompressors/LJpegDecompressor.cpp:174:10: warning: 'preds' may be used uninitialized [-Wmaybe-uninitialized]
#14 238.1   174 |   return preds;
#14 238.1       |          ^
#14 238.1 /src/src/external/rawspeed/src/librawspeed/decompressors/LJpegDecompressor.cpp: In member function 'decodeN':
#14 238.1 /src/src/external/rawspeed/src/librawspeed/decompressors/LJpegDecompressor.cpp:170:32: note: 'preds' declared here
#14 238.1   170 |   std::array<uint16_t, N_COMP> preds;
#14 238.1       |                                ^
#14 238.7 [498/855] Linking C shared module lib/darktable/views/libdarkroom.so
#14 238.7 [499/855] Linking C shared module lib/darktable/views/liblighttable.so
#14 238.7 [500/855] Linking C shared module lib/darktable/views/libslideshow.so
#14 238.9 [501/855] Linking C executable bin/darktable
#14 239.1 [502/855] Linking C shared module lib/darktable/views/libtethering.so
#14 239.1 [503/855] Linking C shared module lib/darktable/views/libprint.so
#14 239.2 [504/855] Linking C shared module lib/darktable/views/libmap.so
#14 239.4 [505/855] Linking C shared module lib/darktable/plugins/lighttable/libimport.so
#14 239.7 [506/855] Linking C shared module lib/darktable/plugins/lighttable/libexport.so
#14 239.7 [507/855] Linking C shared module lib/darktable/plugins/lighttable/libcopy_history.so
#14 239.8 [508/855] Linking C shared module lib/darktable/plugins/lighttable/libstyles.so
#14 239.9 [509/855] Linking C shared module lib/darktable/plugins/lighttable/libimage.so
#14 240.2 [510/855] Linking C shared module lib/darktable/plugins/lighttable/libtagging.so
#14 240.2 [511/855] Linking C shared module lib/darktable/plugins/lighttable/libselect.so
#14 240.4 [512/855] Linking C shared module lib/darktable/plugins/lighttable/libcollect.so
#14 240.5 [513/855] Linking C shared module lib/darktable/plugins/lighttable/librecentcollect.so
#14 241.0 [514/855] Linking C shared module lib/darktable/plugins/lighttable/libfiltering.so
#14 241.0 [515/855] Linking C shared module lib/darktable/plugins/lighttable/libmetadata.so
#14 241.2 [516/855] Linking C shared module lib/darktable/plugins/lighttable/libnavigation.so
#14 241.3 [517/855] Linking C shared module lib/darktable/plugins/lighttable/libmetadata_view.so
#14 241.8 [518/855] Linking C shared module lib/darktable/plugins/lighttable/libhistogram.so
#14 241.8 [519/855] Linking C shared module lib/darktable/plugins/lighttable/libhistory.so
#14 241.9 [520/855] Linking C shared module lib/darktable/plugins/lighttable/libsnapshots.so
#14 242.2 [521/855] Linking C shared module lib/darktable/plugins/lighttable/libmodulegroups.so
#14 242.4 [522/855] Linking C shared module lib/darktable/plugins/lighttable/libbackgroundjobs.so
#14 242.5 [523/855] Linking C shared module lib/darktable/plugins/lighttable/libcolorpicker.so
#14 242.7 [524/855] Linking C shared module lib/darktable/plugins/lighttable/libmasks.so
#14 242.8 [525/855] Linking C shared module lib/darktable/plugins/lighttable/libsession.so
#14 243.0 [526/855] Linking C shared module lib/darktable/plugins/lighttable/libduplicate.so
#14 243.2 [527/855] Linking C shared module lib/darktable/plugins/lighttable/libioporder.so
#14 243.3 [528/855] Linking C shared module lib/darktable/plugins/lighttable/libdarktable_label.so
#14 243.3 [529/855] Linking C shared module lib/darktable/plugins/lighttable/libviewswitcher.so
#14 243.5 [530/855] Linking C shared module lib/darktable/plugins/lighttable/libcolorlabels.so
#14 243.8 [531/855] Linking C shared module lib/darktable/plugins/lighttable/libratings.so
#14 244.0 [532/855] Linking C shared module lib/darktable/plugins/lighttable/libfilter.so
#14 244.1 [533/855] Linking C shared module lib/darktable/plugins/lighttable/libmodule_toolbox.so
#14 244.1 [534/855] Linking C shared module lib/darktable/plugins/lighttable/libview_toolbox.so
#14 244.1 [535/855] Linking C shared module lib/darktable/plugins/lighttable/liblighttable_mode.so
#14 244.5 [536/855] Linking C shared module lib/darktable/plugins/lighttable/libfilmstrip.so
#14 244.7 [537/855] Linking C shared module lib/darktable/plugins/lighttable/libhinter.so
#14 244.8 [538/855] Linking C shared module lib/darktable/plugins/lighttable/libtimeline.so
#14 244.8 [539/855] Linking C shared module lib/darktable/plugins/lighttable/libglobal_toolbox.so
#14 245.1 [540/855] Linking C shared module lib/darktable/plugins/lighttable/libmidi.so
#14 245.3 [541/855] Linking C shared module lib/darktable/plugins/lighttable/libgamepad.so
#14 245.3 [542/855] Linking C shared module lib/darktable/plugins/lighttable/liblog_history.so
#14 245.7 [543/855] Linking C shared module lib/darktable/plugins/lighttable/libimage_infos.so
#14 245.8 [544/855] Linking C shared module lib/darktable/plugins/lighttable/libcamera.so
#14 245.8 [545/855] Linking C shared module lib/darktable/plugins/lighttable/liblive_view.so
#14 246.0 [546/855] Linking C shared module lib/darktable/plugins/lighttable/liblocation.so
#14 246.1 [547/855] Linking C shared module lib/darktable/plugins/lighttable/libmap_settings.so
#14 246.4 [548/855] Linking C shared module lib/darktable/plugins/lighttable/libmap_locations.so
#14 246.4 [549/855] Linking C shared module lib/darktable/plugins/lighttable/libgeotagging.so
#14 246.8 [550/855] Linking C shared module lib/darktable/plugins/lighttable/libprint_settings.so
#14 247.0 [551/855] Generating introspection_colorharmonizer.c
#14 247.2 [552/855] Generating introspection_soften.c
#14 247.2 [553/855] Generating introspection_rawprepare.c
#14 247.4 [554/855] Generating introspection_bloom.c
#14 248.2 [555/855] Building C object lib/darktable/plugins/CMakeFiles/soften.dir/introspection_soften.c.o
#14 248.3 [556/855] Building C object lib/darktable/plugins/CMakeFiles/bloom.dir/introspection_bloom.c.o
#14 248.6 [557/855] Linking C shared module lib/darktable/plugins/libsoften.so
#14 248.8 [558/855] Linking C shared module lib/darktable/plugins/libbloom.so
#14 249.0 [559/855] Building C object lib/darktable/plugins/CMakeFiles/rawprepare.dir/introspection_rawprepare.c.o
#14 249.4 [560/855] Generating introspection_highpass.c
#14 249.8 [561/855] Linking C shared module lib/darktable/plugins/librawprepare.so
#14 249.9 [562/855] Generating introspection_lowpass.c
#14 250.2 [563/855] Building C object lib/darktable/plugins/CMakeFiles/colorharmonizer.dir/introspection_colorharmonizer.c.o
#14 250.4 [564/855] Generating introspection_shadhi.c
#14 250.5 [565/855] Building C object lib/darktable/plugins/CMakeFiles/highpass.dir/introspection_highpass.c.o
#14 250.6 [566/855] Linking C shared module lib/darktable/plugins/libcolorharmonizer.so
#14 251.0 [567/855] Linking C shared module lib/darktable/plugins/libhighpass.so
#14 251.2 [568/855] Building C object lib/darktable/plugins/CMakeFiles/lowpass.dir/introspection_lowpass.c.o
#14 251.3 [569/855] Generating introspection_colorreconstruction.c
#14 251.4 [570/855] Generating introspection_tonemap.cc
#14 251.8 [571/855] Linking C shared module lib/darktable/plugins/liblowpass.so
#14 252.1 [572/855] Building C object lib/darktable/plugins/CMakeFiles/shadhi.dir/introspection_shadhi.c.o
#14 252.5 [573/855] Generating introspection_tonecurve.c
#14 252.6 [574/855] Linking C shared module lib/darktable/plugins/libshadhi.so
#14 253.0 [575/855] Building C object lib/darktable/plugins/CMakeFiles/colorreconstruct.dir/introspection_colorreconstruction.c.o
#14 253.2 [576/855] Generating introspection_colisa.c
#14 253.5 [577/855] Linking C shared module lib/darktable/plugins/libcolorreconstruct.so
#14 254.0 [578/855] Generating introspection_gamma.c
#14 254.3 [579/855] Building CXX object lib/darktable/plugins/CMakeFiles/tonemap.dir/introspection_tonemap.cc.o
#14 254.4 [580/855] Building C object lib/darktable/plugins/CMakeFiles/colisa.dir/introspection_colisa.c.o
#14 254.9 [581/855] Linking CXX shared module lib/darktable/plugins/libtonemap.so
#14 254.9 [582/855] Building C object lib/darktable/plugins/CMakeFiles/tonecurve.dir/introspection_tonecurve.c.o
#14 255.1 [583/855] Linking C shared module lib/darktable/plugins/libcolisa.so
#14 255.4 [584/855] Linking C shared module lib/darktable/plugins/libtonecurve.so
#14 255.6 [585/855] Generating introspection_temperature.c
#14 255.7 [586/855] Building C object lib/darktable/plugins/CMakeFiles/gamma.dir/introspection_gamma.c.o
#14 255.7 [587/855] Generating introspection_colorcorrection.c
#14 255.9 [588/855] Generating introspection_basicadj.c
#14 256.0 [589/855] Linking C shared module lib/darktable/plugins/libgamma.so
#14 256.7 [590/855] Generating introspection_exposure.c
#14 256.7 [591/855] Building C object lib/darktable/plugins/CMakeFiles/colorcorrection.dir/introspection_colorcorrection.c.o
#14 257.1 [592/855] Linking C shared module lib/darktable/plugins/libcolorcorrection.so
#14 257.4 [593/855] Generating introspection_equalizer.c
#14 257.4 [594/855] Building C object lib/darktable/plugins/CMakeFiles/basicadj.dir/introspection_basicadj.c.o
#14 257.5 [595/855] Building C object lib/darktable/plugins/CMakeFiles/temperature.dir/introspection_temperature.c.o
#14 258.0 [596/855] Linking C shared module lib/darktable/plugins/libtemperature.so
#14 258.0 [597/855] Linking C shared module lib/darktable/plugins/libbasicadj.so
#14 258.2 [598/855] Building C object lib/darktable/plugins/CMakeFiles/exposure.dir/introspection_exposure.c.o
#14 258.6 [599/855] Generating introspection_rgbcurve.c
#14 258.6 [600/855] Linking C shared module lib/darktable/plugins/libexposure.so
#14 258.7 [601/855] Generating introspection_colorbalance.c
#14 259.4 [602/855] Generating introspection_colorin.c
#14 259.9 [603/855] Building C object lib/darktable/plugins/CMakeFiles/equalizer.dir/introspection_equalizer.c.o
#14 260.4 [604/855] Linking C shared module lib/darktable/plugins/libequalizer.so
#14 261.2 [605/855] Generating introspection_colorout.c
#14 261.3 [606/855] Building C object lib/darktable/plugins/CMakeFiles/colorin.dir/introspection_colorin.c.o
#14 261.4 [607/855] Building C object lib/darktable/plugins/CMakeFiles/rgbcurve.dir/introspection_rgbcurve.c.o
#14 261.5 [608/855] Building C object lib/darktable/plugins/CMakeFiles/colorbalance.dir/introspection_colorbalance.c.o
#14 262.0 [609/855] Linking C shared module lib/darktable/plugins/libcolorin.so
#14 262.1 [610/855] Linking C shared module lib/darktable/plugins/libcolorbalance.so
#14 262.1 [611/855] Linking C shared module lib/darktable/plugins/librgbcurve.so
#14 262.3 [612/855] Generating introspection_enlargecanvas.c
#14 262.4 [613/855] Building C object lib/darktable/plugins/CMakeFiles/colorout.dir/introspection_colorout.c.o
#14 262.7 [614/855] Generating introspection_colorchecker.c
#14 262.8 [615/855] Generating introspection_clipping.c
#14 262.9 [616/855] Linking C shared module lib/darktable/plugins/libcolorout.so
#14 263.6 [617/855] Building C object lib/darktable/plugins/CMakeFiles/enlargecanvas.dir/introspection_enlargecanvas.c.o
#14 263.7 [618/855] Generating introspection_crop.c
#14 264.0 [619/855] Linking C shared module lib/darktable/plugins/libenlargecanvas.so
#14 264.5 [620/855] Generating introspection_sharpen.c
#14 265.4 [621/855] Building C object lib/darktable/plugins/CMakeFiles/crop.dir/introspection_crop.c.o
#14 265.4 [622/855] Building C object lib/darktable/plugins/CMakeFiles/colorchecker.dir/introspection_colorchecker.c.o
#14 265.6 [623/855] Building C object lib/darktable/plugins/CMakeFiles/sharpen.dir/introspection_sharpen.c.o
#14 265.7 [624/855] Building C object lib/darktable/plugins/CMakeFiles/clipping.dir/introspection_clipping.c.o
#14 266.0 [625/855] Linking C shared module lib/darktable/plugins/libcolorchecker.so
#14 266.1 [626/855] Linking C shared module lib/darktable/plugins/libcrop.so
#14 266.3 [627/855] Linking C shared module lib/darktable/plugins/libsharpen.so
#14 266.5 [628/855] Linking C shared module lib/darktable/plugins/libclipping.so
#14 266.6 [629/855] Generating introspection_dither.c
#14 266.8 [630/855] Generating introspection_monochrome.c
#14 267.0 [631/855] Generating introspection_basecurve.c
#14 267.2 [632/855] Generating introspection_colorzones.c
#14 267.9 [633/855] Building C object lib/darktable/plugins/CMakeFiles/monochrome.dir/introspection_monochrome.c.o
#14 268.4 [634/855] Building C object lib/darktable/plugins/CMakeFiles/dither.dir/introspection_dither.c.o
#14 268.4 [635/855] Linking C shared module lib/darktable/plugins/libmonochrome.so
#14 268.8 [636/855] Linking C shared module lib/darktable/plugins/libdither.so
#14 269.0 [637/855] Generating introspection_highlights.c
#14 269.2 [638/855] Generating introspection_overlay.c
#14 270.0 [639/855] Building C object lib/darktable/plugins/CMakeFiles/basecurve.dir/introspection_basecurve.c.o
#14 270.4 [640/855] Building C object lib/darktable/plugins/CMakeFiles/colorzones.dir/introspection_colorzones.c.o
#14 270.4 [641/855] Building C object lib/darktable/plugins/CMakeFiles/overlay.dir/introspection_overlay.c.o
#14 270.5 [642/855] Linking C shared module lib/darktable/plugins/libbasecurve.so
#14 270.9 [643/855] Linking C shared module lib/darktable/plugins/liboverlay.so
#14 271.0 [644/855] Linking C shared module lib/darktable/plugins/libcolorzones.so
#14 271.2 [645/855] Generating introspection_rawoverexposed.c
#14 271.2 no introspection requested for rawoverexposed.c.
#14 271.5 [646/855] Generating introspection_velvia.c
#14 271.5 [647/855] Generating introspection_vignette.c
#14 272.3 [648/855] Building C object lib/darktable/plugins/CMakeFiles/rawoverexposed.dir/introspection_rawoverexposed.c.o
#14 272.6 [649/855] Linking C shared module lib/darktable/plugins/librawoverexposed.so
#14 272.6 [650/855] Building C object lib/darktable/plugins/CMakeFiles/vignette.dir/introspection_vignette.c.o
#14 272.6 [651/855] Building C object lib/darktable/plugins/CMakeFiles/velvia.dir/introspection_velvia.c.o
#14 273.1 [652/855] Linking C shared module lib/darktable/plugins/libvignette.so
#14 273.2 [653/855] Linking C shared module lib/darktable/plugins/libvelvia.so
#14 273.2 [654/855] Generating introspection_splittoning.c
#14 273.3 [655/855] Generating introspection_grain.c
#14 273.5 [656/855] Generating introspection_clahe.c
#14 273.5 no introspection requested for clahe.c.
#14 274.4 [657/855] Building C object lib/darktable/plugins/CMakeFiles/grain.dir/introspection_grain.c.o
#14 274.8 [658/855] Building C object lib/darktable/plugins/CMakeFiles/splittoning.dir/introspection_splittoning.c.o
#14 275.0 [659/855] Building C object lib/darktable/plugins/CMakeFiles/clahe.dir/introspection_clahe.c.o
#14 275.1 [660/855] Linking C shared module lib/darktable/plugins/libgrain.so
#14 275.4 [661/855] Linking C shared module lib/darktable/plugins/libsplittoning.so
#14 275.7 [662/855] Generating introspection_bilateral.cc
#14 275.7 [663/855] Linking C shared module lib/darktable/plugins/libclahe.so
#14 276.0 [664/855] Generating introspection_colortransfer.c
#14 276.1 [665/855] Generating introspection_profile_gamma.c
#14 277.0 [666/855] Building C object lib/darktable/plugins/CMakeFiles/highlights.dir/introspection_highlights.c.o
#14 277.3 [667/855] Building C object lib/darktable/plugins/CMakeFiles/colortransfer.dir/introspection_colortransfer.c.o
#14 277.4 [668/855] Building C object lib/darktable/plugins/CMakeFiles/profile_gamma.dir/introspection_profile_gamma.c.o
#14 277.5 [669/855] Linking C shared module lib/darktable/plugins/libhighlights.so
#14 278.0 [670/855] Linking C shared module lib/darktable/plugins/libprofile_gamma.so
#14 278.0 [671/855] Linking C shared module lib/darktable/plugins/libcolortransfer.so
#14 278.3 [672/855] Generating introspection_colormapping.c
#14 278.5 [673/855] Generating introspection_channelmixer.c
#14 278.6 [674/855] Generating introspection_graduatednd.c
#14 279.3 [675/855] Building CXX object lib/darktable/plugins/CMakeFiles/bilateral.dir/introspection_bilateral.cc.o
#14 279.6 [676/855] Building C object lib/darktable/plugins/CMakeFiles/channelmixer.dir/introspection_channelmixer.c.o
#14 279.8 [677/855] Linking CXX shared module lib/darktable/plugins/libbilateral.so
#14 280.0 [678/855] Building C object lib/darktable/plugins/CMakeFiles/graduatednd.dir/introspection_graduatednd.c.o
#14 280.1 [679/855] Building C object lib/darktable/plugins/CMakeFiles/colormapping.dir/introspection_colormapping.c.o
#14 280.1 [680/855] Linking C shared module lib/darktable/plugins/libchannelmixer.so
#14 280.5 [681/855] Generating introspection_relight.c
#14 280.5 [682/855] Linking C shared module lib/darktable/plugins/libgraduatednd.so
#14 280.6 [683/855] Linking C shared module lib/darktable/plugins/libcolormapping.so
#14 280.8 [684/855] Generating introspection_zonesystem.c
#14 281.4 [685/855] Generating introspection_rotatepixels.c
#14 281.6 [686/855] Building C object lib/darktable/plugins/CMakeFiles/relight.dir/introspection_relight.c.o
#14 281.9 [687/855] Linking C shared module lib/darktable/plugins/librelight.so
#14 282.0 [688/855] Generating introspection_demosaic.c
#14 282.4 [689/855] Building C object lib/darktable/plugins/CMakeFiles/rotatepixels.dir/introspection_rotatepixels.c.o
#14 282.5 [690/855] Generating introspection_scalepixels.c
#14 282.6 [691/855] Building C object lib/darktable/plugins/CMakeFiles/zonesystem.dir/introspection_zonesystem.c.o
#14 282.9 [692/855] Linking C shared module lib/darktable/plugins/librotatepixels.so
#14 283.1 [693/855] Linking C shared module lib/darktable/plugins/libzonesystem.so
#14 283.9 [694/855] Building C object lib/darktable/plugins/CMakeFiles/scalepixels.dir/introspection_scalepixels.c.o
#14 283.9 [695/855] Generating introspection_atrous.c
#14 284.3 [696/855] Linking C shared module lib/darktable/plugins/libscalepixels.so
#14 284.9 [697/855] Generating introspection_cacorrect.c
#14 286.4 [698/855] Building C object lib/darktable/plugins/CMakeFiles/atrous.dir/introspection_atrous.c.o
#14 287.1 [699/855] Linking C shared module lib/darktable/plugins/libatrous.so
#14 287.5 [700/855] Building CXX object lib/darktable/plugins/CMakeFiles/demosaic.dir/demosaicing/amaze.cc.o
#14 287.7 [701/855] Generating introspection_overexposed.c
#14 287.7 no introspection requested for overexposed.c.
#14 287.8 [702/855] Generating introspection_hotpixels.c
#14 288.8 [703/855] Building C object lib/darktable/plugins/CMakeFiles/overexposed.dir/introspection_overexposed.c.o
#14 289.0 [704/855] Building C object lib/darktable/plugins/CMakeFiles/cacorrect.dir/introspection_cacorrect.c.o
#14 289.1 [705/855] Building C object lib/darktable/plugins/CMakeFiles/hotpixels.dir/introspection_hotpixels.c.o
#14 289.3 [706/855] Linking C shared module lib/darktable/plugins/liboverexposed.so
#14 289.7 [707/855] Linking C shared module lib/darktable/plugins/libhotpixels.so
#14 289.8 [708/855] Linking C shared module lib/darktable/plugins/libcacorrect.so
#14 289.9 [709/855] Generating introspection_lowlight.c
#14 290.1 [710/855] Generating introspection_spots.c
#14 290.6 [711/855] Generating introspection_retouch.c
#14 291.3 [712/855] Building C object lib/darktable/plugins/CMakeFiles/lowlight.dir/introspection_lowlight.c.o
#14 291.3 [713/855] Building C object lib/darktable/plugins/CMakeFiles/spots.dir/introspection_spots.c.o
#14 291.8 [714/855] Linking C shared module lib/darktable/plugins/libspots.so
#14 291.8 [715/855] Linking C shared module lib/darktable/plugins/liblowlight.so
#14 292.1 [716/855] Generating introspection_rawdenoise.c
#14 292.6 [717/855] Generating introspection_liquify.c
#14 293.7 [718/855] Building C object lib/darktable/plugins/CMakeFiles/retouch.dir/introspection_retouch.c.o
#14 294.1 [719/855] Building C object lib/darktable/plugins/CMakeFiles/rawdenoise.dir/introspection_rawdenoise.c.o
#14 294.2 [720/855] Linking C shared module lib/darktable/plugins/libretouch.so
#14 294.6 [721/855] Linking C shared module lib/darktable/plugins/librawdenoise.so
#14 294.9 [722/855] Generating introspection_borders.c
#14 295.2 [723/855] Generating introspection_nlmeans.c
#14 295.9 [724/855] Building C object lib/darktable/plugins/CMakeFiles/liquify.dir/introspection_liquify.c.o
#14 296.2 [725/855] Building C object lib/darktable/plugins/CMakeFiles/nlmeans.dir/introspection_nlmeans.c.o
#14 296.4 [726/855] Linking C shared module lib/darktable/plugins/libliquify.so
#14 296.5 [727/855] Building C object lib/darktable/plugins/CMakeFiles/borders.dir/introspection_borders.c.o
#14 296.7 [728/855] Linking C shared module lib/darktable/plugins/libnlmeans.so
#14 296.8 [729/855] Linking C shared module lib/darktable/plugins/libborders.so
#14 296.9 [730/855] Generating introspection_colorcontrast.c
#14 297.3 [731/855] Generating introspection_levels.c
#14 297.4 [732/855] Generating introspection_rgblevels.c
#14 297.7 [733/855] Building C object lib/darktable/plugins/CMakeFiles/colorcontrast.dir/introspection_colorcontrast.c.o
#14 298.1 [734/855] Linking C shared module lib/darktable/plugins/libcolorcontrast.so
#14 298.7 [735/855] Building C object lib/darktable/plugins/CMakeFiles/levels.dir/introspection_levels.c.o
#14 298.8 [736/855] Generating introspection_colorize.c
#14 298.9 [737/855] Building C object lib/darktable/plugins/CMakeFiles/demosaic.dir/introspection_demosaic.c.o
#14 299.0 [738/855] Building C object lib/darktable/plugins/CMakeFiles/rgblevels.dir/introspection_rgblevels.c.o
#14 299.1 [739/855] Linking C shared module lib/darktable/plugins/liblevels.so
#14 299.4 [740/855] Generating introspection_invert.c
#14 299.5 [741/855] Linking C shared module lib/darktable/plugins/librgblevels.so
#14 299.5 [742/855] Linking CXX shared module lib/darktable/plugins/libdemosaic.so
#14 300.0 [743/855] Building C object lib/darktable/plugins/CMakeFiles/colorize.dir/introspection_colorize.c.o
#14 300.1 [744/855] Generating introspection_flip.c
#14 300.1 [745/855] Generating introspection_vibrance.c
#14 300.6 [746/855] Linking C shared module lib/darktable/plugins/libcolorize.so
#14 300.7 [747/855] Building C object lib/darktable/plugins/CMakeFiles/invert.dir/introspection_invert.c.o
#14 301.0 [748/855] Building C object lib/darktable/plugins/CMakeFiles/vibrance.dir/introspection_vibrance.c.o
#14 301.1 [749/855] Linking C shared module lib/darktable/plugins/libinvert.so
#14 301.2 [750/855] Generating introspection_finalscale.c
#14 301.5 [751/855] Linking C shared module lib/darktable/plugins/libvibrance.so
#14 301.5 [752/855] Building C object lib/darktable/plugins/CMakeFiles/flip.dir/introspection_flip.c.o
#14 301.7 [753/855] Generating introspection_globaltonemap.c
#14 301.8 [754/855] Generating introspection_bilat.c
#14 301.9 [755/855] Linking C shared module lib/darktable/plugins/libflip.so
#14 302.1 [756/855] Building C object lib/darktable/plugins/CMakeFiles/finalscale.dir/introspection_finalscale.c.o
#14 302.3 [757/855] Linking C shared module lib/darktable/plugins/libfinalscale.so
#14 302.7 [758/855] Building C object lib/darktable/plugins/CMakeFiles/bilat.dir/introspection_bilat.c.o
#14 302.8 [759/855] Building C object lib/darktable/plugins/CMakeFiles/globaltonemap.dir/introspection_globaltonemap.c.o
#14 302.9 [760/855] Generating introspection_denoiseprofile.c
#14 302.9 [761/855] Generating introspection_defringe.c
#14 303.2 [762/855] Linking C shared module lib/darktable/plugins/libbilat.so
#14 303.3 [763/855] Linking C shared module lib/darktable/plugins/libglobaltonemap.so
#14 303.9 [764/855] Generating introspection_hazeremoval.c
#14 304.1 [765/855] Building C object lib/darktable/plugins/CMakeFiles/defringe.dir/introspection_defringe.c.o
#14 304.2 [766/855] Generating introspection_ashift.c
#14 304.7 [767/855] Linking C shared module lib/darktable/plugins/libdefringe.so
#14 305.4 [768/855] Building C object lib/darktable/plugins/CMakeFiles/hazeremoval.dir/introspection_hazeremoval.c.o
#14 305.5 [769/855] Generating introspection_filmic.c
#14 306.0 [770/855] Linking C shared module lib/darktable/plugins/libhazeremoval.so
#14 306.1 [771/855] Generating introspection_mask_manager.c
#14 306.3 [772/855] Building C object lib/darktable/plugins/CMakeFiles/denoiseprofile.dir/introspection_denoiseprofile.c.o
#14 306.9 [773/855] Linking C shared module lib/darktable/plugins/libdenoiseprofile.so
#14 307.2 [774/855] Building C object lib/darktable/plugins/CMakeFiles/mask_manager.dir/introspection_mask_manager.c.o
#14 307.6 [775/855] Linking C shared module lib/darktable/plugins/libmask_manager.so
#14 307.7 [776/855] Building C object lib/darktable/plugins/CMakeFiles/filmic.dir/introspection_filmic.c.o
#14 307.8 [777/855] Generating introspection_lut3d.c
#14 308.1 [778/855] Linking C shared module lib/darktable/plugins/libfilmic.so
#14 308.5 [779/855] Generating introspection_toneequal.c
#14 309.6 [780/855] Building C object lib/darktable/plugins/CMakeFiles/lut3d.dir/introspection_lut3d.c.o
#14 310.2 [781/855] Building CXX object lib/darktable/plugins/CMakeFiles/lut3d.dir/lut3dgmic.cpp.o
#14 310.6 [782/855] Generating introspection_filmicrgb.c
#14 310.8 [783/855] Linking CXX shared module lib/darktable/plugins/liblut3d.so
#14 311.0 [784/855] Building C object lib/darktable/plugins/CMakeFiles/ashift.dir/introspection_ashift.c.o
#14 311.4 [785/855] Linking C shared module lib/darktable/plugins/libashift.so
#14 311.6 [786/855] Generating introspection_negadoctor.c
#14 312.4 [787/855] Generating introspection_channelmixerrgb.c
#14 312.7 [788/855] Building C object lib/darktable/plugins/CMakeFiles/negadoctor.dir/introspection_negadoctor.c.o
#14 313.4 [789/855] Linking C shared module lib/darktable/plugins/libnegadoctor.so
#14 314.2 [790/855] Building C object lib/darktable/plugins/CMakeFiles/channelmixerrgb.dir/__/chart/common.c.o
#14 314.8 [791/855] Generating introspection_censorize.c
#14 315.9 [792/855] Building C object lib/darktable/plugins/CMakeFiles/filmicrgb.dir/introspection_filmicrgb.c.o
#14 316.2 [793/855] Building C object lib/darktable/plugins/CMakeFiles/censorize.dir/introspection_censorize.c.o
#14 316.4 [794/855] Linking C shared module lib/darktable/plugins/libfilmicrgb.so
#14 316.7 [795/855] Linking C shared module lib/darktable/plugins/libcensorize.so
#14 317.1 [796/855] Generating introspection_colorbalancergb.c
#14 317.3 [797/855] Generating introspection_cacorrectrgb.c
#14 318.4 [798/855] Building C object lib/darktable/plugins/CMakeFiles/channelmixerrgb.dir/introspection_channelmixerrgb.c.o
#14 319.0 [799/855] Linking C shared module lib/darktable/plugins/libchannelmixerrgb.so
#14 319.8 [800/855] Generating introspection_diffuse.c
#14 319.9 [801/855] Building C object lib/darktable/plugins/CMakeFiles/colorbalancergb.dir/introspection_colorbalancergb.c.o
#14 320.2 [802/855] Building C object lib/darktable/plugins/CMakeFiles/cacorrectrgb.dir/introspection_cacorrectrgb.c.o
#14 320.4 [803/855] Linking C shared module lib/darktable/plugins/libcolorbalancergb.so
#14 320.7 [804/855] Linking C shared module lib/darktable/plugins/libcacorrectrgb.so
#14 321.0 [805/855] Generating introspection_blurs.c
#14 321.2 [806/855] Generating introspection_sigmoid.c
#14 321.8 [807/855] Building C object lib/darktable/plugins/CMakeFiles/diffuse.dir/introspection_diffuse.c.o
#14 322.2 [808/855] Building C object lib/darktable/plugins/CMakeFiles/sigmoid.dir/introspection_sigmoid.c.o
#14 322.4 [809/855] Linking C shared module lib/darktable/plugins/libdiffuse.so
#14 322.5 [810/855] Building C object lib/darktable/plugins/CMakeFiles/blurs.dir/introspection_blurs.c.o
#14 322.7 [811/855] Linking C shared module lib/darktable/plugins/libsigmoid.so
#14 323.0 [812/855] Linking C shared module lib/darktable/plugins/libblurs.so
#14 323.0 [813/855] Generating introspection_agx.c
#14 323.2 [814/855] Generating introspection_primaries.c
#14 323.9 [815/855] Generating introspection_colorequal.c
#14 324.2 [816/855] Building C object lib/darktable/plugins/CMakeFiles/primaries.dir/introspection_primaries.c.o
#14 324.6 [817/855] Linking C shared module lib/darktable/plugins/libprimaries.so
#14 325.1 [818/855] Building C object lib/darktable/plugins/CMakeFiles/agx.dir/introspection_agx.c.o
#14 325.2 [819/855] Generating introspection_rasterfile.c
#14 325.4 [820/855] Linking C shared module lib/darktable/plugins/libagx.so
#14 325.7 [821/855] Building C object lib/darktable/plugins/CMakeFiles/toneequal.dir/introspection_toneequal.c.o
#14 326.0 [822/855] Generating introspection_watermark.c
#14 326.2 [823/855] Linking C shared module lib/darktable/plugins/libtoneequal.so
#14 327.0 [824/855] Generating introspection_lens.cc
#14 327.3 [825/855] Building C object lib/darktable/plugins/CMakeFiles/watermark.dir/introspection_watermark.c.o
#14 327.6 [826/855] Building C object lib/darktable/plugins/CMakeFiles/rasterfile.dir/introspection_rasterfile.c.o
#14 327.9 [827/855] Linking C shared module lib/darktable/plugins/libwatermark.so
#14 328.1 [828/855] Linking C shared module lib/darktable/plugins/librasterfile.so
#14 328.4 [829/855] Linking C shared module lib/darktable/plugins/imageio/format/libcopy.so
#14 328.5 [830/855] Linking C shared module lib/darktable/plugins/imageio/format/libjpeg.so
#14 328.8 [831/855] Linking C shared module lib/darktable/plugins/imageio/format/libpdf.so
#14 328.9 [832/855] Linking C shared module lib/darktable/plugins/imageio/format/libpng.so
#14 328.9 [833/855] Linking C shared module lib/darktable/plugins/imageio/format/libppm.so
#14 329.2 [834/855] Linking C shared module lib/darktable/plugins/imageio/format/libpfm.so
#14 329.3 [835/855] Linking C shared module lib/darktable/plugins/imageio/format/libtiff.so
#14 329.7 [836/855] Linking C shared module lib/darktable/plugins/imageio/format/libjpegxl.so
#14 329.9 [837/855] Linking C shared module lib/darktable/plugins/imageio/format/libheif.so
#14 330.1 [838/855] Linking C shared module lib/darktable/plugins/imageio/format/libwebp.so
#14 330.5 [839/855] Linking C shared module lib/darktable/plugins/imageio/format/libj2k.so
#14 330.7 [840/855] Linking CXX shared module lib/darktable/plugins/imageio/format/libexr.so
#14 331.0 [841/855] Linking C shared module lib/darktable/plugins/imageio/format/libavif.so
#14 331.1 [842/855] Linking C shared module lib/darktable/plugins/imageio/format/libxcf.so
#14 331.4 [843/855] Linking C shared module lib/darktable/plugins/imageio/storage/libdisk.so
#14 331.4 [844/855] Linking C shared module lib/darktable/plugins/imageio/storage/libemail.so
#14 331.5 [845/855] Building C object lib/darktable/plugins/CMakeFiles/colorequal.dir/introspection_colorequal.c.o
#14 331.8 [846/855] Linking C shared module lib/darktable/plugins/imageio/storage/liblatex.so
#14 331.9 [847/855] Linking C shared module lib/darktable/plugins/imageio/storage/libgallery.so
#14 332.2 [848/855] Linking C shared module lib/darktable/plugins/libcolorequal.so
#14 332.3 [849/855] Linking C shared module lib/darktable/plugins/imageio/storage/libpiwigo.so
#14 332.5 [850/855] Linking C executable bin/darktable-cltest
#14 332.8 [851/855] Building CXX object lib/darktable/plugins/CMakeFiles/lens.dir/introspection_lens.cc.o
#14 333.2 [852/855] Linking C executable bin/darktable-cli
#14 333.2 [853/855] Linking C executable bin/darktable-generate-cache
#14 333.4 [854/855] Linking CXX shared module lib/darktable/plugins/liblens.so
#14 333.4 [855/855] Linking C executable bin/chart/darktable-chart
#14 333.5 -- Install configuration: "Release"
#14 333.5 -- Installing: /opt/darkroom/share/locale/af/LC_MESSAGES/darktable.mo
#14 333.5 -- Installing: /opt/darkroom/share/locale/ca/LC_MESSAGES/darktable.mo
#14 333.5 -- Installing: /opt/darkroom/share/locale/cs/LC_MESSAGES/darktable.mo
#14 333.5 -- Installing: /opt/darkroom/share/locale/da/LC_MESSAGES/darktable.mo
#14 333.5 -- Installing: /opt/darkroom/share/locale/de/LC_MESSAGES/darktable.mo
#14 333.5 -- Installing: /opt/darkroom/share/locale/el/LC_MESSAGES/darktable.mo
#14 333.5 -- Installing: /opt/darkroom/share/locale/en@truecase/LC_MESSAGES/darktable.mo
#14 333.5 -- Installing: /opt/darkroom/share/locale/eo/LC_MESSAGES/darktable.mo
#14 333.5 -- Installing: /opt/darkroom/share/locale/es/LC_MESSAGES/darktable.mo
#14 333.5 -- Installing: /opt/darkroom/share/locale/fi/LC_MESSAGES/darktable.mo
#14 333.5 -- Installing: /opt/darkroom/share/locale/fr/LC_MESSAGES/darktable.mo
#14 333.5 -- Installing: /opt/darkroom/share/locale/gl/LC_MESSAGES/darktable.mo
#14 333.5 -- Installing: /opt/darkroom/share/locale/he/LC_MESSAGES/darktable.mo
#14 333.5 -- Installing: /opt/darkroom/share/locale/hu/LC_MESSAGES/darktable.mo
#14 333.5 -- Installing: /opt/darkroom/share/locale/it/LC_MESSAGES/darktable.mo
#14 333.5 -- Installing: /opt/darkroom/share/locale/ja/LC_MESSAGES/darktable.mo
#14 333.5 -- Installing: /opt/darkroom/share/locale/ko_KR/LC_MESSAGES/darktable.mo
#14 333.5 -- Installing: /opt/darkroom/share/locale/nb/LC_MESSAGES/darktable.mo
#14 333.5 -- Installing: /opt/darkroom/share/locale/nl/LC_MESSAGES/darktable.mo
#14 333.5 -- Installing: /opt/darkroom/share/locale/pl/LC_MESSAGES/darktable.mo
#14 333.5 -- Installing: /opt/darkroom/share/locale/pt_BR/LC_MESSAGES/darktable.mo
#14 333.5 -- Installing: /opt/darkroom/share/locale/pt_PT/LC_MESSAGES/darktable.mo
#14 333.5 -- Installing: /opt/darkroom/share/locale/ro/LC_MESSAGES/darktable.mo
#14 333.5 -- Installing: /opt/darkroom/share/locale/ru/LC_MESSAGES/darktable.mo
#14 333.5 -- Installing: /opt/darkroom/share/locale/sk/LC_MESSAGES/darktable.mo
#14 333.5 -- Installing: /opt/darkroom/share/locale/sl/LC_MESSAGES/darktable.mo
#14 333.5 -- Installing: /opt/darkroom/share/locale/sq/LC_MESSAGES/darktable.mo
#14 333.5 -- Installing: /opt/darkroom/share/locale/sr/LC_MESSAGES/darktable.mo
#14 333.5 -- Installing: /opt/darkroom/share/locale/sr@latin/LC_MESSAGES/darktable.mo
#14 333.5 -- Installing: /opt/darkroom/share/locale/sv/LC_MESSAGES/darktable.mo
#14 333.5 -- Installing: /opt/darkroom/share/locale/th/LC_MESSAGES/darktable.mo
#14 333.5 -- Installing: /opt/darkroom/share/locale/tr/LC_MESSAGES/darktable.mo
#14 333.5 -- Installing: /opt/darkroom/share/locale/uk/LC_MESSAGES/darktable.mo
#14 333.5 -- Installing: /opt/darkroom/share/locale/zh_CN/LC_MESSAGES/darktable.mo
#14 333.5 -- Installing: /opt/darkroom/share/locale/zh_TW/LC_MESSAGES/darktable.mo
#14 333.5 -- Installing: /opt/darkroom/bin/darktable-rs-identify
#14 333.5 -- Installing: /opt/darkroom/share/darktable/rawspeed/cameras.xml
#14 333.5 -- Installing: /opt/darkroom/share/darktable/rawspeed/showcameras.xsl
#14 333.5 -- Installing: /opt/darkroom/share/darktable/lua-scripts
#14 333.5 -- Installing: /opt/darkroom/share/darktable/lua-scripts/data
#14 333.5 -- Installing: /opt/darkroom/share/darktable/lua-scripts/data/website_gallery
#14 333.5 -- Installing: /opt/darkroom/share/darktable/lua-scripts/data/website_gallery/css
#14 333.5 -- Installing: /opt/darkroom/share/darktable/lua-scripts/data/website_gallery/css/modal.css
#14 333.5 -- Installing: /opt/darkroom/share/darktable/lua-scripts/data/website_gallery/css/style.css
#14 333.5 -- Installing: /opt/darkroom/share/darktable/lua-scripts/data/website_gallery/css/gallery.css
#14 333.5 -- Installing: /opt/darkroom/share/darktable/lua-scripts/data/website_gallery/index.html
#14 333.5 -- Installing: /opt/darkroom/share/darktable/lua-scripts/data/website_gallery/js
#14 333.5 -- Installing: /opt/darkroom/share/darktable/lua-scripts/data/website_gallery/js/fullscreen.js
#14 333.5 -- Installing: /opt/darkroom/share/darktable/lua-scripts/data/website_gallery/js/modal.js
#14 333.5 -- Installing: /opt/darkroom/share/darktable/lua-scripts/data/website_gallery/js/gallery.js
#14 333.5 -- Installing: /opt/darkroom/share/darktable/lua-scripts/data/icons
#14 333.5 -- Installing: /opt/darkroom/share/darktable/lua-scripts/data/icons/blank20.png
#14 333.5 -- Installing: /opt/darkroom/share/darktable/lua-scripts/data/icons/path20.png
#14 333.5 -- Installing: /opt/darkroom/share/darktable/lua-scripts/tools
#14 333.5 -- Installing: /opt/darkroom/share/darktable/lua-scripts/tools/get_libdoc.lua
#14 333.5 -- Installing: /opt/darkroom/share/darktable/lua-scripts/tools/executable_manager.lua
#14 333.5 -- Installing: /opt/darkroom/share/darktable/lua-scripts/tools/script_manager.lua
#14 333.5 -- Installing: /opt/darkroom/share/darktable/lua-scripts/tools/get_lib_manpages.lua
#14 333.5 -- Installing: /opt/darkroom/share/darktable/lua-scripts/ChangeLog.md
#14 333.5 -- Installing: /opt/darkroom/share/darktable/lua-scripts/examples
#14 333.5 -- Installing: /opt/darkroom/share/darktable/lua-scripts/examples/de_DE
#14 333.5 -- Installing: /opt/darkroom/share/darktable/lua-scripts/examples/de_DE/LC_MESSAGES
#14 333.5 -- Installing: /opt/darkroom/share/darktable/lua-scripts/examples/de_DE/LC_MESSAGES/gettextExample.po
#14 333.5 -- Installing: /opt/darkroom/share/darktable/lua-scripts/examples/x-touch.lua
#14 333.5 -- Installing: /opt/darkroom/share/darktable/lua-scripts/examples/darkroom_demo.lua
#14 333.5 -- Installing: /opt/darkroom/share/darktable/lua-scripts/examples/running_os.lua
#14 333.5 -- Installing: /opt/darkroom/share/darktable/lua-scripts/examples/multi_os.lua
#14 333.5 -- Installing: /opt/darkroom/share/darktable/lua-scripts/examples/lighttable_demo.lua
#14 333.5 -- Installing: /opt/darkroom/share/darktable/lua-scripts/examples/preferenceExamples.lua
#14 333.5 -- Installing: /opt/darkroom/share/darktable/lua-scripts/examples/printExamples.lua
#14 333.5 -- Installing: /opt/darkroom/share/darktable/lua-scripts/examples/panels_demo.lua
#14 333.5 -- Installing: /opt/darkroom/share/darktable/lua-scripts/examples/moduleExample.lua
#14 333.5 -- Installing: /opt/darkroom/share/darktable/lua-scripts/examples/hello_world.lua
#14 333.5 -- Installing: /opt/darkroom/share/darktable/lua-scripts/examples/api_version.lua
#14 333.5 -- Installing: /opt/darkroom/share/darktable/lua-scripts/examples/gettextExample.lua
#14 333.5 -- Installing: /opt/darkroom/share/darktable/lua-scripts/examples/gui_action.lua
#14 333.5 -- Installing: /opt/darkroom/share/darktable/lua-scripts/examples/ai_denoise.lua
#14 333.5 -- Installing: /opt/darkroom/share/darktable/lua-scripts/examples/ai_raw_denoise.lua
#14 333.5 -- Installing: /opt/darkroom/share/darktable/lua-scripts/locale
#14 333.5 -- Installing: /opt/darkroom/share/darktable/lua-scripts/locale/de_DE
#14 333.5 -- Installing: /opt/darkroom/share/darktable/lua-scripts/locale/de_DE/LC_MESSAGES
#14 333.5 -- Installing: /opt/darkroom/share/darktable/lua-scripts/locale/de_DE/LC_MESSAGES/OpenInExplorer.po
#14 333.5 -- Installing: /opt/darkroom/share/darktable/lua-scripts/locale/de_DE/LC_MESSAGES/kml_export.po
#14 333.5 -- Installing: /opt/darkroom/share/darktable/lua-scripts/locale/de_DE/LC_MESSAGES/slideshowMusic.po
#14 333.5 -- Installing: /opt/darkroom/share/darktable/lua-scripts/locale/de_DE/LC_MESSAGES/gps_select.po
#14 333.5 -- Installing: /opt/darkroom/share/darktable/lua-scripts/locale/de_DE/LC_MESSAGES/quicktag.po
#14 333.5 -- Installing: /opt/darkroom/share/darktable/lua-scripts/locale/de_DE/LC_MESSAGES/select_non_existing.po
#14 333.5 -- Installing: /opt/darkroom/share/darktable/lua-scripts/locale/de_DE/LC_MESSAGES/geo_uri.po
#14 333.5 -- Installing: /opt/darkroom/share/darktable/lua-scripts/locale/de_DE/LC_MESSAGES/copy_attach_detach_tags.po
#14 333.5 -- Installing: /opt/darkroom/share/darktable/lua-scripts/locale/de_DE/LC_MESSAGES/photils.po
#14 333.5 -- Installing: /opt/darkroom/share/darktable/lua-scripts/locale/de_DE/LC_MESSAGES/clear_GPS.po
#14 333.5 -- Installing: /opt/darkroom/share/darktable/lua-scripts/locale/de_DE/LC_MESSAGES/select_untagged.po
#14 333.5 -- Installing: /opt/darkroom/share/darktable/lua-scripts/locale/de_DE/LC_MESSAGES/gimp.po
#14 333.5 -- Installing: /opt/darkroom/share/darktable/lua-scripts/locale/de_DE/LC_MESSAGES/calcDistance.po
#14 333.5 -- Installing: /opt/darkroom/share/darktable/lua-scripts/locale/de_DE/LC_MESSAGES/hugin.po
#14 333.5 -- Installing: /opt/darkroom/share/darktable/lua-scripts/locale/it_IT
#14 333.5 -- Installing: /opt/darkroom/share/darktable/lua-scripts/locale/it_IT/LC_MESSAGES
#14 333.5 -- Installing: /opt/darkroom/share/darktable/lua-scripts/locale/it_IT/LC_MESSAGES/executable_manager.po
#14 333.5 -- Installing: /opt/darkroom/share/darktable/lua-scripts/locale/it_IT/LC_MESSAGES/ext_editor.po
#14 333.5 -- Installing: /opt/darkroom/share/darktable/lua-scripts/locale/it_IT/LC_MESSAGES/script_manager.po
#14 333.5 -- Installing: /opt/darkroom/share/darktable/lua-scripts/locale/fr_FR
#14 333.5 -- Installing: /opt/darkroom/share/darktable/lua-scripts/locale/fr_FR/LC_MESSAGES
#14 333.5 -- Installing: /opt/darkroom/share/darktable/lua-scripts/locale/fr_FR/LC_MESSAGES/OpenInExplorer.po
#14 333.5 -- Installing: /opt/darkroom/share/darktable/lua-scripts/locale/fr_FR/LC_MESSAGES/kml_export.po
#14 333.5 -- Installing: /opt/darkroom/share/darktable/lua-scripts/locale/fr_FR/LC_MESSAGES/slideshowMusic.po
#14 333.5 -- Installing: /opt/darkroom/share/darktable/lua-scripts/locale/fr_FR/LC_MESSAGES/gps_select.po
#14 333.5 -- Installing: /opt/darkroom/share/darktable/lua-scripts/locale/fr_FR/LC_MESSAGES/geo_uri.po
#14 333.5 -- Installing: /opt/darkroom/share/darktable/lua-scripts/locale/fr_FR/LC_MESSAGES/copy_attach_detach_tags.po
#14 333.5 -- Installing: /opt/darkroom/share/darktable/lua-scripts/locale/fr_FR/LC_MESSAGES/photils.po
#14 333.5 -- Installing: /opt/darkroom/share/darktable/lua-scripts/locale/fr_FR/LC_MESSAGES/clear_GPS.po
#14 333.5 -- Installing: /opt/darkroom/share/darktable/lua-scripts/locale/fr_FR/LC_MESSAGES/select_untagged.po
#14 333.5 -- Installing: /opt/darkroom/share/darktable/lua-scripts/locale/fr_FR/LC_MESSAGES/gimp.po
#14 333.5 -- Installing: /opt/darkroom/share/darktable/lua-scripts/locale/fr_FR/LC_MESSAGES/script_manager.po
#14 333.5 -- Installing: /opt/darkroom/share/darktable/lua-scripts/locale/fr_FR/LC_MESSAGES/calcDistance.po
#14 333.5 -- Installing: /opt/darkroom/share/darktable/lua-scripts/locale/fr_FR/LC_MESSAGES/copy_paste_metadata.po
#14 333.5 -- Installing: /opt/darkroom/share/darktable/lua-scripts/locale/fr_FR/LC_MESSAGES/hugin.po
#14 333.5 -- Installing: /opt/darkroom/share/darktable/lua-scripts/locale/fr_FR/LC_MESSAGES/pdf_slideshow.po
#14 333.5 -- Installing: /opt/darkroom/share/darktable/lua-scripts/locale/pt_BR
#14 333.5 -- Installing: /opt/darkroom/share/darktable/lua-scripts/locale/pt_BR/LC_MESSAGES
#14 333.5 -- Installing: /opt/darkroom/share/darktable/lua-scripts/locale/pt_BR/LC_MESSAGES/OpenInExplorer.po
#14 333.5 -- Installing: /opt/darkroom/share/darktable/lua-scripts/locale/pt_BR/LC_MESSAGES/enfuse.po
#14 333.5 -- Installing: /opt/darkroom/share/darktable/lua-scripts/locale/pt_BR/LC_MESSAGES/kml_export.po
#14 333.5 -- Installing: /opt/darkroom/share/darktable/lua-scripts/locale/pt_BR/LC_MESSAGES/geoJSON_export.po
#14 333.5 -- Installing: /opt/darkroom/share/darktable/lua-scripts/locale/pt_BR/LC_MESSAGES/rename_images.po
#14 333.5 -- Installing: /opt/darkroom/share/darktable/lua-scripts/locale/pt_BR/LC_MESSAGES/HDRMerge.po
#14 333.5 -- Installing: /opt/darkroom/share/darktable/lua-scripts/locale/pt_BR/LC_MESSAGES/image_time.po
#14 333.5 -- Installing: /opt/darkroom/share/darktable/lua-scripts/locale/pt_BR/LC_MESSAGES/AutoGrouper.po
#14 333.5 -- Installing: /opt/darkroom/share/darktable/lua-scripts/locale/pt_BR/LC_MESSAGES/executable_manager.po
#14 333.5 -- Installing: /opt/darkroom/share/darktable/lua-scripts/locale/pt_BR/LC_MESSAGES/slideshowMusic.po
#14 333.5 -- Installing: /opt/darkroom/share/darktable/lua-scripts/locale/pt_BR/LC_MESSAGES/passport_guide.po
#14 333.5 -- Installing: /opt/darkroom/share/darktable/lua-scripts/locale/pt_BR/LC_MESSAGES/quicktag.po
#14 333.5 -- Installing: /opt/darkroom/share/darktable/lua-scripts/locale/pt_BR/LC_MESSAGES/face_recognition.po
#14 333.5 -- Installing: /opt/darkroom/share/darktable/lua-scripts/locale/pt_BR/LC_MESSAGES/ext_editor.po
#14 333.5 -- Installing: /opt/darkroom/share/darktable/lua-scripts/locale/pt_BR/LC_MESSAGES/RL_out_sharp.po
#14 333.5 -- Installing: /opt/darkroom/share/darktable/lua-scripts/locale/pt_BR/LC_MESSAGES/geoToolbox.po
#14 333.5 -- Installing: /opt/darkroom/share/darktable/lua-scripts/locale/pt_BR/LC_MESSAGES/video_ffmpeg.po
#14 333.5 -- Installing: /opt/darkroom/share/darktable/lua-scripts/locale/pt_BR/LC_MESSAGES/color_profile_manager.po
#14 333.5 -- Installing: /opt/darkroom/share/darktable/lua-scripts/locale/pt_BR/LC_MESSAGES/fujifilm_ratings.po
#14 333.5 -- Installing: /opt/darkroom/share/darktable/lua-scripts/locale/pt_BR/LC_MESSAGES/harmonic_armature_guide.po
#14 333.5 -- Installing: /opt/darkroom/share/darktable/lua-scripts/locale/pt_BR/LC_MESSAGES/copy_attach_detach_tags.po
#14 333.5 -- Installing: /opt/darkroom/share/darktable/lua-scripts/locale/pt_BR/LC_MESSAGES/photils.po
#14 333.5 -- Installing: /opt/darkroom/share/darktable/lua-scripts/locale/pt_BR/LC_MESSAGES/clear_GPS.po
#14 333.5 -- Installing: /opt/darkroom/share/darktable/lua-scripts/locale/pt_BR/LC_MESSAGES/select_untagged.po
#14 333.5 -- Installing: /opt/darkroom/share/darktable/lua-scripts/locale/pt_BR/LC_MESSAGES/transfer_hierarchy.po
#14 333.5 -- Installing: /opt/darkroom/share/darktable/lua-scripts/locale/pt_BR/LC_MESSAGES/image_stack.po
#14 333.5 -- Installing: /opt/darkroom/share/darktable/lua-scripts/locale/pt_BR/LC_MESSAGES/gimp.po
#14 333.5 -- Installing: /opt/darkroom/share/darktable/lua-scripts/locale/pt_BR/LC_MESSAGES/script_manager.po
#14 333.5 -- Installing: /opt/darkroom/share/darktable/lua-scripts/locale/pt_BR/LC_MESSAGES/copy_paste_metadata.po
#14 333.5 -- Installing: /opt/darkroom/share/darktable/lua-scripts/locale/pt_BR/LC_MESSAGES/hugin.po
#14 333.5 -- Installing: /opt/darkroom/share/darktable/lua-scripts/locale/pt_BR/LC_MESSAGES/exportLUT.po
#14 333.5 -- Installing: /opt/darkroom/share/darktable/lua-scripts/locale/pt_BR/LC_MESSAGES/CollectHelper.po
#14 333.5 -- Installing: /opt/darkroom/share/darktable/lua-scripts/locale/pt_BR/LC_MESSAGES/pdf_slideshow.po
#14 333.5 -- Installing: /opt/darkroom/share/darktable/lua-scripts/locale/pt_BR/LC_MESSAGES/enfuseAdvanced.po
#14 333.5 -- Installing: /opt/darkroom/share/darktable/lua-scripts/locale/pt_BR/LC_MESSAGES/gpx_export.po
#14 333.5 -- Installing: /opt/darkroom/share/darktable/lua-scripts/README.md
#14 333.5 -- Installing: /opt/darkroom/share/darktable/lua-scripts/official
#14 333.5 -- Installing: /opt/darkroom/share/darktable/lua-scripts/official/use_paired_jpg_as_mipmap.lua
#14 333.5 -- Installing: /opt/darkroom/share/darktable/lua-scripts/official/select_raw_non_raw.lua
#14 333.5 -- Installing: /opt/darkroom/share/darktable/lua-scripts/official/extract_burst_roll_images.lua
#14 333.5 -- Installing: /opt/darkroom/share/darktable/lua-scripts/official/generate_image_txt.lua
#14 333.5 -- Installing: /opt/darkroom/share/darktable/lua-scripts/official/save_selection.lua
#14 333.5 -- Installing: /opt/darkroom/share/darktable/lua-scripts/official/group_persistence.lua
#14 333.5 -- Installing: /opt/darkroom/share/darktable/lua-scripts/official/import_filters.lua
#14 333.5 -- Installing: /opt/darkroom/share/darktable/lua-scripts/official/recent_bookmarks.lua
#14 333.5 -- Installing: /opt/darkroom/share/darktable/lua-scripts/official/enfuse.lua
#14 333.5 -- Installing: /opt/darkroom/share/darktable/lua-scripts/official/image_path_in_ui.lua
#14 333.5 -- Installing: /opt/darkroom/share/darktable/lua-scripts/official/copy_paste_metadata.lua
#14 333.5 -- Installing: /opt/darkroom/share/darktable/lua-scripts/official/select_duplicates.lua
#14 333.5 -- Installing: /opt/darkroom/share/darktable/lua-scripts/official/delete_long_tags.lua
#14 333.5 -- Installing: /opt/darkroom/share/darktable/lua-scripts/official/delete_unused_tags.lua
#14 333.5 -- Installing: /opt/darkroom/share/darktable/lua-scripts/official/check_for_updates.lua
#14 333.5 -- Installing: /opt/darkroom/share/darktable/lua-scripts/official/import_filter_manager.lua
#14 333.5 -- Installing: /opt/darkroom/share/darktable/lua-scripts/official/auto_straighten.lua
#14 333.5 -- Installing: /opt/darkroom/share/darktable/lua-scripts/official/selection2collection.lua
#14 333.5 -- Installing: /opt/darkroom/share/darktable/lua-scripts/official/select_unaltered.lua
#14 333.5 -- Installing: /opt/darkroom/share/darktable/lua-scripts/official/regenerate_thumbnails.lua
#14 333.5 -- Installing: /opt/darkroom/share/darktable/lua-scripts/official/selection_to_pdf.lua
#14 333.5 -- Installing: /opt/darkroom/share/darktable/lua-scripts/official/scheduler.lua
#14 333.5 -- Installing: /opt/darkroom/share/darktable/lua-scripts/official/README
#14 333.5 -- Installing: /opt/darkroom/share/darktable/lua-scripts/official/apply_camera_style.lua
#14 333.5 -- Installing: /opt/darkroom/share/darktable/lua-scripts/contrib
#14 333.5 -- Installing: /opt/darkroom/share/darktable/lua-scripts/contrib/OpenInExplorer.lua
#14 333.5 -- Installing: /opt/darkroom/share/darktable/lua-scripts/contrib/image_time.lua
#14 333.5 -- Installing: /opt/darkroom/share/darktable/lua-scripts/contrib/transfer_hierarchy.lua
#14 333.5 -- Installing: /opt/darkroom/share/darktable/lua-scripts/contrib/RL_out_sharp.lua
#14 333.5 -- Installing: /opt/darkroom/share/darktable/lua-scripts/contrib/autostyle.lua
#14 333.5 -- Installing: /opt/darkroom/share/darktable/lua-scripts/contrib/rename-tags.lua
#14 333.5 -- Installing: /opt/darkroom/share/darktable/lua-scripts/contrib/hugin.lua
#14 333.5 -- Installing: /opt/darkroom/share/darktable/lua-scripts/contrib/rename_images.lua
#14 333.5 -- Installing: /opt/darkroom/share/darktable/lua-scripts/contrib/geoToolbox.lua
#14 333.5 -- Installing: /opt/darkroom/share/darktable/lua-scripts/contrib/select_untagged.lua
#14 333.5 -- Installing: /opt/darkroom/share/darktable/lua-scripts/contrib/fujifilm_ratings.lua
#14 333.5 -- Installing: /opt/darkroom/share/darktable/lua-scripts/contrib/kml_export.lua
#14 333.5 -- Installing: /opt/darkroom/share/darktable/lua-scripts/contrib/ext_editor.lua
#14 333.5 -- Installing: /opt/darkroom/share/darktable/lua-scripts/contrib/dbmaint.lua
#14 333.5 -- Installing: /opt/darkroom/share/darktable/lua-scripts/contrib/hif_group_leader.lua
#14 333.5 -- Installing: /opt/darkroom/share/darktable/lua-scripts/contrib/HDRMerge.lua
#14 333.5 -- Installing: /opt/darkroom/share/darktable/lua-scripts/contrib/gpx_export.lua
#14 333.5 -- Installing: /opt/darkroom/share/darktable/lua-scripts/contrib/AutoGrouper.lua
#14 333.5 -- Installing: /opt/darkroom/share/darktable/lua-scripts/contrib/photils.lua
#14 333.5 -- Installing: /opt/darkroom/share/darktable/lua-scripts/contrib/rate_group.lua
#14 333.5 -- Installing: /opt/darkroom/share/darktable/lua-scripts/contrib/toggle_group_view.lua
#14 333.5 -- Installing: /opt/darkroom/share/darktable/lua-scripts/contrib/passport_guide_germany.lua
#14 333.5 -- Installing: /opt/darkroom/share/darktable/lua-scripts/contrib/enfuseAdvanced.lua
#14 333.5 -- Installing: /opt/darkroom/share/darktable/lua-scripts/contrib/image_stack.lua
#14 333.5 -- Installing: /opt/darkroom/share/darktable/lua-scripts/contrib/CollectHelper.lua
#14 333.5 -- Installing: /opt/darkroom/share/darktable/lua-scripts/contrib/fujifilm_dynamic_range.lua
#14 333.5 -- Installing: /opt/darkroom/share/darktable/lua-scripts/contrib/color_profile_manager.lua
#14 333.5 -- Installing: /opt/darkroom/share/darktable/lua-scripts/contrib/gimp.lua
#14 333.5 -- Installing: /opt/darkroom/share/darktable/lua-scripts/contrib/harmonic_armature_guide.lua
#14 333.5 -- Installing: /opt/darkroom/share/darktable/lua-scripts/contrib/selected_image_visible.lua
#14 333.5 -- Installing: /opt/darkroom/share/darktable/lua-scripts/contrib/change_group_leader.lua
#14 333.5 -- Installing: /opt/darkroom/share/darktable/lua-scripts/contrib/select_non_existing.lua
#14 333.5 -- Installing: /opt/darkroom/share/darktable/lua-scripts/contrib/ultrahdr.lua
#14 333.5 -- Installing: /opt/darkroom/share/darktable/lua-scripts/contrib/slideshowMusic.lua
#14 333.5 -- Installing: /opt/darkroom/share/darktable/lua-scripts/contrib/website_gallery_export.lua
#14 333.5 -- Installing: /opt/darkroom/share/darktable/lua-scripts/contrib/quicktag.lua
#14 333.5 -- Installing: /opt/darkroom/share/darktable/lua-scripts/contrib/face_recognition.lua
#14 333.5 -- Installing: /opt/darkroom/share/darktable/lua-scripts/contrib/video_ffmpeg.lua
#14 333.5 -- Installing: /opt/darkroom/share/darktable/lua-scripts/contrib/passport_guide.lua
#14 333.5 -- Installing: /opt/darkroom/share/darktable/lua-scripts/contrib/pdf_slideshow.lua
#14 333.5 -- Installing: /opt/darkroom/share/darktable/lua-scripts/contrib/jpg_group_leader.lua
#14 333.5 -- Installing: /opt/darkroom/share/darktable/lua-scripts/contrib/auto_snapshot.lua
#14 333.5 -- Installing: /opt/darkroom/share/darktable/lua-scripts/contrib/cycle_group_leader.lua
#14 333.5 -- Installing: /opt/darkroom/share/darktable/lua-scripts/contrib/auto_tag_modified.lua
#14 333.5 -- Installing: /opt/darkroom/share/darktable/lua-scripts/contrib/copy_attach_detach_tags.lua
#14 333.5 -- Installing: /opt/darkroom/share/darktable/lua-scripts/contrib/LabelsToTags.lua
#14 333.5 -- Installing: /opt/darkroom/share/darktable/lua-scripts/contrib/README
#14 333.5 -- Installing: /opt/darkroom/share/darktable/lua-scripts/contrib/exportLUT.lua
#14 333.5 -- Installing: /opt/darkroom/share/darktable/lua-scripts/contrib/geoJSON_export.lua
#14 333.5 -- Installing: /opt/darkroom/share/darktable/lua-scripts/contrib/cr2hdr.lua
#14 333.5 -- Installing: /opt/darkroom/share/darktable/lua-scripts/contrib/clear_GPS.lua
#14 333.5 -- Installing: /opt/darkroom/share/darktable/lua-scripts/lib
#14 333.5 -- Installing: /opt/darkroom/share/darktable/lua-scripts/lib/dtutils
#14 333.5 -- Installing: /opt/darkroom/share/darktable/lua-scripts/lib/dtutils/debug.lua
#14 333.5 -- Installing: /opt/darkroom/share/darktable/lua-scripts/lib/dtutils/log.lua
#14 333.5 -- Installing: /opt/darkroom/share/darktable/lua-scripts/lib/dtutils/system.lua
#14 333.5 -- Installing: /opt/darkroom/share/darktable/lua-scripts/lib/dtutils/file.lua
#14 333.5 -- Installing: /opt/darkroom/share/darktable/lua-scripts/lib/dtutils/string.lua
#14 333.5 -- Installing: /opt/darkroom/share/darktable/lua-scripts/lib/dtutils.lua
#14 333.6 -- Installing: /opt/darkroom/lib/darktable/libdarkroom_core.so
#14 333.6 -- Installing: /opt/darkroom/lib/darktable/libdarktable.so
#14 333.6 -- Set non-toolchain portion of runtime path of "/opt/darkroom/lib/darktable/libdarktable.so" to "$ORIGIN"
#14 333.6 -- Installing: /opt/darkroom/lib/darktable/views/libdarkroom.so
#14 333.6 -- Set non-toolchain portion of runtime path of "/opt/darkroom/lib/darktable/views/libdarkroom.so" to "$ORIGIN/.."
#14 333.6 -- Installing: /opt/darkroom/lib/darktable/views/liblighttable.so
#14 333.6 -- Set non-toolchain portion of runtime path of "/opt/darkroom/lib/darktable/views/liblighttable.so" to "$ORIGIN/.."
#14 333.6 -- Installing: /opt/darkroom/lib/darktable/views/libslideshow.so
#14 333.6 -- Set non-toolchain portion of runtime path of "/opt/darkroom/lib/darktable/views/libslideshow.so" to "$ORIGIN/.."
#14 333.6 -- Installing: /opt/darkroom/lib/darktable/views/libmap.so
#14 333.6 -- Set non-toolchain portion of runtime path of "/opt/darkroom/lib/darktable/views/libmap.so" to "$ORIGIN/.."
#14 333.6 -- Installing: /opt/darkroom/lib/darktable/views/libtethering.so
#14 333.6 -- Set non-toolchain portion of runtime path of "/opt/darkroom/lib/darktable/views/libtethering.so" to "$ORIGIN/.."
#14 333.6 -- Installing: /opt/darkroom/lib/darktable/views/libprint.so
#14 333.6 -- Set non-toolchain portion of runtime path of "/opt/darkroom/lib/darktable/views/libprint.so" to "$ORIGIN/.."
#14 333.6 -- Installing: /opt/darkroom/lib/darktable/plugins/lighttable/libimport.so
#14 333.6 -- Set non-toolchain portion of runtime path of "/opt/darkroom/lib/darktable/plugins/lighttable/libimport.so" to "$ORIGIN/../.."
#14 333.6 -- Installing: /opt/darkroom/lib/darktable/plugins/lighttable/libexport.so
#14 333.6 -- Set non-toolchain portion of runtime path of "/opt/darkroom/lib/darktable/plugins/lighttable/libexport.so" to "$ORIGIN/../.."
#14 333.6 -- Installing: /opt/darkroom/lib/darktable/plugins/lighttable/libcopy_history.so
#14 333.6 -- Set non-toolchain portion of runtime path of "/opt/darkroom/lib/darktable/plugins/lighttable/libcopy_history.so" to "$ORIGIN/../.."
#14 333.6 -- Installing: /opt/darkroom/lib/darktable/plugins/lighttable/libstyles.so
#14 333.6 -- Set non-toolchain portion of runtime path of "/opt/darkroom/lib/darktable/plugins/lighttable/libstyles.so" to "$ORIGIN/../.."
#14 333.6 -- Installing: /opt/darkroom/lib/darktable/plugins/lighttable/libtagging.so
#14 333.6 -- Set non-toolchain portion of runtime path of "/opt/darkroom/lib/darktable/plugins/lighttable/libtagging.so" to "$ORIGIN/../.."
#14 333.6 -- Installing: /opt/darkroom/lib/darktable/plugins/lighttable/libimage.so
#14 333.6 -- Set non-toolchain portion of runtime path of "/opt/darkroom/lib/darktable/plugins/lighttable/libimage.so" to "$ORIGIN/../.."
#14 333.6 -- Installing: /opt/darkroom/lib/darktable/plugins/lighttable/libselect.so
#14 333.6 -- Set non-toolchain portion of runtime path of "/opt/darkroom/lib/darktable/plugins/lighttable/libselect.so" to "$ORIGIN/../.."
#14 333.6 -- Installing: /opt/darkroom/lib/darktable/plugins/lighttable/libcollect.so
#14 333.6 -- Set non-toolchain portion of runtime path of "/opt/darkroom/lib/darktable/plugins/lighttable/libcollect.so" to "$ORIGIN/../.."
#14 333.6 -- Installing: /opt/darkroom/lib/darktable/plugins/lighttable/librecentcollect.so
#14 333.6 -- Set non-toolchain portion of runtime path of "/opt/darkroom/lib/darktable/plugins/lighttable/librecentcollect.so" to "$ORIGIN/../.."
#14 333.6 -- Installing: /opt/darkroom/lib/darktable/plugins/lighttable/libfiltering.so
#14 333.6 -- Set non-toolchain portion of runtime path of "/opt/darkroom/lib/darktable/plugins/lighttable/libfiltering.so" to "$ORIGIN/../.."
#14 333.6 -- Installing: /opt/darkroom/lib/darktable/plugins/lighttable/libmetadata.so
#14 333.6 -- Set non-toolchain portion of runtime path of "/opt/darkroom/lib/darktable/plugins/lighttable/libmetadata.so" to "$ORIGIN/../.."
#14 333.6 -- Installing: /opt/darkroom/lib/darktable/plugins/lighttable/libmetadata_view.so
#14 333.6 -- Set non-toolchain portion of runtime path of "/opt/darkroom/lib/darktable/plugins/lighttable/libmetadata_view.so" to "$ORIGIN/../.."
#14 333.6 -- Installing: /opt/darkroom/lib/darktable/plugins/lighttable/libnavigation.so
#14 333.6 -- Set non-toolchain portion of runtime path of "/opt/darkroom/lib/darktable/plugins/lighttable/libnavigation.so" to "$ORIGIN/../.."
#14 333.6 -- Installing: /opt/darkroom/lib/darktable/plugins/lighttable/libhistogram.so
#14 333.6 -- Set non-toolchain portion of runtime path of "/opt/darkroom/lib/darktable/plugins/lighttable/libhistogram.so" to "$ORIGIN/../.."
#14 333.6 -- Installing: /opt/darkroom/lib/darktable/plugins/lighttable/libhistory.so
#14 333.6 -- Set non-toolchain portion of runtime path of "/opt/darkroom/lib/darktable/plugins/lighttable/libhistory.so" to "$ORIGIN/../.."
#14 333.6 -- Installing: /opt/darkroom/lib/darktable/plugins/lighttable/libsnapshots.so
#14 333.6 -- Set non-toolchain portion of runtime path of "/opt/darkroom/lib/darktable/plugins/lighttable/libsnapshots.so" to "$ORIGIN/../.."
#14 333.6 -- Installing: /opt/darkroom/lib/darktable/plugins/lighttable/libmodulegroups.so
#14 333.6 -- Set non-toolchain portion of runtime path of "/opt/darkroom/lib/darktable/plugins/lighttable/libmodulegroups.so" to "$ORIGIN/../.."
#14 333.6 -- Installing: /opt/darkroom/lib/darktable/plugins/lighttable/libbackgroundjobs.so
#14 333.6 -- Set non-toolchain portion of runtime path of "/opt/darkroom/lib/darktable/plugins/lighttable/libbackgroundjobs.so" to "$ORIGIN/../.."
#14 333.6 -- Installing: /opt/darkroom/lib/darktable/plugins/lighttable/libcolorpicker.so
#14 333.6 -- Set non-toolchain portion of runtime path of "/opt/darkroom/lib/darktable/plugins/lighttable/libcolorpicker.so" to "$ORIGIN/../.."
#14 333.6 -- Installing: /opt/darkroom/lib/darktable/plugins/lighttable/libmasks.so
#14 333.6 -- Set non-toolchain portion of runtime path of "/opt/darkroom/lib/darktable/plugins/lighttable/libmasks.so" to "$ORIGIN/../.."
#14 333.6 -- Installing: /opt/darkroom/lib/darktable/plugins/lighttable/libsession.so
#14 333.6 -- Set non-toolchain portion of runtime path of "/opt/darkroom/lib/darktable/plugins/lighttable/libsession.so" to "$ORIGIN/../.."
#14 333.6 -- Installing: /opt/darkroom/lib/darktable/plugins/lighttable/libduplicate.so
#14 333.6 -- Set non-toolchain portion of runtime path of "/opt/darkroom/lib/darktable/plugins/lighttable/libduplicate.so" to "$ORIGIN/../.."
#14 333.6 -- Installing: /opt/darkroom/lib/darktable/plugins/lighttable/libioporder.so
#14 333.6 -- Set non-toolchain portion of runtime path of "/opt/darkroom/lib/darktable/plugins/lighttable/libioporder.so" to "$ORIGIN/../.."
#14 333.6 -- Installing: /opt/darkroom/lib/darktable/plugins/lighttable/libviewswitcher.so
#14 333.6 -- Set non-toolchain portion of runtime path of "/opt/darkroom/lib/darktable/plugins/lighttable/libviewswitcher.so" to "$ORIGIN/../.."
#14 333.6 -- Installing: /opt/darkroom/lib/darktable/plugins/lighttable/libdarktable_label.so
#14 333.6 -- Set non-toolchain portion of runtime path of "/opt/darkroom/lib/darktable/plugins/lighttable/libdarktable_label.so" to "$ORIGIN/../.."
#14 333.6 -- Installing: /opt/darkroom/lib/darktable/plugins/lighttable/libratings.so
#14 333.6 -- Set non-toolchain portion of runtime path of "/opt/darkroom/lib/darktable/plugins/lighttable/libratings.so" to "$ORIGIN/../.."
#14 333.6 -- Installing: /opt/darkroom/lib/darktable/plugins/lighttable/libcolorlabels.so
#14 333.6 -- Set non-toolchain portion of runtime path of "/opt/darkroom/lib/darktable/plugins/lighttable/libcolorlabels.so" to "$ORIGIN/../.."
#14 333.6 -- Installing: /opt/darkroom/lib/darktable/plugins/lighttable/libfilter.so
#14 333.6 -- Set non-toolchain portion of runtime path of "/opt/darkroom/lib/darktable/plugins/lighttable/libfilter.so" to "$ORIGIN/../.."
#14 333.6 -- Installing: /opt/darkroom/lib/darktable/plugins/lighttable/liblighttable_mode.so
#14 333.6 -- Set non-toolchain portion of runtime path of "/opt/darkroom/lib/darktable/plugins/lighttable/liblighttable_mode.so" to "$ORIGIN/../.."
#14 333.6 -- Installing: /opt/darkroom/lib/darktable/plugins/lighttable/libview_toolbox.so
#14 333.6 -- Set non-toolchain portion of runtime path of "/opt/darkroom/lib/darktable/plugins/lighttable/libview_toolbox.so" to "$ORIGIN/../.."
#14 333.6 -- Installing: /opt/darkroom/lib/darktable/plugins/lighttable/libmodule_toolbox.so
#14 333.6 -- Set non-toolchain portion of runtime path of "/opt/darkroom/lib/darktable/plugins/lighttable/libmodule_toolbox.so" to "$ORIGIN/../.."
#14 333.6 -- Installing: /opt/darkroom/lib/darktable/plugins/lighttable/libfilmstrip.so
#14 333.6 -- Set non-toolchain portion of runtime path of "/opt/darkroom/lib/darktable/plugins/lighttable/libfilmstrip.so" to "$ORIGIN/../.."
#14 333.6 -- Installing: /opt/darkroom/lib/darktable/plugins/lighttable/libhinter.so
#14 333.6 -- Set non-toolchain portion of runtime path of "/opt/darkroom/lib/darktable/plugins/lighttable/libhinter.so" to "$ORIGIN/../.."
#14 333.6 -- Installing: /opt/darkroom/lib/darktable/plugins/lighttable/libglobal_toolbox.so
#14 333.6 -- Set non-toolchain portion of runtime path of "/opt/darkroom/lib/darktable/plugins/lighttable/libglobal_toolbox.so" to "$ORIGIN/../.."
#14 333.6 -- Installing: /opt/darkroom/lib/darktable/plugins/lighttable/libtimeline.so
#14 333.6 -- Set non-toolchain portion of runtime path of "/opt/darkroom/lib/darktable/plugins/lighttable/libtimeline.so" to "$ORIGIN/../.."
#14 333.6 -- Installing: /opt/darkroom/lib/darktable/plugins/lighttable/libimage_infos.so
#14 333.6 -- Set non-toolchain portion of runtime path of "/opt/darkroom/lib/darktable/plugins/lighttable/libimage_infos.so" to "$ORIGIN/../.."
#14 333.6 -- Installing: /opt/darkroom/lib/darktable/plugins/lighttable/liblog_history.so
#14 333.6 -- Set non-toolchain portion of runtime path of "/opt/darkroom/lib/darktable/plugins/lighttable/liblog_history.so" to "$ORIGIN/../.."
#14 333.6 -- Installing: /opt/darkroom/lib/darktable/plugins/lighttable/libmidi.so
#14 333.6 -- Set non-toolchain portion of runtime path of "/opt/darkroom/lib/darktable/plugins/lighttable/libmidi.so" to "$ORIGIN/../.."
#14 333.6 -- Installing: /opt/darkroom/lib/darktable/plugins/lighttable/libgamepad.so
#14 333.6 -- Set non-toolchain portion of runtime path of "/opt/darkroom/lib/darktable/plugins/lighttable/libgamepad.so" to "$ORIGIN/../.."
#14 333.6 -- Installing: /opt/darkroom/lib/darktable/plugins/lighttable/libcamera.so
#14 333.6 -- Set non-toolchain portion of runtime path of "/opt/darkroom/lib/darktable/plugins/lighttable/libcamera.so" to "$ORIGIN/../.."
#14 333.6 -- Installing: /opt/darkroom/lib/darktable/plugins/lighttable/liblive_view.so
#14 333.6 -- Set non-toolchain portion of runtime path of "/opt/darkroom/lib/darktable/plugins/lighttable/liblive_view.so" to "$ORIGIN/../.."
#14 333.6 -- Installing: /opt/darkroom/lib/darktable/plugins/lighttable/liblocation.so
#14 333.6 -- Set non-toolchain portion of runtime path of "/opt/darkroom/lib/darktable/plugins/lighttable/liblocation.so" to "$ORIGIN/../.."
#14 333.6 -- Installing: /opt/darkroom/lib/darktable/plugins/lighttable/libmap_settings.so
#14 333.6 -- Set non-toolchain portion of runtime path of "/opt/darkroom/lib/darktable/plugins/lighttable/libmap_settings.so" to "$ORIGIN/../.."
#14 333.6 -- Installing: /opt/darkroom/lib/darktable/plugins/lighttable/libmap_locations.so
#14 333.6 -- Set non-toolchain portion of runtime path of "/opt/darkroom/lib/darktable/plugins/lighttable/libmap_locations.so" to "$ORIGIN/../.."
#14 333.6 -- Installing: /opt/darkroom/lib/darktable/plugins/lighttable/libgeotagging.so
#14 333.6 -- Set non-toolchain portion of runtime path of "/opt/darkroom/lib/darktable/plugins/lighttable/libgeotagging.so" to "$ORIGIN/../.."
#14 333.6 -- Installing: /opt/darkroom/lib/darktable/plugins/lighttable/libprint_settings.so
#14 333.6 -- Set non-toolchain portion of runtime path of "/opt/darkroom/lib/darktable/plugins/lighttable/libprint_settings.so" to "$ORIGIN/../.."
#14 333.6 -- Installing: /opt/darkroom/lib/darktable/plugins/libcolorharmonizer.so
#14 333.6 -- Set non-toolchain portion of runtime path of "/opt/darkroom/lib/darktable/plugins/libcolorharmonizer.so" to "$ORIGIN/.."
#14 333.6 -- Installing: /opt/darkroom/lib/darktable/plugins/librawprepare.so
#14 333.6 -- Set non-toolchain portion of runtime path of "/opt/darkroom/lib/darktable/plugins/librawprepare.so" to "$ORIGIN/.."
#14 333.6 -- Installing: /opt/darkroom/lib/darktable/plugins/libsoften.so
#14 333.6 -- Set non-toolchain portion of runtime path of "/opt/darkroom/lib/darktable/plugins/libsoften.so" to "$ORIGIN/.."
#14 333.6 -- Installing: /opt/darkroom/lib/darktable/plugins/libbloom.so
#14 333.6 -- Set non-toolchain portion of runtime path of "/opt/darkroom/lib/darktable/plugins/libbloom.so" to "$ORIGIN/.."
#14 333.6 -- Installing: /opt/darkroom/lib/darktable/plugins/libhighpass.so
#14 333.6 -- Set non-toolchain portion of runtime path of "/opt/darkroom/lib/darktable/plugins/libhighpass.so" to "$ORIGIN/.."
#14 333.6 -- Installing: /opt/darkroom/lib/darktable/plugins/liblowpass.so
#14 333.6 -- Set non-toolchain portion of runtime path of "/opt/darkroom/lib/darktable/plugins/liblowpass.so" to "$ORIGIN/.."
#14 333.6 -- Installing: /opt/darkroom/lib/darktable/plugins/libshadhi.so
#14 333.6 -- Set non-toolchain portion of runtime path of "/opt/darkroom/lib/darktable/plugins/libshadhi.so" to "$ORIGIN/.."
#14 333.6 -- Installing: /opt/darkroom/lib/darktable/plugins/libcolorreconstruct.so
#14 333.6 -- Set non-toolchain portion of runtime path of "/opt/darkroom/lib/darktable/plugins/libcolorreconstruct.so" to "$ORIGIN/.."
#14 333.6 -- Installing: /opt/darkroom/lib/darktable/plugins/libtonemap.so
#14 333.6 -- Set non-toolchain portion of runtime path of "/opt/darkroom/lib/darktable/plugins/libtonemap.so" to "$ORIGIN/.."
#14 333.6 -- Installing: /opt/darkroom/lib/darktable/plugins/libtonecurve.so
#14 333.6 -- Set non-toolchain portion of runtime path of "/opt/darkroom/lib/darktable/plugins/libtonecurve.so" to "$ORIGIN/.."
#14 333.6 -- Installing: /opt/darkroom/lib/darktable/plugins/libcolisa.so
#14 333.6 -- Set non-toolchain portion of runtime path of "/opt/darkroom/lib/darktable/plugins/libcolisa.so" to "$ORIGIN/.."
#14 333.6 -- Installing: /opt/darkroom/lib/darktable/plugins/libgamma.so
#14 333.6 -- Set non-toolchain portion of runtime path of "/opt/darkroom/lib/darktable/plugins/libgamma.so" to "$ORIGIN/.."
#14 333.6 -- Installing: /opt/darkroom/lib/darktable/plugins/libtemperature.so
#14 333.6 -- Set non-toolchain portion of runtime path of "/opt/darkroom/lib/darktable/plugins/libtemperature.so" to "$ORIGIN/.."
#14 333.6 -- Installing: /opt/darkroom/lib/darktable/plugins/libcolorcorrection.so
#14 333.6 -- Set non-toolchain portion of runtime path of "/opt/darkroom/lib/darktable/plugins/libcolorcorrection.so" to "$ORIGIN/.."
#14 333.6 -- Installing: /opt/darkroom/lib/darktable/plugins/libbasicadj.so
#14 333.6 -- Set non-toolchain portion of runtime path of "/opt/darkroom/lib/darktable/plugins/libbasicadj.so" to "$ORIGIN/.."
#14 333.6 -- Installing: /opt/darkroom/lib/darktable/plugins/libexposure.so
#14 333.6 -- Set non-toolchain portion of runtime path of "/opt/darkroom/lib/darktable/plugins/libexposure.so" to "$ORIGIN/.."
#14 333.6 -- Installing: /opt/darkroom/lib/darktable/plugins/libequalizer.so
#14 333.6 -- Set non-toolchain portion of runtime path of "/opt/darkroom/lib/darktable/plugins/libequalizer.so" to "$ORIGIN/.."
#14 333.6 -- Installing: /opt/darkroom/lib/darktable/plugins/librgbcurve.so
#14 333.7 -- Set non-toolchain portion of runtime path of "/opt/darkroom/lib/darktable/plugins/librgbcurve.so" to "$ORIGIN/.."
#14 333.7 -- Installing: /opt/darkroom/lib/darktable/plugins/libcolorbalance.so
#14 333.7 -- Set non-toolchain portion of runtime path of "/opt/darkroom/lib/darktable/plugins/libcolorbalance.so" to "$ORIGIN/.."
#14 333.7 -- Installing: /opt/darkroom/lib/darktable/plugins/libcolorin.so
#14 333.7 -- Set non-toolchain portion of runtime path of "/opt/darkroom/lib/darktable/plugins/libcolorin.so" to "$ORIGIN/.."
#14 333.7 -- Installing: /opt/darkroom/lib/darktable/plugins/libcolorout.so
#14 333.7 -- Set non-toolchain portion of runtime path of "/opt/darkroom/lib/darktable/plugins/libcolorout.so" to "$ORIGIN/.."
#14 333.7 -- Installing: /opt/darkroom/lib/darktable/plugins/libcolorchecker.so
#14 333.7 -- Set non-toolchain portion of runtime path of "/opt/darkroom/lib/darktable/plugins/libcolorchecker.so" to "$ORIGIN/.."
#14 333.7 -- Installing: /opt/darkroom/lib/darktable/plugins/libclipping.so
#14 333.7 -- Set non-toolchain portion of runtime path of "/opt/darkroom/lib/darktable/plugins/libclipping.so" to "$ORIGIN/.."
#14 333.7 -- Installing: /opt/darkroom/lib/darktable/plugins/libenlargecanvas.so
#14 333.7 -- Set non-toolchain portion of runtime path of "/opt/darkroom/lib/darktable/plugins/libenlargecanvas.so" to "$ORIGIN/.."
#14 333.7 -- Installing: /opt/darkroom/lib/darktable/plugins/libcrop.so
#14 333.7 -- Set non-toolchain portion of runtime path of "/opt/darkroom/lib/darktable/plugins/libcrop.so" to "$ORIGIN/.."
#14 333.7 -- Installing: /opt/darkroom/lib/darktable/plugins/libsharpen.so
#14 333.7 -- Set non-toolchain portion of runtime path of "/opt/darkroom/lib/darktable/plugins/libsharpen.so" to "$ORIGIN/.."
#14 333.7 -- Installing: /opt/darkroom/lib/darktable/plugins/libdither.so
#14 333.7 -- Set non-toolchain portion of runtime path of "/opt/darkroom/lib/darktable/plugins/libdither.so" to "$ORIGIN/.."
#14 333.7 -- Installing: /opt/darkroom/lib/darktable/plugins/libmonochrome.so
#14 333.7 -- Set non-toolchain portion of runtime path of "/opt/darkroom/lib/darktable/plugins/libmonochrome.so" to "$ORIGIN/.."
#14 333.7 -- Installing: /opt/darkroom/lib/darktable/plugins/libbasecurve.so
#14 333.7 -- Set non-toolchain portion of runtime path of "/opt/darkroom/lib/darktable/plugins/libbasecurve.so" to "$ORIGIN/.."
#14 333.7 -- Installing: /opt/darkroom/lib/darktable/plugins/libcolorzones.so
#14 333.7 -- Set non-toolchain portion of runtime path of "/opt/darkroom/lib/darktable/plugins/libcolorzones.so" to "$ORIGIN/.."
#14 333.7 -- Installing: /opt/darkroom/lib/darktable/plugins/libhighlights.so
#14 333.7 -- Set non-toolchain portion of runtime path of "/opt/darkroom/lib/darktable/plugins/libhighlights.so" to "$ORIGIN/.."
#14 333.7 -- Installing: /opt/darkroom/lib/darktable/plugins/liboverlay.so
#14 333.7 -- Set non-toolchain portion of runtime path of "/opt/darkroom/lib/darktable/plugins/liboverlay.so" to "$ORIGIN/.."
#14 333.7 -- Installing: /opt/darkroom/lib/darktable/plugins/librawoverexposed.so
#14 333.7 -- Set non-toolchain portion of runtime path of "/opt/darkroom/lib/darktable/plugins/librawoverexposed.so" to "$ORIGIN/.."
#14 333.7 -- Installing: /opt/darkroom/lib/darktable/plugins/libvelvia.so
#14 333.7 -- Set non-toolchain portion of runtime path of "/opt/darkroom/lib/darktable/plugins/libvelvia.so" to "$ORIGIN/.."
#14 333.7 -- Installing: /opt/darkroom/lib/darktable/plugins/libvignette.so
#14 333.7 -- Set non-toolchain portion of runtime path of "/opt/darkroom/lib/darktable/plugins/libvignette.so" to "$ORIGIN/.."
#14 333.7 -- Installing: /opt/darkroom/lib/darktable/plugins/libsplittoning.so
#14 333.7 -- Set non-toolchain portion of runtime path of "/opt/darkroom/lib/darktable/plugins/libsplittoning.so" to "$ORIGIN/.."
#14 333.7 -- Installing: /opt/darkroom/lib/darktable/plugins/libgrain.so
#14 333.7 -- Set non-toolchain portion of runtime path of "/opt/darkroom/lib/darktable/plugins/libgrain.so" to "$ORIGIN/.."
#14 333.7 -- Installing: /opt/darkroom/lib/darktable/plugins/libclahe.so
#14 333.7 -- Set non-toolchain portion of runtime path of "/opt/darkroom/lib/darktable/plugins/libclahe.so" to "$ORIGIN/.."
#14 333.7 -- Installing: /opt/darkroom/lib/darktable/plugins/libbilateral.so
#14 333.7 -- Set non-toolchain portion of runtime path of "/opt/darkroom/lib/darktable/plugins/libbilateral.so" to "$ORIGIN/.."
#14 333.7 -- Installing: /opt/darkroom/lib/darktable/plugins/libprofile_gamma.so
#14 333.7 -- Set non-toolchain portion of runtime path of "/opt/darkroom/lib/darktable/plugins/libprofile_gamma.so" to "$ORIGIN/.."
#14 333.7 -- Installing: /opt/darkroom/lib/darktable/plugins/libcolortransfer.so
#14 333.7 -- Set non-toolchain portion of runtime path of "/opt/darkroom/lib/darktable/plugins/libcolortransfer.so" to "$ORIGIN/.."
#14 333.7 -- Installing: /opt/darkroom/lib/darktable/plugins/libcolormapping.so
#14 333.7 -- Set non-toolchain portion of runtime path of "/opt/darkroom/lib/darktable/plugins/libcolormapping.so" to "$ORIGIN/.."
#14 333.7 -- Installing: /opt/darkroom/lib/darktable/plugins/libchannelmixer.so
#14 333.7 -- Set non-toolchain portion of runtime path of "/opt/darkroom/lib/darktable/plugins/libchannelmixer.so" to "$ORIGIN/.."
#14 333.7 -- Installing: /opt/darkroom/lib/darktable/plugins/libgraduatednd.so
#14 333.7 -- Set non-toolchain portion of runtime path of "/opt/darkroom/lib/darktable/plugins/libgraduatednd.so" to "$ORIGIN/.."
#14 333.7 -- Installing: /opt/darkroom/lib/darktable/plugins/librelight.so
#14 333.7 -- Set non-toolchain portion of runtime path of "/opt/darkroom/lib/darktable/plugins/librelight.so" to "$ORIGIN/.."
#14 333.7 -- Installing: /opt/darkroom/lib/darktable/plugins/libzonesystem.so
#14 333.7 -- Set non-toolchain portion of runtime path of "/opt/darkroom/lib/darktable/plugins/libzonesystem.so" to "$ORIGIN/.."
#14 333.7 -- Installing: /opt/darkroom/lib/darktable/plugins/libdemosaic.so
#14 333.7 -- Set non-toolchain portion of runtime path of "/opt/darkroom/lib/darktable/plugins/libdemosaic.so" to "$ORIGIN/.."
#14 333.7 -- Installing: /opt/darkroom/lib/darktable/plugins/librotatepixels.so
#14 333.7 -- Set non-toolchain portion of runtime path of "/opt/darkroom/lib/darktable/plugins/librotatepixels.so" to "$ORIGIN/.."
#14 333.7 -- Installing: /opt/darkroom/lib/darktable/plugins/libscalepixels.so
#14 333.7 -- Set non-toolchain portion of runtime path of "/opt/darkroom/lib/darktable/plugins/libscalepixels.so" to "$ORIGIN/.."
#14 333.7 -- Installing: /opt/darkroom/lib/darktable/plugins/libatrous.so
#14 333.7 -- Set non-toolchain portion of runtime path of "/opt/darkroom/lib/darktable/plugins/libatrous.so" to "$ORIGIN/.."
#14 333.7 -- Installing: /opt/darkroom/lib/darktable/plugins/libcacorrect.so
#14 333.7 -- Set non-toolchain portion of runtime path of "/opt/darkroom/lib/darktable/plugins/libcacorrect.so" to "$ORIGIN/.."
#14 333.7 -- Installing: /opt/darkroom/lib/darktable/plugins/liboverexposed.so
#14 333.7 -- Set non-toolchain portion of runtime path of "/opt/darkroom/lib/darktable/plugins/liboverexposed.so" to "$ORIGIN/.."
#14 333.7 -- Installing: /opt/darkroom/lib/darktable/plugins/libhotpixels.so
#14 333.7 -- Set non-toolchain portion of runtime path of "/opt/darkroom/lib/darktable/plugins/libhotpixels.so" to "$ORIGIN/.."
#14 333.7 -- Installing: /opt/darkroom/lib/darktable/plugins/liblowlight.so
#14 333.7 -- Set non-toolchain portion of runtime path of "/opt/darkroom/lib/darktable/plugins/liblowlight.so" to "$ORIGIN/.."
#14 333.7 -- Installing: /opt/darkroom/lib/darktable/plugins/libspots.so
#14 333.7 -- Set non-toolchain portion of runtime path of "/opt/darkroom/lib/darktable/plugins/libspots.so" to "$ORIGIN/.."
#14 333.7 -- Installing: /opt/darkroom/lib/darktable/plugins/libretouch.so
#14 333.7 -- Set non-toolchain portion of runtime path of "/opt/darkroom/lib/darktable/plugins/libretouch.so" to "$ORIGIN/.."
#14 333.7 -- Installing: /opt/darkroom/lib/darktable/plugins/libliquify.so
#14 333.7 -- Set non-toolchain portion of runtime path of "/opt/darkroom/lib/darktable/plugins/libliquify.so" to "$ORIGIN/.."
#14 333.7 -- Installing: /opt/darkroom/lib/darktable/plugins/librawdenoise.so
#14 333.7 -- Set non-toolchain portion of runtime path of "/opt/darkroom/lib/darktable/plugins/librawdenoise.so" to "$ORIGIN/.."
#14 333.7 -- Installing: /opt/darkroom/lib/darktable/plugins/libborders.so
#14 333.7 -- Set non-toolchain portion of runtime path of "/opt/darkroom/lib/darktable/plugins/libborders.so" to "$ORIGIN/.."
#14 333.7 -- Installing: /opt/darkroom/lib/darktable/plugins/libnlmeans.so
#14 333.7 -- Set non-toolchain portion of runtime path of "/opt/darkroom/lib/darktable/plugins/libnlmeans.so" to "$ORIGIN/.."
#14 333.7 -- Installing: /opt/darkroom/lib/darktable/plugins/libcolorcontrast.so
#14 333.7 -- Set non-toolchain portion of runtime path of "/opt/darkroom/lib/darktable/plugins/libcolorcontrast.so" to "$ORIGIN/.."
#14 333.7 -- Installing: /opt/darkroom/lib/darktable/plugins/liblevels.so
#14 333.7 -- Set non-toolchain portion of runtime path of "/opt/darkroom/lib/darktable/plugins/liblevels.so" to "$ORIGIN/.."
#14 333.7 -- Installing: /opt/darkroom/lib/darktable/plugins/librgblevels.so
#14 333.7 -- Set non-toolchain portion of runtime path of "/opt/darkroom/lib/darktable/plugins/librgblevels.so" to "$ORIGIN/.."
#14 333.7 -- Installing: /opt/darkroom/lib/darktable/plugins/libcolorize.so
#14 333.7 -- Set non-toolchain portion of runtime path of "/opt/darkroom/lib/darktable/plugins/libcolorize.so" to "$ORIGIN/.."
#14 333.7 -- Installing: /opt/darkroom/lib/darktable/plugins/libinvert.so
#14 333.7 -- Set non-toolchain portion of runtime path of "/opt/darkroom/lib/darktable/plugins/libinvert.so" to "$ORIGIN/.."
#14 333.7 -- Installing: /opt/darkroom/lib/darktable/plugins/libvibrance.so
#14 333.7 -- Set non-toolchain portion of runtime path of "/opt/darkroom/lib/darktable/plugins/libvibrance.so" to "$ORIGIN/.."
#14 333.7 -- Installing: /opt/darkroom/lib/darktable/plugins/libflip.so
#14 333.7 -- Set non-toolchain portion of runtime path of "/opt/darkroom/lib/darktable/plugins/libflip.so" to "$ORIGIN/.."
#14 333.7 -- Installing: /opt/darkroom/lib/darktable/plugins/libfinalscale.so
#14 333.7 -- Set non-toolchain portion of runtime path of "/opt/darkroom/lib/darktable/plugins/libfinalscale.so" to "$ORIGIN/.."
#14 333.7 -- Installing: /opt/darkroom/lib/darktable/plugins/libglobaltonemap.so
#14 333.7 -- Set non-toolchain portion of runtime path of "/opt/darkroom/lib/darktable/plugins/libglobaltonemap.so" to "$ORIGIN/.."
#14 333.7 -- Installing: /opt/darkroom/lib/darktable/plugins/libbilat.so
#14 333.7 -- Set non-toolchain portion of runtime path of "/opt/darkroom/lib/darktable/plugins/libbilat.so" to "$ORIGIN/.."
#14 333.7 -- Installing: /opt/darkroom/lib/darktable/plugins/libdenoiseprofile.so
#14 333.7 -- Set non-toolchain portion of runtime path of "/opt/darkroom/lib/darktable/plugins/libdenoiseprofile.so" to "$ORIGIN/.."
#14 333.7 -- Installing: /opt/darkroom/lib/darktable/plugins/libdefringe.so
#14 333.7 -- Set non-toolchain portion of runtime path of "/opt/darkroom/lib/darktable/plugins/libdefringe.so" to "$ORIGIN/.."
#14 333.7 -- Installing: /opt/darkroom/lib/darktable/plugins/libashift.so
#14 333.7 -- Set non-toolchain portion of runtime path of "/opt/darkroom/lib/darktable/plugins/libashift.so" to "$ORIGIN/.."
#14 333.7 -- Installing: /opt/darkroom/lib/darktable/plugins/libhazeremoval.so
#14 333.7 -- Set non-toolchain portion of runtime path of "/opt/darkroom/lib/darktable/plugins/libhazeremoval.so" to "$ORIGIN/.."
#14 333.7 -- Installing: /opt/darkroom/lib/darktable/plugins/libfilmic.so
#14 333.7 -- Set non-toolchain portion of runtime path of "/opt/darkroom/lib/darktable/plugins/libfilmic.so" to "$ORIGIN/.."
#14 333.7 -- Installing: /opt/darkroom/lib/darktable/plugins/libmask_manager.so
#14 333.7 -- Set non-toolchain portion of runtime path of "/opt/darkroom/lib/darktable/plugins/libmask_manager.so" to "$ORIGIN/.."
#14 333.7 -- Installing: /opt/darkroom/lib/darktable/plugins/liblut3d.so
#14 333.7 -- Set non-toolchain portion of runtime path of "/opt/darkroom/lib/darktable/plugins/liblut3d.so" to "$ORIGIN/.."
#14 333.7 -- Installing: /opt/darkroom/lib/darktable/plugins/libtoneequal.so
#14 333.7 -- Set non-toolchain portion of runtime path of "/opt/darkroom/lib/darktable/plugins/libtoneequal.so" to "$ORIGIN/.."
#14 333.7 -- Installing: /opt/darkroom/lib/darktable/plugins/libfilmicrgb.so
#14 333.7 -- Set non-toolchain portion of runtime path of "/opt/darkroom/lib/darktable/plugins/libfilmicrgb.so" to "$ORIGIN/.."
#14 333.7 -- Installing: /opt/darkroom/lib/darktable/plugins/libnegadoctor.so
#14 333.7 -- Set non-toolchain portion of runtime path of "/opt/darkroom/lib/darktable/plugins/libnegadoctor.so" to "$ORIGIN/.."
#14 333.7 -- Installing: /opt/darkroom/lib/darktable/plugins/libchannelmixerrgb.so
#14 333.7 -- Set non-toolchain portion of runtime path of "/opt/darkroom/lib/darktable/plugins/libchannelmixerrgb.so" to "$ORIGIN/.."
#14 333.7 -- Installing: /opt/darkroom/lib/darktable/plugins/libcensorize.so
#14 333.7 -- Set non-toolchain portion of runtime path of "/opt/darkroom/lib/darktable/plugins/libcensorize.so" to "$ORIGIN/.."
#14 333.7 -- Installing: /opt/darkroom/lib/darktable/plugins/libcolorbalancergb.so
#14 333.7 -- Set non-toolchain portion of runtime path of "/opt/darkroom/lib/darktable/plugins/libcolorbalancergb.so" to "$ORIGIN/.."
#14 333.7 -- Installing: /opt/darkroom/lib/darktable/plugins/libcacorrectrgb.so
#14 333.7 -- Set non-toolchain portion of runtime path of "/opt/darkroom/lib/darktable/plugins/libcacorrectrgb.so" to "$ORIGIN/.."
#14 333.7 -- Installing: /opt/darkroom/lib/darktable/plugins/libdiffuse.so
#14 333.7 -- Set non-toolchain portion of runtime path of "/opt/darkroom/lib/darktable/plugins/libdiffuse.so" to "$ORIGIN/.."
#14 333.7 -- Installing: /opt/darkroom/lib/darktable/plugins/libblurs.so
#14 333.7 -- Set non-toolchain portion of runtime path of "/opt/darkroom/lib/darktable/plugins/libblurs.so" to "$ORIGIN/.."
#14 333.7 -- Installing: /opt/darkroom/lib/darktable/plugins/libsigmoid.so
#14 333.7 -- Set non-toolchain portion of runtime path of "/opt/darkroom/lib/darktable/plugins/libsigmoid.so" to "$ORIGIN/.."
#14 333.7 -- Installing: /opt/darkroom/lib/darktable/plugins/libagx.so
#14 333.7 -- Set non-toolchain portion of runtime path of "/opt/darkroom/lib/darktable/plugins/libagx.so" to "$ORIGIN/.."
#14 333.7 -- Installing: /opt/darkroom/lib/darktable/plugins/libprimaries.so
#14 333.7 -- Set non-toolchain portion of runtime path of "/opt/darkroom/lib/darktable/plugins/libprimaries.so" to "$ORIGIN/.."
#14 333.7 -- Installing: /opt/darkroom/lib/darktable/plugins/libcolorequal.so
#14 333.7 -- Set non-toolchain portion of runtime path of "/opt/darkroom/lib/darktable/plugins/libcolorequal.so" to "$ORIGIN/.."
#14 333.7 -- Installing: /opt/darkroom/lib/darktable/plugins/librasterfile.so
#14 333.7 -- Set non-toolchain portion of runtime path of "/opt/darkroom/lib/darktable/plugins/librasterfile.so" to "$ORIGIN/.."
#14 333.7 -- Installing: /opt/darkroom/lib/darktable/plugins/libwatermark.so
#14 333.7 -- Set non-toolchain portion of runtime path of "/opt/darkroom/lib/darktable/plugins/libwatermark.so" to "$ORIGIN/.."
#14 333.7 -- Installing: /opt/darkroom/lib/darktable/plugins/liblens.so
#14 333.7 -- Set non-toolchain portion of runtime path of "/opt/darkroom/lib/darktable/plugins/liblens.so" to "$ORIGIN/.."
#14 333.7 -- Installing: /opt/darkroom/lib/darktable/plugins/imageio/format/libcopy.so
#14 333.7 -- Set non-toolchain portion of runtime path of "/opt/darkroom/lib/darktable/plugins/imageio/format/libcopy.so" to "$ORIGIN/../../.."
#14 333.7 -- Installing: /opt/darkroom/lib/darktable/plugins/imageio/format/libjpeg.so
#14 333.7 -- Set non-toolchain portion of runtime path of "/opt/darkroom/lib/darktable/plugins/imageio/format/libjpeg.so" to "$ORIGIN/../../.."
#14 333.7 -- Installing: /opt/darkroom/lib/darktable/plugins/imageio/format/libpdf.so
#14 333.7 -- Set non-toolchain portion of runtime path of "/opt/darkroom/lib/darktable/plugins/imageio/format/libpdf.so" to "$ORIGIN/../../.."
#14 333.7 -- Installing: /opt/darkroom/lib/darktable/plugins/imageio/format/libpng.so
#14 333.7 -- Set non-toolchain portion of runtime path of "/opt/darkroom/lib/darktable/plugins/imageio/format/libpng.so" to "$ORIGIN/../../.."
#14 333.7 -- Installing: /opt/darkroom/lib/darktable/plugins/imageio/format/libppm.so
#14 333.7 -- Set non-toolchain portion of runtime path of "/opt/darkroom/lib/darktable/plugins/imageio/format/libppm.so" to "$ORIGIN/../../.."
#14 333.7 -- Installing: /opt/darkroom/lib/darktable/plugins/imageio/format/libpfm.so
#14 333.7 -- Set non-toolchain portion of runtime path of "/opt/darkroom/lib/darktable/plugins/imageio/format/libpfm.so" to "$ORIGIN/../../.."
#14 333.7 -- Installing: /opt/darkroom/lib/darktable/plugins/imageio/format/libtiff.so
#14 333.7 -- Set non-toolchain portion of runtime path of "/opt/darkroom/lib/darktable/plugins/imageio/format/libtiff.so" to "$ORIGIN/../../.."
#14 333.7 -- Installing: /opt/darkroom/lib/darktable/plugins/imageio/format/libjpegxl.so
#14 333.7 -- Set non-toolchain portion of runtime path of "/opt/darkroom/lib/darktable/plugins/imageio/format/libjpegxl.so" to "$ORIGIN/../../.."
#14 333.7 -- Installing: /opt/darkroom/lib/darktable/plugins/imageio/format/libheif.so
#14 333.7 -- Set non-toolchain portion of runtime path of "/opt/darkroom/lib/darktable/plugins/imageio/format/libheif.so" to "$ORIGIN/../../.."
#14 333.7 -- Installing: /opt/darkroom/lib/darktable/plugins/imageio/format/libwebp.so
#14 333.7 -- Set non-toolchain portion of runtime path of "/opt/darkroom/lib/darktable/plugins/imageio/format/libwebp.so" to "$ORIGIN/../../.."
#14 333.7 -- Installing: /opt/darkroom/lib/darktable/plugins/imageio/format/libexr.so
#14 333.7 -- Set non-toolchain portion of runtime path of "/opt/darkroom/lib/darktable/plugins/imageio/format/libexr.so" to "$ORIGIN/../../.."
#14 333.7 -- Installing: /opt/darkroom/lib/darktable/plugins/imageio/format/libj2k.so
#14 333.7 -- Set non-toolchain portion of runtime path of "/opt/darkroom/lib/darktable/plugins/imageio/format/libj2k.so" to "$ORIGIN/../../.."
#14 333.7 -- Installing: /opt/darkroom/lib/darktable/plugins/imageio/format/libavif.so
#14 333.7 -- Set non-toolchain portion of runtime path of "/opt/darkroom/lib/darktable/plugins/imageio/format/libavif.so" to "$ORIGIN/../../.."
#14 333.7 -- Installing: /opt/darkroom/lib/darktable/plugins/imageio/format/libxcf.so
#14 333.7 -- Set non-toolchain portion of runtime path of "/opt/darkroom/lib/darktable/plugins/imageio/format/libxcf.so" to "$ORIGIN/../../.."
#14 333.7 -- Installing: /opt/darkroom/lib/darktable/plugins/imageio/storage/libdisk.so
#14 333.7 -- Set non-toolchain portion of runtime path of "/opt/darkroom/lib/darktable/plugins/imageio/storage/libdisk.so" to "$ORIGIN/../../.."
#14 333.7 -- Installing: /opt/darkroom/lib/darktable/plugins/imageio/storage/libemail.so
#14 333.7 -- Set non-toolchain portion of runtime path of "/opt/darkroom/lib/darktable/plugins/imageio/storage/libemail.so" to "$ORIGIN/../../.."
#14 333.7 -- Installing: /opt/darkroom/lib/darktable/plugins/imageio/storage/libgallery.so
#14 333.7 -- Set non-toolchain portion of runtime path of "/opt/darkroom/lib/darktable/plugins/imageio/storage/libgallery.so" to "$ORIGIN/../../.."
#14 333.7 -- Installing: /opt/darkroom/lib/darktable/plugins/imageio/storage/liblatex.so
#14 333.7 -- Set non-toolchain portion of runtime path of "/opt/darkroom/lib/darktable/plugins/imageio/storage/liblatex.so" to "$ORIGIN/../../.."
#14 333.7 -- Installing: /opt/darkroom/lib/darktable/plugins/imageio/storage/libpiwigo.so
#14 333.7 -- Set non-toolchain portion of runtime path of "/opt/darkroom/lib/darktable/plugins/imageio/storage/libpiwigo.so" to "$ORIGIN/../../.."
#14 333.7 -- Installing: /opt/darkroom/bin/darktable-cltest
#14 333.7 -- Set non-toolchain portion of runtime path of "/opt/darkroom/bin/darktable-cltest" to "$ORIGIN/../lib/darktable"
#14 333.7 -- Installing: /opt/darkroom/bin/darktable-cli
#14 333.7 -- Set non-toolchain portion of runtime path of "/opt/darkroom/bin/darktable-cli" to "$ORIGIN/../lib/darktable"
#14 333.7 -- Installing: /opt/darkroom/bin/darktable-generate-cache
#14 333.7 -- Set non-toolchain portion of runtime path of "/opt/darkroom/bin/darktable-generate-cache" to "$ORIGIN/../lib/darktable"
#14 333.7 -- Installing: /opt/darkroom/bin/darktable-cmstest
#14 333.7 -- Installing: /opt/darkroom/bin/darktable-chart
#14 333.7 -- Set non-toolchain portion of runtime path of "/opt/darkroom/bin/darktable-chart" to "$ORIGIN/../lib/darktable"
#14 333.7 -- Installing: /opt/darkroom/bin/darktable
#14 333.7 -- Set non-toolchain portion of runtime path of "/opt/darkroom/bin/darktable" to "$ORIGIN/../lib/darktable"
#14 333.7 -- Installing: /opt/darkroom/share/icons/hicolor/16x16/apps/darktable.png
#14 333.7 -- Installing: /opt/darkroom/share/icons/hicolor/22x22/apps/darktable.png
#14 333.7 -- Installing: /opt/darkroom/share/icons/hicolor/24x24/apps/darktable.png
#14 333.7 -- Installing: /opt/darkroom/share/icons/hicolor/32x32/apps/darktable.png
#14 333.7 -- Installing: /opt/darkroom/share/icons/hicolor/48x48/apps/darktable.png
#14 333.7 -- Installing: /opt/darkroom/share/icons/hicolor/64x64/apps/darktable.png
#14 333.7 -- Installing: /opt/darkroom/share/icons/hicolor/256x256/apps/darktable.png
#14 333.7 -- Installing: /opt/darkroom/share/icons/hicolor/scalable/apps/darktable-1.svg
#14 333.7 -- Installing: /opt/darkroom/share/icons/hicolor/scalable/apps/darktable-2.svg
#14 333.7 -- Installing: /opt/darkroom/share/icons/hicolor/scalable/apps/darktable-3.svg
#14 333.7 -- Installing: /opt/darkroom/share/icons/hicolor/scalable/apps/darktable.svg
#14 333.7 -- Installing: /opt/darkroom/share/icons/hicolor/scalable/apps/darktable_macos_icon.svg
#14 333.7 -- Installing: /opt/darkroom/share/darktable/pixmaps/plugins/darkroom/ashift.png
#14 333.7 -- Installing: /opt/darkroom/share/darktable/pixmaps/plugins/darkroom/ashift.svg
#14 333.7 -- Installing: /opt/darkroom/share/darktable/pixmaps/plugins/darkroom/atrous.png
#14 333.7 -- Installing: /opt/darkroom/share/darktable/pixmaps/plugins/darkroom/atrous.svg
#14 333.7 -- Installing: /opt/darkroom/share/darktable/pixmaps/plugins/darkroom/basecurve.png
#14 333.7 -- Installing: /opt/darkroom/share/darktable/pixmaps/plugins/darkroom/basecurve.svg
#14 333.7 -- Installing: /opt/darkroom/share/darktable/pixmaps/plugins/darkroom/bilateral.png
#14 333.7 -- Installing: /opt/darkroom/share/darktable/pixmaps/plugins/darkroom/bilateral.svg
#14 333.7 -- Installing: /opt/darkroom/share/darktable/pixmaps/plugins/darkroom/bloom.png
#14 333.7 -- Installing: /opt/darkroom/share/darktable/pixmaps/plugins/darkroom/bloom.svg
#14 333.7 -- Installing: /opt/darkroom/share/darktable/pixmaps/plugins/darkroom/borders.png
#14 333.7 -- Installing: /opt/darkroom/share/darktable/pixmaps/plugins/darkroom/borders.svg
#14 333.7 -- Installing: /opt/darkroom/share/darktable/pixmaps/plugins/darkroom/cacorrect.png
#14 333.7 -- Installing: /opt/darkroom/share/darktable/pixmaps/plugins/darkroom/cacorrect.svg
#14 333.7 -- Installing: /opt/darkroom/share/darktable/pixmaps/plugins/darkroom/channelmixer.png
#14 333.7 -- Installing: /opt/darkroom/share/darktable/pixmaps/plugins/darkroom/channelmixer.svg
#14 333.7 -- Installing: /opt/darkroom/share/darktable/pixmaps/plugins/darkroom/clahe.png
#14 333.7 -- Installing: /opt/darkroom/share/darktable/pixmaps/plugins/darkroom/clahe.svg
#14 333.7 -- Installing: /opt/darkroom/share/darktable/pixmaps/plugins/darkroom/clipping.png
#14 333.7 -- Installing: /opt/darkroom/share/darktable/pixmaps/plugins/darkroom/clipping.svg
#14 333.7 -- Installing: /opt/darkroom/share/darktable/pixmaps/plugins/darkroom/colisa.png
#14 333.7 -- Installing: /opt/darkroom/share/darktable/pixmaps/plugins/darkroom/colisa.svg
#14 333.7 -- Installing: /opt/darkroom/share/darktable/pixmaps/plugins/darkroom/colorcorrection.png
#14 333.7 -- Installing: /opt/darkroom/share/darktable/pixmaps/plugins/darkroom/colorcorrection.svg
#14 333.7 -- Installing: /opt/darkroom/share/darktable/pixmaps/plugins/darkroom/colorin.png
#14 333.7 -- Installing: /opt/darkroom/share/darktable/pixmaps/plugins/darkroom/colorin.svg
#14 333.7 -- Installing: /opt/darkroom/share/darktable/pixmaps/plugins/darkroom/colormapping.png
#14 333.7 -- Installing: /opt/darkroom/share/darktable/pixmaps/plugins/darkroom/colormapping.svg
#14 333.7 -- Installing: /opt/darkroom/share/darktable/pixmaps/plugins/darkroom/colorout.png
#14 333.7 -- Installing: /opt/darkroom/share/darktable/pixmaps/plugins/darkroom/colorout.svg
#14 333.7 -- Installing: /opt/darkroom/share/darktable/pixmaps/plugins/darkroom/colorreconstruct.png
#14 333.7 -- Installing: /opt/darkroom/share/darktable/pixmaps/plugins/darkroom/colorreconstruct.svg
#14 333.7 -- Installing: /opt/darkroom/share/darktable/pixmaps/plugins/darkroom/colortransfer.png
#14 333.7 -- Installing: /opt/darkroom/share/darktable/pixmaps/plugins/darkroom/colortransfer.svg
#14 333.7 -- Installing: /opt/darkroom/share/darktable/pixmaps/plugins/darkroom/colorzones.png
#14 333.8 -- Installing: /opt/darkroom/share/darktable/pixmaps/plugins/darkroom/colorzones.svg
#14 333.8 -- Installing: /opt/darkroom/share/darktable/pixmaps/plugins/darkroom/default.svg
#14 333.8 -- Installing: /opt/darkroom/share/darktable/pixmaps/plugins/darkroom/demosaic.png
#14 333.8 -- Installing: /opt/darkroom/share/darktable/pixmaps/plugins/darkroom/demosaic.svg
#14 333.8 -- Installing: /opt/darkroom/share/darktable/pixmaps/plugins/darkroom/dither.png
#14 333.8 -- Installing: /opt/darkroom/share/darktable/pixmaps/plugins/darkroom/dither.svg
#14 333.8 -- Installing: /opt/darkroom/share/darktable/pixmaps/plugins/darkroom/exposure.png
#14 333.8 -- Installing: /opt/darkroom/share/darktable/pixmaps/plugins/darkroom/exposure.svg
#14 333.8 -- Installing: /opt/darkroom/share/darktable/pixmaps/plugins/darkroom/flip.png
#14 333.8 -- Installing: /opt/darkroom/share/darktable/pixmaps/plugins/darkroom/flip.svg
#14 333.8 -- Installing: /opt/darkroom/share/darktable/pixmaps/plugins/darkroom/graduatednd.png
#14 333.8 -- Installing: /opt/darkroom/share/darktable/pixmaps/plugins/darkroom/graduatednd.svg
#14 333.8 -- Installing: /opt/darkroom/share/darktable/pixmaps/plugins/darkroom/grain.png
#14 333.8 -- Installing: /opt/darkroom/share/darktable/pixmaps/plugins/darkroom/grain.svg
#14 333.8 -- Installing: /opt/darkroom/share/darktable/pixmaps/plugins/darkroom/hazeremoval.png
#14 333.8 -- Installing: /opt/darkroom/share/darktable/pixmaps/plugins/darkroom/hazeremoval.svg
#14 333.8 -- Installing: /opt/darkroom/share/darktable/pixmaps/plugins/darkroom/highlights.png
#14 333.8 -- Installing: /opt/darkroom/share/darktable/pixmaps/plugins/darkroom/highlights.svg
#14 333.8 -- Installing: /opt/darkroom/share/darktable/pixmaps/plugins/darkroom/highpass.png
#14 333.8 -- Installing: /opt/darkroom/share/darktable/pixmaps/plugins/darkroom/highpass.svg
#14 333.8 -- Installing: /opt/darkroom/share/darktable/pixmaps/plugins/darkroom/hotpixels.png
#14 333.8 -- Installing: /opt/darkroom/share/darktable/pixmaps/plugins/darkroom/hotpixels.svg
#14 333.8 -- Installing: /opt/darkroom/share/darktable/pixmaps/plugins/darkroom/invert.png
#14 333.8 -- Installing: /opt/darkroom/share/darktable/pixmaps/plugins/darkroom/invert.svg
#14 333.8 -- Installing: /opt/darkroom/share/darktable/pixmaps/plugins/darkroom/lens.png
#14 333.8 -- Installing: /opt/darkroom/share/darktable/pixmaps/plugins/darkroom/lens.svg
#14 333.8 -- Installing: /opt/darkroom/share/darktable/pixmaps/plugins/darkroom/levels.png
#14 333.8 -- Installing: /opt/darkroom/share/darktable/pixmaps/plugins/darkroom/levels.svg
#14 333.8 -- Installing: /opt/darkroom/share/darktable/pixmaps/plugins/darkroom/liquify.png
#14 333.8 -- Installing: /opt/darkroom/share/darktable/pixmaps/plugins/darkroom/liquify.svg
#14 333.8 -- Installing: /opt/darkroom/share/darktable/pixmaps/plugins/darkroom/lowlight.png
#14 333.8 -- Installing: /opt/darkroom/share/darktable/pixmaps/plugins/darkroom/lowlight.svg
#14 333.8 -- Installing: /opt/darkroom/share/darktable/pixmaps/plugins/darkroom/lowpass.png
#14 333.8 -- Installing: /opt/darkroom/share/darktable/pixmaps/plugins/darkroom/lowpass.svg
#14 333.8 -- Installing: /opt/darkroom/share/darktable/pixmaps/plugins/darkroom/monochrome.png
#14 333.8 -- Installing: /opt/darkroom/share/darktable/pixmaps/plugins/darkroom/monochrome.svg
#14 333.8 -- Installing: /opt/darkroom/share/darktable/pixmaps/plugins/darkroom/nlmeans.png
#14 333.8 -- Installing: /opt/darkroom/share/darktable/pixmaps/plugins/darkroom/nlmeans.svg
#14 333.8 -- Installing: /opt/darkroom/share/darktable/pixmaps/plugins/darkroom/overexposed.png
#14 333.8 -- Installing: /opt/darkroom/share/darktable/pixmaps/plugins/darkroom/overexposed.svg
#14 333.8 -- Installing: /opt/darkroom/share/darktable/pixmaps/plugins/darkroom/profile_gamma.png
#14 333.8 -- Installing: /opt/darkroom/share/darktable/pixmaps/plugins/darkroom/profile_gamma.svg
#14 333.8 -- Installing: /opt/darkroom/share/darktable/pixmaps/plugins/darkroom/rawdenoise.png
#14 333.8 -- Installing: /opt/darkroom/share/darktable/pixmaps/plugins/darkroom/rawdenoise.svg
#14 333.8 -- Installing: /opt/darkroom/share/darktable/pixmaps/plugins/darkroom/rawimport.png
#14 333.8 -- Installing: /opt/darkroom/share/darktable/pixmaps/plugins/darkroom/rawimport.svg
#14 333.8 -- Installing: /opt/darkroom/share/darktable/pixmaps/plugins/darkroom/rawprepare.png
#14 333.8 -- Installing: /opt/darkroom/share/darktable/pixmaps/plugins/darkroom/rawprepare.svg
#14 333.8 -- Installing: /opt/darkroom/share/darktable/pixmaps/plugins/darkroom/relight.png
#14 333.8 -- Installing: /opt/darkroom/share/darktable/pixmaps/plugins/darkroom/relight.svg
#14 333.8 -- Installing: /opt/darkroom/share/darktable/pixmaps/plugins/darkroom/shadhi.png
#14 333.8 -- Installing: /opt/darkroom/share/darktable/pixmaps/plugins/darkroom/shadhi.svg
#14 333.8 -- Installing: /opt/darkroom/share/darktable/pixmaps/plugins/darkroom/sharpen.png
#14 333.8 -- Installing: /opt/darkroom/share/darktable/pixmaps/plugins/darkroom/sharpen.svg
#14 333.8 -- Installing: /opt/darkroom/share/darktable/pixmaps/plugins/darkroom/soften.png
#14 333.8 -- Installing: /opt/darkroom/share/darktable/pixmaps/plugins/darkroom/soften.svg
#14 333.8 -- Installing: /opt/darkroom/share/darktable/pixmaps/plugins/darkroom/splittoning.png
#14 333.8 -- Installing: /opt/darkroom/share/darktable/pixmaps/plugins/darkroom/splittoning.svg
#14 333.8 -- Installing: /opt/darkroom/share/darktable/pixmaps/plugins/darkroom/spots.png
#14 333.8 -- Installing: /opt/darkroom/share/darktable/pixmaps/plugins/darkroom/spots.svg
#14 333.8 -- Installing: /opt/darkroom/share/darktable/pixmaps/plugins/darkroom/temperature.png
#14 333.8 -- Installing: /opt/darkroom/share/darktable/pixmaps/plugins/darkroom/temperature.svg
#14 333.8 -- Installing: /opt/darkroom/share/darktable/pixmaps/plugins/darkroom/template.png
#14 333.8 -- Installing: /opt/darkroom/share/darktable/pixmaps/plugins/darkroom/template.svg
#14 333.8 -- Installing: /opt/darkroom/share/darktable/pixmaps/plugins/darkroom/tonecurve.png
#14 333.8 -- Installing: /opt/darkroom/share/darktable/pixmaps/plugins/darkroom/tonecurve.svg
#14 333.8 -- Installing: /opt/darkroom/share/darktable/pixmaps/plugins/darkroom/tonemap.png
#14 333.8 -- Installing: /opt/darkroom/share/darktable/pixmaps/plugins/darkroom/tonemap.svg
#14 333.8 -- Installing: /opt/darkroom/share/darktable/pixmaps/plugins/darkroom/velvia.png
#14 333.8 -- Installing: /opt/darkroom/share/darktable/pixmaps/plugins/darkroom/velvia.svg
#14 333.8 -- Installing: /opt/darkroom/share/darktable/pixmaps/plugins/darkroom/vignette.png
#14 333.8 -- Installing: /opt/darkroom/share/darktable/pixmaps/plugins/darkroom/vignette.svg
#14 333.8 -- Installing: /opt/darkroom/share/darktable/pixmaps/plugins/darkroom/watermark.png
#14 333.8 -- Installing: /opt/darkroom/share/darktable/pixmaps/plugins/darkroom/watermark.svg
#14 333.8 -- Installing: /opt/darkroom/share/darktable/pixmaps/plugins/darkroom/zonesystem.png
#14 333.8 -- Installing: /opt/darkroom/share/darktable/pixmaps/plugins/darkroom/zonesystem.svg
#14 333.8 -- Installing: /opt/darkroom/share/darktable/pixmaps/darktable.svg
#14 333.8 -- Installing: /opt/darkroom/share/darktable/pixmaps/dt_logo_128x128.png
#14 333.8 -- Installing: /opt/darkroom/share/darktable/pixmaps/dt_text.svg
#14 333.8 -- Installing: /opt/darkroom/share/darktable/pixmaps/idbutton-1.png
#14 333.8 -- Installing: /opt/darkroom/share/darktable/pixmaps/idbutton-1.svg
#14 333.8 -- Installing: /opt/darkroom/share/darktable/pixmaps/idbutton-2.png
#14 333.8 -- Installing: /opt/darkroom/share/darktable/pixmaps/idbutton-2.svg
#14 333.8 -- Installing: /opt/darkroom/share/darktable/pixmaps/idbutton-3.png
#14 333.8 -- Installing: /opt/darkroom/share/darktable/pixmaps/idbutton-3.svg
#14 333.8 -- Installing: /opt/darkroom/share/darktable/pixmaps/idbutton.png
#14 333.8 -- Installing: /opt/darkroom/share/darktable/pixmaps/idbutton.svg
#14 333.8 -- Installing: /opt/darkroom/share/darktable/pixmaps/macos_install_background.svg
#14 333.8 -- Installing: /opt/darkroom/share/darktable/pixmaps/splashscreen-01.jpg
#14 333.8 -- Installing: /opt/darkroom/share/darktable/pixmaps/splashscreen-02.jpg
#14 333.8 -- Installing: /opt/darkroom/share/darktable/pixmaps/splashscreen-03.jpg
#14 333.8 -- Installing: /opt/darkroom/share/darktable/pixmaps/splashscreen-04.jpg
#14 333.8 -- Installing: /opt/darkroom/share/darktable/pixmaps/splashscreen.png
#14 333.8 -- Installing: /opt/darkroom/share/darktable/styles/darktable_Canon_EOS 10D.dtstyle
#14 333.8 -- Installing: /opt/darkroom/share/darktable/styles/darktable_Canon_EOS 1100D.dtstyle
#14 333.8 -- Installing: /opt/darkroom/share/darktable/styles/darktable_Canon_EOS 2000D.dtstyle
#14 333.8 -- Installing: /opt/darkroom/share/darktable/styles/darktable_Canon_EOS 4000D.dtstyle
#14 333.8 -- Installing: /opt/darkroom/share/darktable/styles/darktable_Canon_EOS 5D Mark II.dtstyle
#14 333.8 -- Installing: /opt/darkroom/share/darktable/styles/darktable_Canon_EOS 5D Mark III.dtstyle
#14 333.8 -- Installing: /opt/darkroom/share/darktable/styles/darktable_Canon_EOS 5D Mark IV.dtstyle
#14 333.8 -- Installing: /opt/darkroom/share/darktable/styles/darktable_Canon_EOS 5D.dtstyle
#14 333.8 -- Installing: /opt/darkroom/share/darktable/styles/darktable_Canon_EOS 60D.dtstyle
#14 333.8 -- Installing: /opt/darkroom/share/darktable/styles/darktable_Canon_EOS 6D.dtstyle
#14 333.8 -- Installing: /opt/darkroom/share/darktable/styles/darktable_Canon_EOS 70D.dtstyle
#14 333.8 -- Installing: /opt/darkroom/share/darktable/styles/darktable_Canon_EOS 7D Mark II.dtstyle
#14 333.8 -- Installing: /opt/darkroom/share/darktable/styles/darktable_Canon_EOS 7D.dtstyle
#14 333.8 -- Installing: /opt/darkroom/share/darktable/styles/darktable_Canon_EOS 80D.dtstyle
#14 333.8 -- Installing: /opt/darkroom/share/darktable/styles/darktable_Canon_EOS D30.dtstyle
#14 333.8 -- Installing: /opt/darkroom/share/darktable/styles/darktable_Canon_EOS Digital Rebel XT.dtstyle
#14 333.8 -- Installing: /opt/darkroom/share/darktable/styles/darktable_Canon_EOS Kiss Digital N.dtstyle
#14 333.8 -- Installing: /opt/darkroom/share/darktable/styles/darktable_Canon_EOS Kiss M.dtstyle
#14 333.8 -- Installing: /opt/darkroom/share/darktable/styles/darktable_Canon_EOS Kiss X3.dtstyle
#14 333.8 -- Installing: /opt/darkroom/share/darktable/styles/darktable_Canon_EOS M.dtstyle
#14 333.8 -- Installing: /opt/darkroom/share/darktable/styles/darktable_Canon_EOS M10.dtstyle
#14 333.8 -- Installing: /opt/darkroom/share/darktable/styles/darktable_Canon_EOS M2.dtstyle
#14 333.8 -- Installing: /opt/darkroom/share/darktable/styles/darktable_Canon_EOS M3.dtstyle
#14 333.8 -- Installing: /opt/darkroom/share/darktable/styles/darktable_Canon_EOS M50 Mark II.dtstyle
#14 333.8 -- Installing: /opt/darkroom/share/darktable/styles/darktable_Canon_EOS M50.dtstyle
#14 333.8 -- Installing: /opt/darkroom/share/darktable/styles/darktable_Canon_EOS M6.dtstyle
#14 333.8 -- Installing: /opt/darkroom/share/darktable/styles/darktable_Canon_EOS R-series.dtstyle
#14 333.8 -- Installing: /opt/darkroom/share/darktable/styles/darktable_Canon_EOS R3.dtstyle
#14 333.8 -- Installing: /opt/darkroom/share/darktable/styles/darktable_Canon_EOS R50.dtstyle
#14 333.8 -- Installing: /opt/darkroom/share/darktable/styles/darktable_Canon_EOS R6 Mark II.dtstyle
#14 333.8 -- Installing: /opt/darkroom/share/darktable/styles/darktable_Canon_EOS R6.dtstyle
#14 333.8 -- Installing: /opt/darkroom/share/darktable/styles/darktable_Canon_EOS R7.dtstyle
#14 333.8 -- Installing: /opt/darkroom/share/darktable/styles/darktable_Canon_EOS RP.dtstyle
#14 333.8 -- Installing: /opt/darkroom/share/darktable/styles/darktable_Canon_EOS Rebel SL1.dtstyle
#14 333.8 -- Installing: /opt/darkroom/share/darktable/styles/darktable_Canon_EOS Rebel T3.dtstyle
#14 333.8 -- Installing: /opt/darkroom/share/darktable/styles/darktable_Canon_EOS Rebel T5.dtstyle
#14 333.8 -- Installing: /opt/darkroom/share/darktable/styles/darktable_Canon_EOS Rebel T_ series.dtstyle
#14 333.8 -- Installing: /opt/darkroom/share/darktable/styles/darktable_Canon_EOS _200D Mark II,250D_.dtstyle
#14 333.8 -- Installing: /opt/darkroom/share/darktable/styles/darktable_Canon_EOS-1D Mark II.dtstyle
#14 333.8 -- Installing: /opt/darkroom/share/darktable/styles/darktable_Canon_EOS-1D Mark IV.dtstyle
#14 333.8 -- Installing: /opt/darkroom/share/darktable/styles/darktable_Canon_EOS-1D X Mark _II,III_.dtstyle
#14 333.8 -- Installing: /opt/darkroom/share/darktable/styles/darktable_Canon_EOS-1D X.dtstyle
#14 333.8 -- Installing: /opt/darkroom/share/darktable/styles/darktable_Canon_PowerShot G1.dtstyle
#14 333.8 -- Installing: /opt/darkroom/share/darktable/styles/darktable_Canon_PowerShot G10.dtstyle
#14 333.8 -- Installing: /opt/darkroom/share/darktable/styles/darktable_Canon_PowerShot G11.dtstyle
#14 333.8 -- Installing: /opt/darkroom/share/darktable/styles/darktable_Canon_PowerShot G15.dtstyle
#14 333.8 -- Installing: /opt/darkroom/share/darktable/styles/darktable_Canon_PowerShot G16.dtstyle
#14 333.8 -- Installing: /opt/darkroom/share/darktable/styles/darktable_Canon_PowerShot G2.dtstyle
#14 333.8 -- Installing: /opt/darkroom/share/darktable/styles/darktable_Canon_PowerShot G3.dtstyle
#14 333.8 -- Installing: /opt/darkroom/share/darktable/styles/darktable_Canon_PowerShot G5 X Mark II.dtstyle
#14 333.8 -- Installing: /opt/darkroom/share/darktable/styles/darktable_Canon_PowerShot G5 X.dtstyle
#14 333.8 -- Installing: /opt/darkroom/share/darktable/styles/darktable_Canon_PowerShot G5.dtstyle
#14 333.8 -- Installing: /opt/darkroom/share/darktable/styles/darktable_Canon_PowerShot G6.dtstyle
#14 333.8 -- Installing: /opt/darkroom/share/darktable/styles/darktable_Canon_PowerShot G7 X Mark III.dtstyle
#14 333.8 -- Installing: /opt/darkroom/share/darktable/styles/darktable_Canon_PowerShot G9 X Mark II.dtstyle
#14 333.8 -- Installing: /opt/darkroom/share/darktable/styles/darktable_Canon_PowerShot G9.dtstyle
#14 333.8 -- Installing: /opt/darkroom/share/darktable/styles/darktable_Canon_PowerShot S110.dtstyle
#14 333.8 -- Installing: /opt/darkroom/share/darktable/styles/darktable_Canon_PowerShot S95.dtstyle
#14 333.8 -- Installing: /opt/darkroom/share/darktable/styles/darktable_Canon_PowerShot SX70 HS.dtstyle
#14 333.8 -- Installing: /opt/darkroom/share/darktable/styles/darktable_Canon__l10n_generic.dtstyle
#14 333.8 -- Installing: /opt/darkroom/share/darktable/styles/darktable_DJI_DJI Osmo Action.dtstyle
#14 333.8 -- Installing: /opt/darkroom/share/darktable/styles/darktable_DJI_FC350.dtstyle
#14 333.8 -- Installing: /opt/darkroom/share/darktable/styles/darktable_DJI_FC7303.dtstyle
#14 333.8 -- Installing: /opt/darkroom/share/darktable/styles/darktable_Epson_R-D1.dtstyle
#14 333.8 -- Installing: /opt/darkroom/share/darktable/styles/darktable_Epson_R-D1x.dtstyle
#14 333.8 -- Installing: /opt/darkroom/share/darktable/styles/darktable_Fujifilm_FinePix E550.dtstyle
#14 333.8 -- Installing: /opt/darkroom/share/darktable/styles/darktable_Fujifilm_FinePix E900.dtstyle
#14 333.8 -- Installing: /opt/darkroom/share/darktable/styles/darktable_Fujifilm_FinePix F600EXR.dtstyle
#14 333.8 -- Installing: /opt/darkroom/share/darktable/styles/darktable_Fujifilm_FinePix F770EXR.dtstyle
#14 333.8 -- Installing: /opt/darkroom/share/darktable/styles/darktable_Fujifilm_FinePix HS30EXR.dtstyle
#14 333.8 -- Installing: /opt/darkroom/share/darktable/styles/darktable_Fujifilm_FinePix S5000.dtstyle
#14 333.8 -- Installing: /opt/darkroom/share/darktable/styles/darktable_Fujifilm_FinePix S5Pro.dtstyle
#14 333.8 -- Installing: /opt/darkroom/share/darktable/styles/darktable_Fujifilm_FinePix S6000fd.dtstyle
#14 333.8 -- Installing: /opt/darkroom/share/darktable/styles/darktable_Fujifilm_FinePix X10.dtstyle
#14 333.8 -- Installing: /opt/darkroom/share/darktable/styles/darktable_Fujifilm_FinePix X100.dtstyle
#14 333.8 -- Installing: /opt/darkroom/share/darktable/styles/darktable_Fujifilm_GFX 100.dtstyle
#14 333.8 -- Installing: /opt/darkroom/share/darktable/styles/darktable_Fujifilm_GFX 50R.dtstyle
#14 333.8 -- Installing: /opt/darkroom/share/darktable/styles/darktable_Fujifilm_GFX 50S.dtstyle
#14 333.8 -- Installing: /opt/darkroom/share/darktable/styles/darktable_Fujifilm_GFX100 II.dtstyle
#14 333.8 -- Installing: /opt/darkroom/share/darktable/styles/darktable_Fujifilm_X-A1.dtstyle
#14 333.8 -- Installing: /opt/darkroom/share/darktable/styles/darktable_Fujifilm_X-A2.dtstyle
#14 333.8 -- Installing: /opt/darkroom/share/darktable/styles/darktable_Fujifilm_X-A5.dtstyle
#14 333.8 -- Installing: /opt/darkroom/share/darktable/styles/darktable_Fujifilm_X-A_ series.dtstyle
#14 333.8 -- Installing: /opt/darkroom/share/darktable/styles/darktable_Fujifilm_X-E1.dtstyle
#14 333.8 -- Installing: /opt/darkroom/share/darktable/styles/darktable_Fujifilm_X-E_ series.dtstyle
#14 333.8 -- Installing: /opt/darkroom/share/darktable/styles/darktable_Fujifilm_X-H_ series.dtstyle
#14 333.8 -- Installing: /opt/darkroom/share/darktable/styles/darktable_Fujifilm_X-M1.dtstyle
#14 333.8 -- Installing: /opt/darkroom/share/darktable/styles/darktable_Fujifilm_X-Pro1.dtstyle
#14 333.8 -- Installing: /opt/darkroom/share/darktable/styles/darktable_Fujifilm_X-Pro_ series.dtstyle
#14 333.8 -- Installing: /opt/darkroom/share/darktable/styles/darktable_Fujifilm_X-S1.dtstyle
#14 333.8 -- Installing: /opt/darkroom/share/darktable/styles/darktable_Fujifilm_X-S10.dtstyle
#14 333.8 -- Installing: /opt/darkroom/share/darktable/styles/darktable_Fujifilm_X-S20.dtstyle
#14 333.8 -- Installing: /opt/darkroom/share/darktable/styles/darktable_Fujifilm_X-T10.dtstyle
#14 333.8 -- Installing: /opt/darkroom/share/darktable/styles/darktable_Fujifilm_X-T100.dtstyle
#14 333.8 -- Installing: /opt/darkroom/share/darktable/styles/darktable_Fujifilm_X-T2.dtstyle
#14 333.8 -- Installing: /opt/darkroom/share/darktable/styles/darktable_Fujifilm_X-T3.dtstyle
#14 333.8 -- Installing: /opt/darkroom/share/darktable/styles/darktable_Fujifilm_X-T5.dtstyle
#14 333.8 -- Installing: /opt/darkroom/share/darktable/styles/darktable_Fujifilm_X100F.dtstyle
#14 333.8 -- Installing: /opt/darkroom/share/darktable/styles/darktable_Fujifilm_X100S.dtstyle
#14 333.8 -- Installing: /opt/darkroom/share/darktable/styles/darktable_Fujifilm_X100T.dtstyle
#14 333.8 -- Installing: /opt/darkroom/share/darktable/styles/darktable_Fujifilm_X100V.dtstyle
#14 333.8 -- Installing: /opt/darkroom/share/darktable/styles/darktable_Fujifilm_X20.dtstyle
#14 333.8 -- Installing: /opt/darkroom/share/darktable/styles/darktable_Fujifilm_X30.dtstyle
#14 333.8 -- Installing: /opt/darkroom/share/darktable/styles/darktable_Fujifilm_X70.dtstyle
#14 333.8 -- Installing: /opt/darkroom/share/darktable/styles/darktable_Fujifilm_XF1.dtstyle
#14 333.8 -- Installing: /opt/darkroom/share/darktable/styles/darktable_Fujifilm_XQ1.dtstyle
#14 333.8 -- Installing: /opt/darkroom/share/darktable/styles/darktable_Fujifilm_XQ2.dtstyle
#14 333.8 -- Installing: /opt/darkroom/share/darktable/styles/darktable_Fujifilm__l10n_generic.dtstyle
#14 333.8 -- Installing: /opt/darkroom/share/darktable/styles/darktable_Hasselblad_CFV.dtstyle
#14 333.8 -- Installing: /opt/darkroom/share/darktable/styles/darktable_Hasselblad_H3D.dtstyle
#14 333.8 -- Installing: /opt/darkroom/share/darktable/styles/darktable_Hasselblad_X1D.dtstyle
#14 333.8 -- Installing: /opt/darkroom/share/darktable/styles/darktable_Hasselblad__l10n_generic.dtstyle
#14 333.8 -- Installing: /opt/darkroom/share/darktable/styles/darktable_Leaf_Credo 40.dtstyle
#14 333.8 -- Installing: /opt/darkroom/share/darktable/styles/darktable_Leica_C (Typ 112).dtstyle
#14 333.8 -- Installing: /opt/darkroom/share/darktable/styles/darktable_Leica_C-Lux.dtstyle
#14 333.8 -- Installing: /opt/darkroom/share/darktable/styles/darktable_Leica_D-LUX (Typ 109).dtstyle
#14 333.8 -- Installing: /opt/darkroom/share/darktable/styles/darktable_Leica_D-LUX 5.dtstyle
#14 333.8 -- Installing: /opt/darkroom/share/darktable/styles/darktable_Leica_D-LUX 6.dtstyle
#14 333.8 -- Installing: /opt/darkroom/share/darktable/styles/darktable_Leica_D-Lux 7.dtstyle
#14 333.8 -- Installing: /opt/darkroom/share/darktable/styles/darktable_Leica_M Monochrom (Typ 246).dtstyle
#14 333.8 -- Installing: /opt/darkroom/share/darktable/styles/darktable_Leica_M9.dtstyle
#14 333.8 -- Installing: /opt/darkroom/share/darktable/styles/darktable_Leica_Q (Typ 116).dtstyle
#14 333.8 -- Installing: /opt/darkroom/share/darktable/styles/darktable_Leica_Q2.dtstyle
#14 333.8 -- Installing: /opt/darkroom/share/darktable/styles/darktable_Leica_SL (Typ 601).dtstyle
#14 333.8 -- Installing: /opt/darkroom/share/darktable/styles/darktable_Leica_V-LUX (Typ 114).dtstyle
#14 333.8 -- Installing: /opt/darkroom/share/darktable/styles/darktable_Leica_V-Lux 4.dtstyle
#14 333.8 -- Installing: /opt/darkroom/share/darktable/styles/darktable_Leica_X2.dtstyle
#14 333.8 -- Installing: /opt/darkroom/share/darktable/styles/darktable_Minolta_A2.dtstyle
#14 333.8 -- Installing: /opt/darkroom/share/darktable/styles/darktable_Minolta_DiMAGE 7.dtstyle
#14 333.8 -- Installing: /opt/darkroom/share/darktable/styles/darktable_Minolta_DiMAGE 7Hi.dtstyle
#14 333.8 -- Installing: /opt/darkroom/share/darktable/styles/darktable_Minolta_DiMAGE 7i.dtstyle
#14 333.8 -- Installing: /opt/darkroom/share/darktable/styles/darktable_Minolta_DiMAGE A1.dtstyle
#14 333.8 -- Installing: /opt/darkroom/share/darktable/styles/darktable_Minolta_DiMAGE A200.dtstyle
#14 333.8 -- Installing: /opt/darkroom/share/darktable/styles/darktable_Minolta_Dynax 5D.dtstyle
#14 333.8 -- Installing: /opt/darkroom/share/darktable/styles/darktable_Minolta_Dynax 7D.dtstyle
#14 333.8 -- Installing: /opt/darkroom/share/darktable/styles/darktable_Minolta_Maxxum 7D.dtstyle
#14 333.8 -- Installing: /opt/darkroom/share/darktable/styles/darktable_Nikon_1 AW1.dtstyle
#14 333.8 -- Installing: /opt/darkroom/share/darktable/styles/darktable_Nikon_1 J1.dtstyle
#14 333.8 -- Installing: /opt/darkroom/share/darktable/styles/darktable_Nikon_1 J2.dtstyle
#14 333.8 -- Installing: /opt/darkroom/share/darktable/styles/darktable_Nikon_1 J3.dtstyle
#14 333.8 -- Installing: /opt/darkroom/share/darktable/styles/darktable_Nikon_1 J4.dtstyle
#14 333.8 -- Installing: /opt/darkroom/share/darktable/styles/darktable_Nikon_1 J5.dtstyle
#14 333.8 -- Installing: /opt/darkroom/share/darktable/styles/darktable_Nikon_1 S1.dtstyle
#14 333.8 -- Installing: /opt/darkroom/share/darktable/styles/darktable_Nikon_1 V1.dtstyle
#14 333.8 -- Installing: /opt/darkroom/share/darktable/styles/darktable_Nikon_1 V2.dtstyle
#14 333.8 -- Installing: /opt/darkroom/share/darktable/styles/darktable_Nikon_1 V3.dtstyle
#14 333.8 -- Installing: /opt/darkroom/share/darktable/styles/darktable_Nikon_COOLPIX B700.dtstyle
#14 333.8 -- Installing: /opt/darkroom/share/darktable/styles/darktable_Nikon_COOLPIX P1000.dtstyle
#14 333.8 -- Installing: /opt/darkroom/share/darktable/styles/darktable_Nikon_COOLPIX P950.dtstyle
#14 333.8 -- Installing: /opt/darkroom/share/darktable/styles/darktable_Nikon_Coolpix A.dtstyle
#14 333.8 -- Installing: /opt/darkroom/share/darktable/styles/darktable_Nikon_Coolpix A1000.dtstyle
#14 333.8 -- Installing: /opt/darkroom/share/darktable/styles/darktable_Nikon_Coolpix P330.dtstyle
#14 333.8 -- Installing: /opt/darkroom/share/darktable/styles/darktable_Nikon_Coolpix P6000.dtstyle
#14 333.8 -- Installing: /opt/darkroom/share/darktable/styles/darktable_Nikon_Coolpix P7700.dtstyle
#14 333.8 -- Installing: /opt/darkroom/share/darktable/styles/darktable_Nikon_Coolpix P7800.dtstyle
#14 333.8 -- Installing: /opt/darkroom/share/darktable/styles/darktable_Nikon_D1.dtstyle
#14 333.8 -- Installing: /opt/darkroom/share/darktable/styles/darktable_Nikon_D100.dtstyle
#14 333.8 -- Installing: /opt/darkroom/share/darktable/styles/darktable_Nikon_D1H.dtstyle
#14 333.8 -- Installing: /opt/darkroom/share/darktable/styles/darktable_Nikon_D1X.dtstyle
#14 333.8 -- Installing: /opt/darkroom/share/darktable/styles/darktable_Nikon_D200.dtstyle
#14 333.8 -- Installing: /opt/darkroom/share/darktable/styles/darktable_Nikon_D2H.dtstyle
#14 333.8 -- Installing: /opt/darkroom/share/darktable/styles/darktable_Nikon_D2X.dtstyle
#14 333.8 -- Installing: /opt/darkroom/share/darktable/styles/darktable_Nikon_D3.dtstyle
#14 333.8 -- Installing: /opt/darkroom/share/darktable/styles/darktable_Nikon_D300.dtstyle
#14 333.8 -- Installing: /opt/darkroom/share/darktable/styles/darktable_Nikon_D3000 series.dtstyle
#14 333.8 -- Installing: /opt/darkroom/share/darktable/styles/darktable_Nikon_D300S.dtstyle
#14 333.8 -- Installing: /opt/darkroom/share/darktable/styles/darktable_Nikon_D3100.dtstyle
#14 333.8 -- Installing: /opt/darkroom/share/darktable/styles/darktable_Nikon_D3200.dtstyle
#14 333.8 -- Installing: /opt/darkroom/share/darktable/styles/darktable_Nikon_D3300.dtstyle
#14 333.8 -- Installing: /opt/darkroom/share/darktable/styles/darktable_Nikon_D3400.dtstyle
#14 333.8 -- Installing: /opt/darkroom/share/darktable/styles/darktable_Nikon_D3500.dtstyle
#14 333.8 -- Installing: /opt/darkroom/share/darktable/styles/darktable_Nikon_D3S.dtstyle
#14 333.8 -- Installing: /opt/darkroom/share/darktable/styles/darktable_Nikon_D3X.dtstyle
#14 333.8 -- Installing: /opt/darkroom/share/darktable/styles/darktable_Nikon_D4.dtstyle
#14 333.8 -- Installing: /opt/darkroom/share/darktable/styles/darktable_Nikon_D40.dtstyle
#14 333.8 -- Installing: /opt/darkroom/share/darktable/styles/darktable_Nikon_D40X.dtstyle
#14 333.8 -- Installing: /opt/darkroom/share/darktable/styles/darktable_Nikon_D4S.dtstyle
#14 333.8 -- Installing: /opt/darkroom/share/darktable/styles/darktable_Nikon_D5.dtstyle
#14 333.8 -- Installing: /opt/darkroom/share/darktable/styles/darktable_Nikon_D50.dtstyle
#14 333.8 -- Installing: /opt/darkroom/share/darktable/styles/darktable_Nikon_D500.dtstyle
#14 333.8 -- Installing: /opt/darkroom/share/darktable/styles/darktable_Nikon_D5000 series.dtstyle
#14 333.8 -- Installing: /opt/darkroom/share/darktable/styles/darktable_Nikon_D5100.dtstyle
#14 333.8 -- Installing: /opt/darkroom/share/darktable/styles/darktable_Nikon_D5200.dtstyle
#14 333.8 -- Installing: /opt/darkroom/share/darktable/styles/darktable_Nikon_D5500.dtstyle
#14 333.8 -- Installing: /opt/darkroom/share/darktable/styles/darktable_Nikon_D6.dtstyle
#14 333.8 -- Installing: /opt/darkroom/share/darktable/styles/darktable_Nikon_D60.dtstyle
#14 333.8 -- Installing: /opt/darkroom/share/darktable/styles/darktable_Nikon_D600.dtstyle
#14 333.8 -- Installing: /opt/darkroom/share/darktable/styles/darktable_Nikon_D610.dtstyle
#14 333.8 -- Installing: /opt/darkroom/share/darktable/styles/darktable_Nikon_D70.dtstyle
#14 333.8 -- Installing: /opt/darkroom/share/darktable/styles/darktable_Nikon_D700.dtstyle
#14 333.8 -- Installing: /opt/darkroom/share/darktable/styles/darktable_Nikon_D7000 series.dtstyle
#14 333.8 -- Installing: /opt/darkroom/share/darktable/styles/darktable_Nikon_D7000.dtstyle
#14 333.8 -- Installing: /opt/darkroom/share/darktable/styles/darktable_Nikon_D70s.dtstyle
#14 333.8 -- Installing: /opt/darkroom/share/darktable/styles/darktable_Nikon_D7200.dtstyle
#14 333.8 -- Installing: /opt/darkroom/share/darktable/styles/darktable_Nikon_D750.dtstyle
#14 333.8 -- Installing: /opt/darkroom/share/darktable/styles/darktable_Nikon_D7500.dtstyle
#14 333.8 -- Installing: /opt/darkroom/share/darktable/styles/darktable_Nikon_D780.dtstyle
#14 333.8 -- Installing: /opt/darkroom/share/darktable/styles/darktable_Nikon_D80.dtstyle
#14 333.8 -- Installing: /opt/darkroom/share/darktable/styles/darktable_Nikon_D800.dtstyle
#14 333.8 -- Installing: /opt/darkroom/share/darktable/styles/darktable_Nikon_D800E.dtstyle
#14 333.8 -- Installing: /opt/darkroom/share/darktable/styles/darktable_Nikon_D810.dtstyle
#14 333.8 -- Installing: /opt/darkroom/share/darktable/styles/darktable_Nikon_D850.dtstyle
#14 333.8 -- Installing: /opt/darkroom/share/darktable/styles/darktable_Nikon_D90.dtstyle
#14 333.8 -- Installing: /opt/darkroom/share/darktable/styles/darktable_Nikon_Df.dtstyle
#14 333.8 -- Installing: /opt/darkroom/share/darktable/styles/darktable_Nikon_E5400.dtstyle
#14 333.8 -- Installing: /opt/darkroom/share/darktable/styles/darktable_Nikon_E5700.dtstyle
#14 333.8 -- Installing: /opt/darkroom/share/darktable/styles/darktable_Nikon_Z 30.dtstyle
#14 333.8 -- Installing: /opt/darkroom/share/darktable/styles/darktable_Nikon_Z 5.dtstyle
#14 333.8 -- Installing: /opt/darkroom/share/darktable/styles/darktable_Nikon_Z 50.dtstyle
#14 333.8 -- Installing: /opt/darkroom/share/darktable/styles/darktable_Nikon_Z 6.dtstyle
#14 333.8 -- Installing: /opt/darkroom/share/darktable/styles/darktable_Nikon_Z 6_2.dtstyle
#14 333.8 -- Installing: /opt/darkroom/share/darktable/styles/darktable_Nikon_Z 7.dtstyle
#14 333.8 -- Installing: /opt/darkroom/share/darktable/styles/darktable_Nikon_Z 7_2.dtstyle
#14 333.8 -- Installing: /opt/darkroom/share/darktable/styles/darktable_Nikon_Z 8.dtstyle
#14 333.8 -- Installing: /opt/darkroom/share/darktable/styles/darktable_Nikon_Z 9.dtstyle
#14 333.8 -- Installing: /opt/darkroom/share/darktable/styles/darktable_Nikon_Z f.dtstyle
#14 333.8 -- Installing: /opt/darkroom/share/darktable/styles/darktable_Nikon_Z series.dtstyle
#14 333.8 -- Installing: /opt/darkroom/share/darktable/styles/darktable_Nikon_Z50_2.dtstyle
#14 333.8 -- Installing: /opt/darkroom/share/darktable/styles/darktable_Nikon_Z6_3.dtstyle
#14 333.8 -- Installing: /opt/darkroom/share/darktable/styles/darktable_Nikon__l10n_generic.dtstyle
#14 333.8 -- Installing: /opt/darkroom/share/darktable/styles/darktable_OM System_OM-1 Mark II.dtstyle
#14 333.8 -- Installing: /opt/darkroom/share/darktable/styles/darktable_OM System_OM-1.dtstyle
#14 333.8 -- Installing: /opt/darkroom/share/darktable/styles/darktable_OM System_OM-5.dtstyle
#14 333.8 -- Installing: /opt/darkroom/share/darktable/styles/darktable_OM System_TG-7.dtstyle
#14 333.8 -- Installing: /opt/darkroom/share/darktable/styles/darktable_Olympus_C7070WZ.dtstyle
#14 333.8 -- Installing: /opt/darkroom/share/darktable/styles/darktable_Olympus_E-1.dtstyle
#14 333.8 -- Installing: /opt/darkroom/share/darktable/styles/darktable_Olympus_E-3.dtstyle
#14 333.8 -- Installing: /opt/darkroom/share/darktable/styles/darktable_Olympus_E-300.dtstyle
#14 333.8 -- Installing: /opt/darkroom/share/darktable/styles/darktable_Olympus_E-330.dtstyle
#14 333.8 -- Installing: /opt/darkroom/share/darktable/styles/darktable_Olympus_E-400.dtstyle
#14 333.8 -- Installing: /opt/darkroom/share/darktable/styles/darktable_Olympus_E-5.dtstyle
#14 333.8 -- Installing: /opt/darkroom/share/darktable/styles/darktable_Olympus_E-500.dtstyle
#14 333.8 -- Installing: /opt/darkroom/share/darktable/styles/darktable_Olympus_E-620.dtstyle
#14 333.8 -- Installing: /opt/darkroom/share/darktable/styles/darktable_Olympus_E-M1.dtstyle
#14 333.8 -- Installing: /opt/darkroom/share/darktable/styles/darktable_Olympus_E-M10 Mark II.dtstyle
#14 333.8 -- Installing: /opt/darkroom/share/darktable/styles/darktable_Olympus_E-M10 Mark III.dtstyle
#14 333.8 -- Installing: /opt/darkroom/share/darktable/styles/darktable_Olympus_E-M10 Mark IIIs.dtstyle
#14 333.8 -- Installing: /opt/darkroom/share/darktable/styles/darktable_Olympus_E-M10 Mark IV.dtstyle
#14 333.8 -- Installing: /opt/darkroom/share/darktable/styles/darktable_Olympus_E-M10.dtstyle
#14 333.8 -- Installing: /opt/darkroom/share/darktable/styles/darktable_Olympus_E-M1MarkII.dtstyle
#14 333.8 -- Installing: /opt/darkroom/share/darktable/styles/darktable_Olympus_E-M1MarkIII.dtstyle
#14 333.8 -- Installing: /opt/darkroom/share/darktable/styles/darktable_Olympus_E-M1X.dtstyle
#14 333.8 -- Installing: /opt/darkroom/share/darktable/styles/darktable_Olympus_E-M5 Mark II.dtstyle
#14 333.8 -- Installing: /opt/darkroom/share/darktable/styles/darktable_Olympus_E-M5 Mark III.dtstyle
#14 333.8 -- Installing: /opt/darkroom/share/darktable/styles/darktable_Olympus_E-M5.dtstyle
#14 333.8 -- Installing: /opt/darkroom/share/darktable/styles/darktable_Olympus_E-P1.dtstyle
#14 333.8 -- Installing: /opt/darkroom/share/darktable/styles/darktable_Olympus_E-P5.dtstyle
#14 333.8 -- Installing: /opt/darkroom/share/darktable/styles/darktable_Olympus_E-P7.dtstyle
#14 333.8 -- Installing: /opt/darkroom/share/darktable/styles/darktable_Olympus_E-PL1.dtstyle
#14 333.8 -- Installing: /opt/darkroom/share/darktable/styles/darktable_Olympus_E-PL10.dtstyle
#14 333.8 -- Installing: /opt/darkroom/share/darktable/styles/darktable_Olympus_E-PL2.dtstyle
#14 333.8 -- Installing: /opt/darkroom/share/darktable/styles/darktable_Olympus_E-PL7.dtstyle
#14 333.8 -- Installing: /opt/darkroom/share/darktable/styles/darktable_Olympus_E-PL_ series.dtstyle
#14 333.8 -- Installing: /opt/darkroom/share/darktable/styles/darktable_Olympus_E-PM1.dtstyle
#14 333.8 -- Installing: /opt/darkroom/share/darktable/styles/darktable_Olympus_PEN-F.dtstyle
#14 333.8 -- Installing: /opt/darkroom/share/darktable/styles/darktable_Olympus_SH-2.dtstyle
#14 333.8 -- Installing: /opt/darkroom/share/darktable/styles/darktable_Olympus_Stylus1.dtstyle
#14 333.8 -- Installing: /opt/darkroom/share/darktable/styles/darktable_Olympus_TG-4.dtstyle
#14 333.8 -- Installing: /opt/darkroom/share/darktable/styles/darktable_Olympus_TG-5.dtstyle
#14 333.8 -- Installing: /opt/darkroom/share/darktable/styles/darktable_Olympus_TG-6.dtstyle
#14 333.8 -- Installing: /opt/darkroom/share/darktable/styles/darktable_Olympus_XZ-1.dtstyle
#14 333.8 -- Installing: /opt/darkroom/share/darktable/styles/darktable_Olympus_XZ-2.dtstyle
#14 333.8 -- Installing: /opt/darkroom/share/darktable/styles/darktable_OnePlus_One.dtstyle
#14 333.8 -- Installing: /opt/darkroom/share/darktable/styles/darktable_Panasonic_DC-FZ10002.dtstyle
#14 333.8 -- Installing: /opt/darkroom/share/darktable/styles/darktable_Panasonic_DC-FZ80.dtstyle
#14 333.8 -- Installing: /opt/darkroom/share/darktable/styles/darktable_Panasonic_DC-FZ82.dtstyle
#14 333.8 -- Installing: /opt/darkroom/share/darktable/styles/darktable_Panasonic_DC-G100.dtstyle
#14 333.8 -- Installing: /opt/darkroom/share/darktable/styles/darktable_Panasonic_DC-G110.dtstyle
#14 333.8 -- Installing: /opt/darkroom/share/darktable/styles/darktable_Panasonic_DC-G9.dtstyle
#14 333.8 -- Installing: /opt/darkroom/share/darktable/styles/darktable_Panasonic_DC-G90.dtstyle
#14 333.8 -- Installing: /opt/darkroom/share/darktable/styles/darktable_Panasonic_DC-G91.dtstyle
#14 333.8 -- Installing: /opt/darkroom/share/darktable/styles/darktable_Panasonic_DC-G95.dtstyle
#14 333.8 -- Installing: /opt/darkroom/share/darktable/styles/darktable_Panasonic_DC-G95D.dtstyle
#14 333.8 -- Installing: /opt/darkroom/share/darktable/styles/darktable_Panasonic_DC-GH5.dtstyle
#14 333.8 -- Installing: /opt/darkroom/share/darktable/styles/darktable_Panasonic_DC-GH5M2.dtstyle
#14 333.8 -- Installing: /opt/darkroom/share/darktable/styles/darktable_Panasonic_DC-GH5S.dtstyle
#14 333.8 -- Installing: /opt/darkroom/share/darktable/styles/darktable_Panasonic_DC-GX7MK3.dtstyle
#14 333.8 -- Installing: /opt/darkroom/share/darktable/styles/darktable_Panasonic_DC-GX800.dtstyle
#14 333.8 -- Installing: /opt/darkroom/share/darktable/styles/darktable_Panasonic_DC-GX850.dtstyle
#14 333.8 -- Installing: /opt/darkroom/share/darktable/styles/darktable_Panasonic_DC-GX880.dtstyle
#14 333.8 -- Installing: /opt/darkroom/share/darktable/styles/darktable_Panasonic_DC-GX9.dtstyle
#14 333.8 -- Installing: /opt/darkroom/share/darktable/styles/darktable_Panasonic_DC-LX100M2.dtstyle
#14 333.8 -- Installing: /opt/darkroom/share/darktable/styles/darktable_Panasonic_DC-S1.dtstyle
#14 333.9 -- Installing: /opt/darkroom/share/darktable/styles/darktable_Panasonic_DC-S1H.dtstyle
#14 333.9 -- Installing: /opt/darkroom/share/darktable/styles/darktable_Panasonic_DC-S1R.dtstyle
#14 333.9 -- Installing: /opt/darkroom/share/darktable/styles/darktable_Panasonic_DC-S5.dtstyle
#14 333.9 -- Installing: /opt/darkroom/share/darktable/styles/darktable_Panasonic_DC-TZ200.dtstyle
#14 333.9 -- Installing: /opt/darkroom/share/darktable/styles/darktable_Panasonic_DC-TZ200D.dtstyle
#14 333.9 -- Installing: /opt/darkroom/share/darktable/styles/darktable_Panasonic_DC-TZ202.dtstyle
#14 333.9 -- Installing: /opt/darkroom/share/darktable/styles/darktable_Panasonic_DC-TZ90.dtstyle
#14 333.9 -- Installing: /opt/darkroom/share/darktable/styles/darktable_Panasonic_DC-TZ91.dtstyle
#14 333.9 -- Installing: /opt/darkroom/share/darktable/styles/darktable_Panasonic_DC-TZ95.dtstyle
#14 333.9 -- Installing: /opt/darkroom/share/darktable/styles/darktable_Panasonic_DC-TZ95D.dtstyle
#14 333.9 -- Installing: /opt/darkroom/share/darktable/styles/darktable_Panasonic_DC-TZ96.dtstyle
#14 333.9 -- Installing: /opt/darkroom/share/darktable/styles/darktable_Panasonic_DC-ZS200D.dtstyle
#14 333.9 -- Installing: /opt/darkroom/share/darktable/styles/darktable_Panasonic_DMC-FZ100.dtstyle
#14 333.9 -- Installing: /opt/darkroom/share/darktable/styles/darktable_Panasonic_DMC-FZ1000.dtstyle
#14 333.9 -- Installing: /opt/darkroom/share/darktable/styles/darktable_Panasonic_DMC-FZ150.dtstyle
#14 333.9 -- Installing: /opt/darkroom/share/darktable/styles/darktable_Panasonic_DMC-FZ18.dtstyle
#14 333.9 -- Installing: /opt/darkroom/share/darktable/styles/darktable_Panasonic_DMC-FZ200.dtstyle
#14 333.9 -- Installing: /opt/darkroom/share/darktable/styles/darktable_Panasonic_DMC-FZ2000.dtstyle
#14 333.9 -- Installing: /opt/darkroom/share/darktable/styles/darktable_Panasonic_DMC-FZ2500.dtstyle
#14 333.9 -- Installing: /opt/darkroom/share/darktable/styles/darktable_Panasonic_DMC-FZ28.dtstyle
#14 333.9 -- Installing: /opt/darkroom/share/darktable/styles/darktable_Panasonic_DMC-FZ300.dtstyle
#14 333.9 -- Installing: /opt/darkroom/share/darktable/styles/darktable_Panasonic_DMC-FZ330.dtstyle
#14 333.9 -- Installing: /opt/darkroom/share/darktable/styles/darktable_Panasonic_DMC-FZ35.dtstyle
#14 333.9 -- Installing: /opt/darkroom/share/darktable/styles/darktable_Panasonic_DMC-FZ38.dtstyle
#14 333.9 -- Installing: /opt/darkroom/share/darktable/styles/darktable_Panasonic_DMC-FZ45.dtstyle
#14 333.9 -- Installing: /opt/darkroom/share/darktable/styles/darktable_Panasonic_DMC-G1.dtstyle
#14 333.9 -- Installing: /opt/darkroom/share/darktable/styles/darktable_Panasonic_DMC-G10.dtstyle
#14 333.9 -- Installing: /opt/darkroom/share/darktable/styles/darktable_Panasonic_DMC-G2.dtstyle
#14 333.9 -- Installing: /opt/darkroom/share/darktable/styles/darktable_Panasonic_DMC-G3.dtstyle
#14 333.9 -- Installing: /opt/darkroom/share/darktable/styles/darktable_Panasonic_DMC-G5.dtstyle
#14 333.9 -- Installing: /opt/darkroom/share/darktable/styles/darktable_Panasonic_DMC-G6.dtstyle
#14 333.9 -- Installing: /opt/darkroom/share/darktable/styles/darktable_Panasonic_DMC-G7.dtstyle
#14 333.9 -- Installing: /opt/darkroom/share/darktable/styles/darktable_Panasonic_DMC-G70.dtstyle
#14 333.9 -- Installing: /opt/darkroom/share/darktable/styles/darktable_Panasonic_DMC-G80.dtstyle
#14 333.9 -- Installing: /opt/darkroom/share/darktable/styles/darktable_Panasonic_DMC-G81.dtstyle
#14 333.9 -- Installing: /opt/darkroom/share/darktable/styles/darktable_Panasonic_DMC-G85.dtstyle
#14 333.9 -- Installing: /opt/darkroom/share/darktable/styles/darktable_Panasonic_DMC-GF1.dtstyle
#14 333.9 -- Installing: /opt/darkroom/share/darktable/styles/darktable_Panasonic_DMC-GF2.dtstyle
#14 333.9 -- Installing: /opt/darkroom/share/darktable/styles/darktable_Panasonic_DMC-GF3.dtstyle
#14 333.9 -- Installing: /opt/darkroom/share/darktable/styles/darktable_Panasonic_DMC-GF6.dtstyle
#14 333.9 -- Installing: /opt/darkroom/share/darktable/styles/darktable_Panasonic_DMC-GF7.dtstyle
#14 333.9 -- Installing: /opt/darkroom/share/darktable/styles/darktable_Panasonic_DMC-GF8.dtstyle
#14 333.9 -- Installing: /opt/darkroom/share/darktable/styles/darktable_Panasonic_DMC-GH1.dtstyle
#14 333.9 -- Installing: /opt/darkroom/share/darktable/styles/darktable_Panasonic_DMC-GH2.dtstyle
#14 333.9 -- Installing: /opt/darkroom/share/darktable/styles/darktable_Panasonic_DMC-GH3.dtstyle
#14 333.9 -- Installing: /opt/darkroom/share/darktable/styles/darktable_Panasonic_DMC-GH4.dtstyle
#14 333.9 -- Installing: /opt/darkroom/share/darktable/styles/darktable_Panasonic_DMC-GM1.dtstyle
#14 333.9 -- Installing: /opt/darkroom/share/darktable/styles/darktable_Panasonic_DMC-GM1S.dtstyle
#14 333.9 -- Installing: /opt/darkroom/share/darktable/styles/darktable_Panasonic_DMC-GX1.dtstyle
#14 333.9 -- Installing: /opt/darkroom/share/darktable/styles/darktable_Panasonic_DMC-GX7.dtstyle
#14 333.9 -- Installing: /opt/darkroom/share/darktable/styles/darktable_Panasonic_DMC-GX7MK2.dtstyle
#14 333.9 -- Installing: /opt/darkroom/share/darktable/styles/darktable_Panasonic_DMC-GX8.dtstyle
#14 333.9 -- Installing: /opt/darkroom/share/darktable/styles/darktable_Panasonic_DMC-GX80.dtstyle
#14 333.9 -- Installing: /opt/darkroom/share/darktable/styles/darktable_Panasonic_DMC-GX85.dtstyle
#14 333.9 -- Installing: /opt/darkroom/share/darktable/styles/darktable_Panasonic_DMC-LF1.dtstyle
#14 333.9 -- Installing: /opt/darkroom/share/darktable/styles/darktable_Panasonic_DMC-LX10.dtstyle
#14 333.9 -- Installing: /opt/darkroom/share/darktable/styles/darktable_Panasonic_DMC-LX100.dtstyle
#14 333.9 -- Installing: /opt/darkroom/share/darktable/styles/darktable_Panasonic_DMC-LX15.dtstyle
#14 333.9 -- Installing: /opt/darkroom/share/darktable/styles/darktable_Panasonic_DMC-LX3.dtstyle
#14 333.9 -- Installing: /opt/darkroom/share/darktable/styles/darktable_Panasonic_DMC-LX5.dtstyle
#14 333.9 -- Installing: /opt/darkroom/share/darktable/styles/darktable_Panasonic_DMC-LX7.dtstyle
#14 333.9 -- Installing: /opt/darkroom/share/darktable/styles/darktable_Panasonic_DMC-TX1.dtstyle
#14 333.9 -- Installing: /opt/darkroom/share/darktable/styles/darktable_Panasonic_DMC-TZ100.dtstyle
#14 333.9 -- Installing: /opt/darkroom/share/darktable/styles/darktable_Panasonic_DMC-TZ101.dtstyle
#14 333.9 -- Installing: /opt/darkroom/share/darktable/styles/darktable_Panasonic_DMC-TZ110.dtstyle
#14 333.9 -- Installing: /opt/darkroom/share/darktable/styles/darktable_Panasonic_DMC-TZ61.dtstyle
#14 333.9 -- Installing: /opt/darkroom/share/darktable/styles/darktable_Panasonic_DMC-TZ70.dtstyle
#14 333.9 -- Installing: /opt/darkroom/share/darktable/styles/darktable_Panasonic_DMC-TZ71.dtstyle
#14 333.9 -- Installing: /opt/darkroom/share/darktable/styles/darktable_Panasonic_DMC-TZ80.dtstyle
#14 333.9 -- Installing: /opt/darkroom/share/darktable/styles/darktable_Panasonic_DMC-TZ81.dtstyle
#14 333.9 -- Installing: /opt/darkroom/share/darktable/styles/darktable_Panasonic_DMC-ZS100.dtstyle
#14 333.9 -- Installing: /opt/darkroom/share/darktable/styles/darktable_Panasonic_DMC-ZS40.dtstyle
#14 333.9 -- Installing: /opt/darkroom/share/darktable/styles/darktable_Panasonic_DMC-ZS60.dtstyle
#14 333.9 -- Installing: /opt/darkroom/share/darktable/styles/darktable_Pentax_645D.dtstyle
#14 333.9 -- Installing: /opt/darkroom/share/darktable/styles/darktable_Pentax_645Z.dtstyle
#14 333.9 -- Installing: /opt/darkroom/share/darktable/styles/darktable_Pentax_K-01.dtstyle
#14 333.9 -- Installing: /opt/darkroom/share/darktable/styles/darktable_Pentax_K-1 Mark II.dtstyle
#14 333.9 -- Installing: /opt/darkroom/share/darktable/styles/darktable_Pentax_K-1.dtstyle
#14 333.9 -- Installing: /opt/darkroom/share/darktable/styles/darktable_Pentax_K-3 II.dtstyle
#14 333.9 -- Installing: /opt/darkroom/share/darktable/styles/darktable_Pentax_K-3 Mark III.dtstyle
#14 333.9 -- Installing: /opt/darkroom/share/darktable/styles/darktable_Pentax_K-3.dtstyle
#14 333.9 -- Installing: /opt/darkroom/share/darktable/styles/darktable_Pentax_K-30.dtstyle
#14 333.9 -- Installing: /opt/darkroom/share/darktable/styles/darktable_Pentax_K-5 II s.dtstyle
#14 333.9 -- Installing: /opt/darkroom/share/darktable/styles/darktable_Pentax_K-5 II.dtstyle
#14 333.9 -- Installing: /opt/darkroom/share/darktable/styles/darktable_Pentax_K-5.dtstyle
#14 333.9 -- Installing: /opt/darkroom/share/darktable/styles/darktable_Pentax_K-50.dtstyle
#14 333.9 -- Installing: /opt/darkroom/share/darktable/styles/darktable_Pentax_K-500.dtstyle
#14 333.9 -- Installing: /opt/darkroom/share/darktable/styles/darktable_Pentax_K-S1.dtstyle
#14 333.9 -- Installing: /opt/darkroom/share/darktable/styles/darktable_Pentax_K-S2.dtstyle
#14 333.9 -- Installing: /opt/darkroom/share/darktable/styles/darktable_Pentax_K-m.dtstyle
#14 333.9 -- Installing: /opt/darkroom/share/darktable/styles/darktable_Pentax_K-r.dtstyle
#14 333.9 -- Installing: /opt/darkroom/share/darktable/styles/darktable_Pentax_K1000.dtstyle
#14 333.9 -- Installing: /opt/darkroom/share/darktable/styles/darktable_Pentax_K100D Super.dtstyle
#14 333.9 -- Installing: /opt/darkroom/share/darktable/styles/darktable_Pentax_K10D.dtstyle
#14 333.9 -- Installing: /opt/darkroom/share/darktable/styles/darktable_Pentax_K110D.dtstyle
#14 333.9 -- Installing: /opt/darkroom/share/darktable/styles/darktable_Pentax_K2000.dtstyle
#14 333.9 -- Installing: /opt/darkroom/share/darktable/styles/darktable_Pentax_K200D.dtstyle
#14 333.9 -- Installing: /opt/darkroom/share/darktable/styles/darktable_Pentax_K20D.dtstyle
#14 333.9 -- Installing: /opt/darkroom/share/darktable/styles/darktable_Pentax_KF.dtstyle
#14 333.9 -- Installing: /opt/darkroom/share/darktable/styles/darktable_Pentax_KP.dtstyle
#14 333.9 -- Installing: /opt/darkroom/share/darktable/styles/darktable_Pentax_Q.dtstyle
#14 333.9 -- Installing: /opt/darkroom/share/darktable/styles/darktable_Pentax_Q7.dtstyle
#14 333.9 -- Installing: /opt/darkroom/share/darktable/styles/darktable_Pentax__ist D.dtstyle
#14 333.9 -- Installing: /opt/darkroom/share/darktable/styles/darktable_Pentax__ist DL.dtstyle
#14 333.9 -- Installing: /opt/darkroom/share/darktable/styles/darktable_Pentax__ist DS.dtstyle
#14 333.9 -- Installing: /opt/darkroom/share/darktable/styles/darktable_Phase One_IQ180.dtstyle
#14 333.9 -- Installing: /opt/darkroom/share/darktable/styles/darktable_Phase One_P65+.dtstyle
#14 333.9 -- Installing: /opt/darkroom/share/darktable/styles/darktable_Samsung_EK-GN120.dtstyle
#14 333.9 -- Installing: /opt/darkroom/share/darktable/styles/darktable_Samsung_EX2F.dtstyle
#14 333.9 -- Installing: /opt/darkroom/share/darktable/styles/darktable_Samsung_G935F.dtstyle
#14 333.9 -- Installing: /opt/darkroom/share/darktable/styles/darktable_Samsung_GX10.dtstyle
#14 333.9 -- Installing: /opt/darkroom/share/darktable/styles/darktable_Samsung_NX mini.dtstyle
#14 333.9 -- Installing: /opt/darkroom/share/darktable/styles/darktable_Samsung_NX1.dtstyle
#14 333.9 -- Installing: /opt/darkroom/share/darktable/styles/darktable_Samsung_NX10.dtstyle
#14 333.9 -- Installing: /opt/darkroom/share/darktable/styles/darktable_Samsung_NX11.dtstyle
#14 333.9 -- Installing: /opt/darkroom/share/darktable/styles/darktable_Samsung_NX1100.dtstyle
#14 333.9 -- Installing: /opt/darkroom/share/darktable/styles/darktable_Samsung_NX20.dtstyle
#14 333.9 -- Installing: /opt/darkroom/share/darktable/styles/darktable_Samsung_NX200.dtstyle
#14 333.9 -- Installing: /opt/darkroom/share/darktable/styles/darktable_Samsung_NX2000.dtstyle
#14 333.9 -- Installing: /opt/darkroom/share/darktable/styles/darktable_Samsung_NX210.dtstyle
#14 333.9 -- Installing: /opt/darkroom/share/darktable/styles/darktable_Samsung_NX30.dtstyle
#14 333.9 -- Installing: /opt/darkroom/share/darktable/styles/darktable_Samsung_NX300.dtstyle
#14 333.9 -- Installing: /opt/darkroom/share/darktable/styles/darktable_Samsung_NX3000.dtstyle
#14 333.9 -- Installing: /opt/darkroom/share/darktable/styles/darktable_Samsung_NX300M.dtstyle
#14 333.9 -- Installing: /opt/darkroom/share/darktable/styles/darktable_Samsung_NX3300.dtstyle
#14 333.9 -- Installing: /opt/darkroom/share/darktable/styles/darktable_Samsung_NX5.dtstyle
#14 333.9 -- Installing: /opt/darkroom/share/darktable/styles/darktable_Samsung_NX500.dtstyle
#14 333.9 -- Installing: /opt/darkroom/share/darktable/styles/darktable_Samsung_WB2000.dtstyle
#14 333.9 -- Installing: /opt/darkroom/share/darktable/styles/darktable_Sigma_fp L.dtstyle
#14 333.9 -- Installing: /opt/darkroom/share/darktable/styles/darktable_Sigma_fp.dtstyle
#14 333.9 -- Installing: /opt/darkroom/share/darktable/styles/darktable_Sony_DSC-F828.dtstyle
#14 333.9 -- Installing: /opt/darkroom/share/darktable/styles/darktable_Sony_DSC-HX95.dtstyle
#14 333.9 -- Installing: /opt/darkroom/share/darktable/styles/darktable_Sony_DSC-HX99.dtstyle
#14 333.9 -- Installing: /opt/darkroom/share/darktable/styles/darktable_Sony_DSC-R1.dtstyle
#14 333.9 -- Installing: /opt/darkroom/share/darktable/styles/darktable_Sony_DSC-RX0.dtstyle
#14 333.9 -- Installing: /opt/darkroom/share/darktable/styles/darktable_Sony_DSC-RX0M2.dtstyle
#14 333.9 -- Installing: /opt/darkroom/share/darktable/styles/darktable_Sony_DSC-RX1.dtstyle
#14 333.9 -- Installing: /opt/darkroom/share/darktable/styles/darktable_Sony_DSC-RX10.dtstyle
#14 333.9 -- Installing: /opt/darkroom/share/darktable/styles/darktable_Sony_DSC-RX100.dtstyle
#14 333.9 -- Installing: /opt/darkroom/share/darktable/styles/darktable_Sony_DSC-RX100M2.dtstyle
#14 333.9 -- Installing: /opt/darkroom/share/darktable/styles/darktable_Sony_DSC-RX100M3.dtstyle
#14 333.9 -- Installing: /opt/darkroom/share/darktable/styles/darktable_Sony_DSC-RX100M4.dtstyle
#14 333.9 -- Installing: /opt/darkroom/share/darktable/styles/darktable_Sony_DSC-RX100M5.dtstyle
#14 333.9 -- Installing: /opt/darkroom/share/darktable/styles/darktable_Sony_DSC-RX100M5A.dtstyle
#14 333.9 -- Installing: /opt/darkroom/share/darktable/styles/darktable_Sony_DSC-RX100M6.dtstyle
#14 333.9 -- Installing: /opt/darkroom/share/darktable/styles/darktable_Sony_DSC-RX100M7.dtstyle
#14 333.9 -- Installing: /opt/darkroom/share/darktable/styles/darktable_Sony_DSC-RX10M2.dtstyle
#14 333.9 -- Installing: /opt/darkroom/share/darktable/styles/darktable_Sony_DSC-RX10M3.dtstyle
#14 333.9 -- Installing: /opt/darkroom/share/darktable/styles/darktable_Sony_DSC-RX10M4.dtstyle
#14 333.9 -- Installing: /opt/darkroom/share/darktable/styles/darktable_Sony_DSC-RX1R.dtstyle
#14 333.9 -- Installing: /opt/darkroom/share/darktable/styles/darktable_Sony_DSC-RX1RM2.dtstyle
#14 333.9 -- Installing: /opt/darkroom/share/darktable/styles/darktable_Sony_DSLR-A100.dtstyle
#14 333.9 -- Installing: /opt/darkroom/share/darktable/styles/darktable_Sony_DSLR-A200.dtstyle
#14 333.9 -- Installing: /opt/darkroom/share/darktable/styles/darktable_Sony_DSLR-A230.dtstyle
#14 333.9 -- Installing: /opt/darkroom/share/darktable/styles/darktable_Sony_DSLR-A290.dtstyle
#14 333.9 -- Installing: /opt/darkroom/share/darktable/styles/darktable_Sony_DSLR-A300.dtstyle
#14 333.9 -- Installing: /opt/darkroom/share/darktable/styles/darktable_Sony_DSLR-A330.dtstyle
#14 333.9 -- Installing: /opt/darkroom/share/darktable/styles/darktable_Sony_DSLR-A350.dtstyle
#14 333.9 -- Installing: /opt/darkroom/share/darktable/styles/darktable_Sony_DSLR-A380.dtstyle
#14 333.9 -- Installing: /opt/darkroom/share/darktable/styles/darktable_Sony_DSLR-A390.dtstyle
#14 333.9 -- Installing: /opt/darkroom/share/darktable/styles/darktable_Sony_DSLR-A450.dtstyle
#14 333.9 -- Installing: /opt/darkroom/share/darktable/styles/darktable_Sony_DSLR-A500.dtstyle
#14 333.9 -- Installing: /opt/darkroom/share/darktable/styles/darktable_Sony_DSLR-A550.dtstyle
#14 333.9 -- Installing: /opt/darkroom/share/darktable/styles/darktable_Sony_DSLR-A560.dtstyle
#14 333.9 -- Installing: /opt/darkroom/share/darktable/styles/darktable_Sony_DSLR-A580.dtstyle
#14 333.9 -- Installing: /opt/darkroom/share/darktable/styles/darktable_Sony_DSLR-A700.dtstyle
#14 333.9 -- Installing: /opt/darkroom/share/darktable/styles/darktable_Sony_DSLR-A850.dtstyle
#14 333.9 -- Installing: /opt/darkroom/share/darktable/styles/darktable_Sony_DSLR-A900.dtstyle
#14 333.9 -- Installing: /opt/darkroom/share/darktable/styles/darktable_Sony_ILCA-68.dtstyle
#14 333.9 -- Installing: /opt/darkroom/share/darktable/styles/darktable_Sony_ILCA-77M2.dtstyle
#14 333.9 -- Installing: /opt/darkroom/share/darktable/styles/darktable_Sony_ILCA-99M2.dtstyle
#14 333.9 -- Installing: /opt/darkroom/share/darktable/styles/darktable_Sony_ILCE-1.dtstyle
#14 333.9 -- Installing: /opt/darkroom/share/darktable/styles/darktable_Sony_ILCE-3000.dtstyle
#14 333.9 -- Installing: /opt/darkroom/share/darktable/styles/darktable_Sony_ILCE-3500.dtstyle
#14 333.9 -- Installing: /opt/darkroom/share/darktable/styles/darktable_Sony_ILCE-5000.dtstyle
#14 333.9 -- Installing: /opt/darkroom/share/darktable/styles/darktable_Sony_ILCE-5100.dtstyle
#14 333.9 -- Installing: /opt/darkroom/share/darktable/styles/darktable_Sony_ILCE-6000.dtstyle
#14 333.9 -- Installing: /opt/darkroom/share/darktable/styles/darktable_Sony_ILCE-6100.dtstyle
#14 333.9 -- Installing: /opt/darkroom/share/darktable/styles/darktable_Sony_ILCE-6300.dtstyle
#14 333.9 -- Installing: /opt/darkroom/share/darktable/styles/darktable_Sony_ILCE-6400.dtstyle
#14 333.9 -- Installing: /opt/darkroom/share/darktable/styles/darktable_Sony_ILCE-6500.dtstyle
#14 333.9 -- Installing: /opt/darkroom/share/darktable/styles/darktable_Sony_ILCE-6600.dtstyle
#14 333.9 -- Installing: /opt/darkroom/share/darktable/styles/darktable_Sony_ILCE-6700.dtstyle
#14 333.9 -- Installing: /opt/darkroom/share/darktable/styles/darktable_Sony_ILCE-7.dtstyle
#14 333.9 -- Installing: /opt/darkroom/share/darktable/styles/darktable_Sony_ILCE-7C.dtstyle
#14 333.9 -- Installing: /opt/darkroom/share/darktable/styles/darktable_Sony_ILCE-7CM2.dtstyle
#14 333.9 -- Installing: /opt/darkroom/share/darktable/styles/darktable_Sony_ILCE-7CR.dtstyle
#14 333.9 -- Installing: /opt/darkroom/share/darktable/styles/darktable_Sony_ILCE-7M2.dtstyle
#14 333.9 -- Installing: /opt/darkroom/share/darktable/styles/darktable_Sony_ILCE-7M3.dtstyle
#14 333.9 -- Installing: /opt/darkroom/share/darktable/styles/darktable_Sony_ILCE-7M4.dtstyle
#14 333.9 -- Installing: /opt/darkroom/share/darktable/styles/darktable_Sony_ILCE-7R.dtstyle
#14 333.9 -- Installing: /opt/darkroom/share/darktable/styles/darktable_Sony_ILCE-7RM2.dtstyle
#14 333.9 -- Installing: /opt/darkroom/share/darktable/styles/darktable_Sony_ILCE-7RM3.dtstyle
#14 333.9 -- Installing: /opt/darkroom/share/darktable/styles/darktable_Sony_ILCE-7RM4.dtstyle
#14 333.9 -- Installing: /opt/darkroom/share/darktable/styles/darktable_Sony_ILCE-7RM4A.dtstyle
#14 333.9 -- Installing: /opt/darkroom/share/darktable/styles/darktable_Sony_ILCE-7RM5.dtstyle
#14 333.9 -- Installing: /opt/darkroom/share/darktable/styles/darktable_Sony_ILCE-7S.dtstyle
#14 333.9 -- Installing: /opt/darkroom/share/darktable/styles/darktable_Sony_ILCE-7SM2.dtstyle
#14 333.9 -- Installing: /opt/darkroom/share/darktable/styles/darktable_Sony_ILCE-7SM3.dtstyle
#14 333.9 -- Installing: /opt/darkroom/share/darktable/styles/darktable_Sony_ILCE-9 series.dtstyle
#14 333.9 -- Installing: /opt/darkroom/share/darktable/styles/darktable_Sony_ILCE-9.dtstyle
#14 333.9 -- Installing: /opt/darkroom/share/darktable/styles/darktable_Sony_ILCE-9M3.dtstyle
#14 333.9 -- Installing: /opt/darkroom/share/darktable/styles/darktable_Sony_ILCE-QX1.dtstyle
#14 333.9 -- Installing: /opt/darkroom/share/darktable/styles/darktable_Sony_ILME-FX3.dtstyle
#14 333.9 -- Installing: /opt/darkroom/share/darktable/styles/darktable_Sony_ILME-FX30.dtstyle
#14 333.9 -- Installing: /opt/darkroom/share/darktable/styles/darktable_Sony_NEX-3N.dtstyle
#14 333.9 -- Installing: /opt/darkroom/share/darktable/styles/darktable_Sony_NEX-5.dtstyle
#14 333.9 -- Installing: /opt/darkroom/share/darktable/styles/darktable_Sony_NEX-5N.dtstyle
#14 333.9 -- Installing: /opt/darkroom/share/darktable/styles/darktable_Sony_NEX-5R.dtstyle
#14 333.9 -- Installing: /opt/darkroom/share/darktable/styles/darktable_Sony_NEX-5T.dtstyle
#14 333.9 -- Installing: /opt/darkroom/share/darktable/styles/darktable_Sony_NEX-6.dtstyle
#14 333.9 -- Installing: /opt/darkroom/share/darktable/styles/darktable_Sony_NEX-C3.dtstyle
#14 333.9 -- Installing: /opt/darkroom/share/darktable/styles/darktable_Sony_NEX-F3.dtstyle
#14 333.9 -- Installing: /opt/darkroom/share/darktable/styles/darktable_Sony_SLT-A33.dtstyle
#14 333.9 -- Installing: /opt/darkroom/share/darktable/styles/darktable_Sony_SLT-A35.dtstyle
#14 333.9 -- Installing: /opt/darkroom/share/darktable/styles/darktable_Sony_SLT-A37.dtstyle
#14 333.9 -- Installing: /opt/darkroom/share/darktable/styles/darktable_Sony_SLT-A55.dtstyle
#14 333.9 -- Installing: /opt/darkroom/share/darktable/styles/darktable_Sony_SLT-A57.dtstyle
#14 333.9 -- Installing: /opt/darkroom/share/darktable/styles/darktable_Sony_SLT-A58.dtstyle
#14 333.9 -- Installing: /opt/darkroom/share/darktable/styles/darktable_Sony_SLT-A65.dtstyle
#14 333.9 -- Installing: /opt/darkroom/share/darktable/styles/darktable_Sony_SLT-A77.dtstyle
#14 333.9 -- Installing: /opt/darkroom/share/darktable/styles/darktable_Sony_SLT-A99.dtstyle
#14 333.9 -- Installing: /opt/darkroom/share/darktable/styles/darktable_Sony_UMC-R10C.dtstyle
#14 333.9 -- Installing: /opt/darkroom/share/darktable/styles/darktable_Sony_ZV-1.dtstyle
#14 333.9 -- Installing: /opt/darkroom/share/darktable/styles/darktable_Sony_ZV-E1.dtstyle
#14 333.9 -- Installing: /opt/darkroom/share/darktable/styles/darktable_Sony_ZV-E10.dtstyle
#14 333.9 -- Installing: /opt/darkroom/share/darktable/styles/darktable__l10n_generic.dtstyle
#14 333.9 -- Installing: /opt/darkroom/share/darktable/styles/examples_colors_autumn.dtstyle
#14 333.9 -- Installing: /opt/darkroom/share/darktable/styles/examples_colors_blue LED lighting fix (strong).dtstyle
#14 333.9 -- Installing: /opt/darkroom/share/darktable/styles/examples_colors_blue LED lighting fix.dtstyle
#14 333.9 -- Installing: /opt/darkroom/share/darktable/styles/examples_colors_extreme saturation.dtstyle
#14 333.9 -- Installing: /opt/darkroom/share/darktable/styles/examples_colors_faded.dtstyle
#14 333.9 -- Installing: /opt/darkroom/share/darktable/styles/examples_colors_pastels.dtstyle
#14 333.9 -- Installing: /opt/darkroom/share/darktable/styles/examples_colors_sepia.dtstyle
#14 333.9 -- Installing: /opt/darkroom/share/darktable/styles/examples_contrast and sharpness_dehaze (strong, luminance only).dtstyle
#14 333.9 -- Installing: /opt/darkroom/share/darktable/styles/examples_contrast and sharpness_extreme local contrast.dtstyle
#14 333.9 -- Installing: /opt/darkroom/share/darktable/styles/examples_contrast and sharpness_sharpen finest details.dtstyle
#14 333.9 -- Installing: /opt/darkroom/share/darktable/styles/examples_effects_4-up on US Letter paper.dtstyle
#14 333.9 -- Installing: /opt/darkroom/share/darktable/styles/examples_effects_day for night.dtstyle
#14 333.9 -- Installing: /opt/darkroom/share/darktable/styles/examples_effects_day for twilight.dtstyle
#14 333.9 -- Installing: /opt/darkroom/share/darktable/styles/examples_effects_fog.dtstyle
#14 333.9 -- Installing: /opt/darkroom/share/darktable/styles/examples_effects_motion blur.dtstyle
#14 333.9 -- Installing: /opt/darkroom/share/darktable/styles/examples_effects_red-eye reduction.dtstyle
#14 333.9 -- Installing: /opt/darkroom/share/darktable/styles/examples_spot color_blue.dtstyle
#14 333.9 -- Installing: /opt/darkroom/share/darktable/styles/examples_spot color_cyan.dtstyle
#14 333.9 -- Installing: /opt/darkroom/share/darktable/styles/examples_spot color_green.dtstyle
#14 333.9 -- Installing: /opt/darkroom/share/darktable/styles/examples_spot color_magenta.dtstyle
#14 333.9 -- Installing: /opt/darkroom/share/darktable/styles/examples_spot color_orange.dtstyle
#14 333.9 -- Installing: /opt/darkroom/share/darktable/styles/examples_spot color_purple.dtstyle
#14 333.9 -- Installing: /opt/darkroom/share/darktable/styles/examples_spot color_red.dtstyle
#14 333.9 -- Installing: /opt/darkroom/share/darktable/styles/examples_spot color_yellow.dtstyle
#14 333.9 -- Installing: /opt/darkroom/share/darktable/kernels/agx.cl
#14 333.9 -- Installing: /opt/darkroom/share/darktable/kernels/atrous.cl
#14 333.9 -- Installing: /opt/darkroom/share/darktable/kernels/basecurve.cl
#14 333.9 -- Installing: /opt/darkroom/share/darktable/kernels/basic.cl
#14 333.9 -- Installing: /opt/darkroom/share/darktable/kernels/basicadj.cl
#14 333.9 -- Installing: /opt/darkroom/share/darktable/kernels/bilateral.cl
#14 333.9 -- Installing: /opt/darkroom/share/darktable/kernels/blendop.cl
#14 333.9 -- Installing: /opt/darkroom/share/darktable/kernels/bloom.cl
#14 333.9 -- Installing: /opt/darkroom/share/darktable/kernels/blurs.cl
#14 333.9 -- Installing: /opt/darkroom/share/darktable/kernels/bspline.cl
#14 333.9 -- Installing: /opt/darkroom/share/darktable/kernels/capture.cl
#14 333.9 -- Installing: /opt/darkroom/share/darktable/kernels/channelmixer.cl
#14 333.9 -- Installing: /opt/darkroom/share/darktable/kernels/colorequal.cl
#14 333.9 -- Installing: /opt/darkroom/share/darktable/kernels/colorharmonizer.cl
#14 333.9 -- Installing: /opt/darkroom/share/darktable/kernels/colorreconstruction.cl
#14 333.9 -- Installing: /opt/darkroom/share/darktable/kernels/colorspaces.cl
#14 333.9 -- Installing: /opt/darkroom/share/darktable/kernels/demosaic_markesteijn.cl
#14 333.9 -- Installing: /opt/darkroom/share/darktable/kernels/demosaic_other.cl
#14 333.9 -- Installing: /opt/darkroom/share/darktable/kernels/demosaic_ppg.cl
#14 333.9 -- Installing: /opt/darkroom/share/darktable/kernels/demosaic_rcd.cl
#14 333.9 -- Installing: /opt/darkroom/share/darktable/kernels/demosaic_vng.cl
#14 333.9 -- Installing: /opt/darkroom/share/darktable/kernels/denoiseprofile.cl
#14 333.9 -- Installing: /opt/darkroom/share/darktable/kernels/diffuse.cl
#14 333.9 -- Installing: /opt/darkroom/share/darktable/kernels/dwt.cl
#14 333.9 -- Installing: /opt/darkroom/share/darktable/kernels/extended.cl
#14 333.9 -- Installing: /opt/darkroom/share/darktable/kernels/filmic.cl
#14 333.9 -- Installing: /opt/darkroom/share/darktable/kernels/gaussian.cl
#14 333.9 -- Installing: /opt/darkroom/share/darktable/kernels/guided_filter.cl
#14 333.9 -- Installing: /opt/darkroom/share/darktable/kernels/hazeremoval.cl
#14 333.9 -- Installing: /opt/darkroom/share/darktable/kernels/highpass.cl
#14 333.9 -- Installing: /opt/darkroom/share/darktable/kernels/liquify.cl
#14 333.9 -- Installing: /opt/darkroom/share/darktable/kernels/locallaplacian.cl
#14 333.9 -- Installing: /opt/darkroom/share/darktable/kernels/lut3d.cl
#14 333.9 -- Installing: /opt/darkroom/share/darktable/kernels/negadoctor.cl
#14 333.9 -- Installing: /opt/darkroom/share/darktable/kernels/nlmeans.cl
#14 333.9 -- Installing: /opt/darkroom/share/darktable/kernels/overlay.cl
#14 333.9 -- Installing: /opt/darkroom/share/darktable/kernels/retouch.cl
#14 333.9 -- Installing: /opt/darkroom/share/darktable/kernels/rgbcurve.cl
#14 333.9 -- Installing: /opt/darkroom/share/darktable/kernels/rgblevels.cl
#14 333.9 -- Installing: /opt/darkroom/share/darktable/kernels/sharpen.cl
#14 333.9 -- Installing: /opt/darkroom/share/darktable/kernels/sigmoid.cl
#14 333.9 -- Installing: /opt/darkroom/share/darktable/kernels/soften.cl
#14 333.9 -- Installing: /opt/darkroom/share/darktable/kernels/color_conversion.h
#14 333.9 -- Installing: /opt/darkroom/share/darktable/kernels/colorspace.h
#14 333.9 -- Installing: /opt/darkroom/share/darktable/kernels/common.h
#14 333.9 -- Installing: /opt/darkroom/share/darktable/kernels/noise_generator.h
#14 333.9 -- Installing: /opt/darkroom/share/darktable/kernels/programs.conf
#14 333.9 -- Installing: /opt/darkroom/share/darktable/kernels/rgb_norms.h
#14 333.9 -- Installing: /opt/darkroom/share/darktable/themes/chunk-condensed.css
#14 333.9 -- Installing: /opt/darkroom/share/darktable/themes/chunk-fonts.css
#14 333.9 -- Installing: /opt/darkroom/share/darktable/themes/darktable-elegant-dark.css
#14 333.9 -- Installing: /opt/darkroom/share/darktable/themes/darktable-elegant-darker.css
#14 333.9 -- Installing: /opt/darkroom/share/darktable/themes/darktable-elegant-grey.css
#14 333.9 -- Installing: /opt/darkroom/share/darktable/themes/darktable-elegant-highcontrast.css
#14 333.9 -- Installing: /opt/darkroom/share/darktable/themes/darktable-icons-dark.css
#14 333.9 -- Installing: /opt/darkroom/share/darktable/themes/darktable-icons-darker.css
#14 333.9 -- Installing: /opt/darkroom/share/darktable/themes/darktable-icons-grey.css
#14 333.9 -- Installing: /opt/darkroom/share/darktable/themes/darktable-icons-highcontrast.css
#14 333.9 -- Installing: /opt/darkroom/share/darktable/themes/darktable-icons.css
#14 333.9 -- Installing: /opt/darkroom/share/darktable/themes/darktable.css
#14 333.9 -- Installing: /opt/darkroom/share/darktable/style/bullet.gif
#14 333.9 -- Installing: /opt/darkroom/share/darktable/style/close.gif
#14 333.9 -- Installing: /opt/darkroom/share/darktable/style/closelabel.gif
#14 333.9 -- Installing: /opt/darkroom/share/darktable/style/donate-button.gif
#14 333.9 -- Installing: /opt/darkroom/share/darktable/style/download-icon.gif
#14 333.9 -- Installing: /opt/darkroom/share/darktable/style/favicon.ico
#14 333.9 -- Installing: /opt/darkroom/share/darktable/style/image-1.jpg
#14 333.9 -- Installing: /opt/darkroom/share/darktable/style/lightbox.css
#14 333.9 -- Installing: /opt/darkroom/share/darktable/style/loading.gif
#14 333.9 -- Installing: /opt/darkroom/share/darktable/style/nextlabel.gif
#14 333.9 -- Installing: /opt/darkroom/share/darktable/style/prevlabel.gif
#14 333.9 -- Installing: /opt/darkroom/share/darktable/style/style.css
#14 333.9 -- Installing: /opt/darkroom/share/darktable/style/thumb-1.jpg
#14 333.9 -- Installing: /opt/darkroom/share/darktable/pswp
#14 333.9 -- Installing: /opt/darkroom/share/darktable/pswp/photoswipe.css
#14 333.9 -- Installing: /opt/darkroom/share/darktable/pswp/default-skin
#14 333.9 -- Installing: /opt/darkroom/share/darktable/pswp/default-skin/default-skin.png
#14 333.9 -- Installing: /opt/darkroom/share/darktable/pswp/default-skin/preloader.gif
#14 333.9 -- Installing: /opt/darkroom/share/darktable/pswp/default-skin/default-skin.svg
#14 333.9 -- Installing: /opt/darkroom/share/darktable/pswp/default-skin/default-skin.css
#14 333.9 -- Installing: /opt/darkroom/share/darktable/pswp/LICENSE
#14 333.9 -- Installing: /opt/darkroom/share/darktable/pswp/photoswipe.min.js
#14 333.9 -- Installing: /opt/darkroom/share/darktable/pswp/photoswipe-ui-default.js
#14 333.9 -- Installing: /opt/darkroom/share/darktable/pswp/photoswipe-ui-default.min.js
#14 333.9 -- Installing: /opt/darkroom/share/darktable/pswp/photoswipe.js
#14 333.9 -- Installing: /opt/darkroom/share/darktable/latex/photobook.cls
#14 333.9 -- Installing: /opt/darkroom/share/darktable/lua
#14 333.9 -- Installing: /opt/darkroom/share/darktable/lua/darktable
#14 333.9 -- Installing: /opt/darkroom/share/darktable/lua/darktable/debug.lua
#14 333.9 -- Installing: /opt/darkroom/share/darktable/luarc
#14 333.9 -- Installing: /opt/darkroom/share/applications/org.darktable.darktable.desktop
#14 333.9 -- Installing: /opt/darkroom/share/metainfo/org.darktable.darktable.appdata.xml
#14 333.9 -- Installing: /opt/darkroom/share/darktable/watermarks/darktable.svg
#14 333.9 -- Installing: /opt/darkroom/share/darktable/watermarks/fixed-size-text.svg
#14 333.9 -- Installing: /opt/darkroom/share/darktable/watermarks/hasselblad.svg
#14 333.9 -- Installing: /opt/darkroom/share/darktable/watermarks/metadata-template.svg
#14 333.9 -- Installing: /opt/darkroom/share/darktable/watermarks/promo.svg
#14 333.9 -- Installing: /opt/darkroom/share/darktable/watermarks/simple-text-shadow.svg
#14 333.9 -- Installing: /opt/darkroom/share/darktable/watermarks/simple-text.svg
#14 333.9 -- Installing: /opt/darkroom/share/darktable/gdb_commands
#14 333.9 -- Installing: /opt/darkroom/share/darktable/shortcutsrc
#14 333.9 -- Installing: /opt/darkroom/share/darktable/shortcutsrc.de
#14 333.9 -- Installing: /opt/darkroom/share/darktable/noiseprofiles.json
#14 333.9 -- Installing: /opt/darkroom/share/darktable/wb_presets.json
#14 333.9 -- Installing: /opt/darkroom/share/darktable/print_layouts
#14 333.9 -- Installing: /opt/darkroom/share/darktable/print_layouts/contact-sheet-4x5.json
#14 333.9 -- Installing: /opt/darkroom/share/darktable/print_layouts/triptych.json
#14 333.9 -- Installing: /opt/darkroom/share/darktable/print_layouts/grid-2x3.json
#14 333.9 -- Installing: /opt/darkroom/share/darktable/print_layouts/single-fullpage.json
#14 334.0 -- Installing: /opt/darkroom/share/darktable/print_layouts/photo-book-page.json
#14 334.0 -- Installing: /opt/darkroom/share/darktable/darktablerc
#14 334.0 -- Installing: /opt/darkroom/share/darktable/darktable.bash
#14 334.0 -- Installing: /opt/darkroom/share/doc/darktable/AUTHORS
#14 334.0 -- Installing: /opt/darkroom/share/doc/darktable/LICENSE
#14 334.0 -- Installing: /opt/darkroom/share/man/man1/darktable.1
#14 334.0 -- Installing: /opt/darkroom/share/man/man1/darktable-cli.1
#14 334.0 -- Installing: /opt/darkroom/share/man/man1/darktable-generate-cache.1
#14 334.0 -- Installing: /opt/darkroom/share/man/man1/darktable-cltest.1
#14 334.0 -- Installing: /opt/darkroom/share/man/man1/darktable-cmstest.1
#14 334.0 -- Installing: /opt/darkroom/share/man/de/man1/darktable.1
#14 334.0 -- Installing: /opt/darkroom/share/man/de/man1/darktable-cli.1
#14 334.0 -- Installing: /opt/darkroom/share/man/de/man1/darktable-generate-cache.1
#14 334.0 -- Installing: /opt/darkroom/share/man/de/man1/darktable-cltest.1
#14 334.0 -- Installing: /opt/darkroom/share/man/de/man1/darktable-cmstest.1
#14 334.0 -- Installing: /opt/darkroom/share/man/fr/man1/darktable.1
#14 334.0 -- Installing: /opt/darkroom/share/man/fr/man1/darktable-cli.1
#14 334.0 -- Installing: /opt/darkroom/share/man/fr/man1/darktable-generate-cache.1
#14 334.0 -- Installing: /opt/darkroom/share/man/fr/man1/darktable-cltest.1
#14 334.0 -- Installing: /opt/darkroom/share/man/fr/man1/darktable-cmstest.1
#14 334.0 -- Installing: /opt/darkroom/share/man/es/man1/darktable.1
#14 334.0 -- Installing: /opt/darkroom/share/man/es/man1/darktable-cli.1
#14 334.0 -- Installing: /opt/darkroom/share/man/es/man1/darktable-generate-cache.1
#14 334.0 -- Installing: /opt/darkroom/share/man/es/man1/darktable-cltest.1
#14 334.0 -- Installing: /opt/darkroom/share/man/es/man1/darktable-cmstest.1
#14 334.0 -- Installing: /opt/darkroom/share/darktable/tools/common.sh
#14 334.0 -- Installing: /opt/darkroom/share/darktable/tools/extract_wb_from_images.sh
#14 334.0 -- Installing: /opt/darkroom/share/darktable/tools/purge_from_cache.sh
#14 334.0 -- Installing: /opt/darkroom/share/darktable/tools/purge_non_existing_images.sh
#14 334.0 -- Installing: /opt/darkroom/share/darktable/tools/purge_unused_tags.sh
#14 DONE 334.9s

#15 [runtime 3/8] COPY --from=builder /opt/darkroom /opt/darkroom
#15 DONE 1.2s

#16 [runtime 4/8] RUN ln -s /opt/darkroom/bin/darktable /usr/local/bin/darkroom     && ln -s /opt/darkroom/bin/darktable-cli /usr/local/bin/darkroom-cli     && ldconfig
#16 DONE 0.8s

#17 [runtime 5/8] COPY docker/cont-init-darkroom.sh /etc/cont-init.d/50-darkroom-dirs
#17 DONE 0.3s

#18 [runtime 6/8] RUN chmod +x /etc/cont-init.d/50-darkroom-dirs
#18 DONE 0.4s

#19 [runtime 7/8] COPY docker/kasmvnc-autostart.sh /defaults/autostart
#19 DONE 0.2s

#20 [runtime 8/8] RUN chmod +x /defaults/autostart
#20 DONE 0.5s

#21 exporting to image
#21 exporting layers
#21 exporting layers 13.5s done
#21 writing image sha256:ec1411ae91a642ae6700de933c5dce367435ead58b7ee0a56f579e9f5dbd475f done
#21 naming to docker.io/library/darkroom:latest 0.0s done
#21 DONE 13.5s

#22 resolving provenance for metadata file
#22 DONE 0.0s
 Image darkroom:latest Built 
